pulled_at,id,commence_time,home_team,away_team,bookmaker,market,outcome,price,point
2026-08-28T01:34:27Z,8c94552d022acec4a0458d70c19d3da9,2026-09-10T00:15:00Z,Seattle Seahawks,New England Patriots,draftkings,spreads,New England Patriots,-115,3.5
2026-08-28T01:34:27Z,8c94552d022acec4a0458d70c19d3da9,2026-09-10T00:15:00Z,Seattle Seahawks,New England Patriots,draftkings,spreads,Seattle Seahawks,-105,-3.5
2026-08-28T01:34:27Z,8c94552d022acec4a0458d70c19d3da9,2026-09-10T00:15:00Z,Seattle Seahawks,New England Patriots,draftkings,totals,Over,-110,44.5
2026-08-28T01:34:27Z,8c94552d022acec4a0458d70c19d3da9,2026-09-10T00:15:00Z,Seattle Seahawks,New England Patriots,draftkings,totals,Under,-110,44.5
2026-08-28T01:34:27Z,8c94552d022acec4a0458d70c19d3da9,2026-09-10T00:15:00Z,Seattle Seahawks,New England Patriots,betus,spreads,New England Patriots,-110,3.5
2026-08-28T01:34:27Z,8c94552d022acec4a0458d70c19d3da9,2026-09-10T00:15:00Z,Seattle Seahawks,New England Patriots,betus,spreads,Seattle Seahawks,-110,-3.5
2026-08-28T01:34:27Z,8c94552d022acec4a0458d70c19d3da9,2026-09-10T00:15:00Z,Seattle Seahawks,New England Patriots,betus,totals,Over,-110,44.0
2026-08-28T01:34:27Z,8c94552d022acec4a0458d70c19d3da9,2026-09-10T00:15:00Z,Seattle Seahawks,New England Patriots,betus,totals,Under,-110,44.0
2026-08-28T01:34:27Z,8c94552d022acec4a0458d70c19d3da9,2026-09-10T00:15:00Z,Seattle Seahawks,New England Patriots,fanduel,spreads,New England Patriots,-108,3.5
2026-08-28T01:34:27Z,8c94552d022acec4a0458d70c19d3da9,2026-09-10T00:15:00Z,Seattle Seahawks,New England Patriots,fanduel,spreads,Seattle Seahawks,-112,-3.5
2026-08-28T01:34:27Z,8c94552d022acec4a0458d70c19d3da9,2026-09-10T00:15:00Z,Seattle Seahawks,New England Patriots,fanduel,totals,Over,-110,44.5
2026-08-28T01:34:27Z,8c94552d022acec4a0458d70c19d3da9,2026-09-10T00:15:00Z,Seattle Seahawks,New England Patriots,fanduel,totals,Under,-110,44.5
2026-08-28T01:34:27Z,8c94552d022acec4a0458d70c19d3da9,2026-09-10T00:15:00Z,Seattle Seahawks,New England Patriots,lowvig,spreads,New England Patriots,-105,3.5
2026-08-28T01:34:27Z,8c94552d022acec4a0458d70c19d3da9,2026-09-10T00:15:00Z,Seattle Seahawks,New England Patriots,lowvig,spreads,Seattle Seahawks,-105,-3.5
2026-08-28T01:34:27Z,8c94552d022acec4a0458d70c19d3da9,2026-09-10T00:15:00Z,Seattle Seahawks,New England Patriots,lowvig,totals,Over,-113,43.5
2026-08-28T01:34:27Z,8c94552d022acec4a0458d70c19d3da9,2026-09-10T00:15:00Z,Seattle Seahawks,New England Patriots,lowvig,totals,Under,-102,43.5
2026-08-28T01:34:27Z,8c94552d022acec4a0458d70c19d3da9,2026-09-10T00:15:00Z,Seattle Seahawks,New England Patriots,betonlineag,spreads,New England Patriots,-110,3.5
2026-08-28T01:34:27Z,8c94552d022acec4a0458d70c19d3da9,2026-09-10T00:15:00Z,Seattle Seahawks,New England Patriots,betonlineag,spreads,Seattle Seahawks,-110,-3.5
2026-08-28T01:34:27Z,8c94552d022acec4a0458d70c19d3da9,2026-09-10T00:15:00Z,Seattle Seahawks,New England Patriots,betonlineag,totals,Over,-115,43.5
2026-08-28T01:34:27Z,8c94552d022acec4a0458d70c19d3da9,2026-09-10T00:15:00Z,Seattle Seahawks,New England Patriots,betonlineag,totals,Under,-105,43.5
2026-08-28T01:34:27Z,8c94552d022acec4a0458d70c19d3da9,2026-09-10T00:15:00Z,Seattle Seahawks,New England Patriots,betrivers,spreads,New England Patriots,-110,3.5
2026-08-28T01:34:27Z,8c94552d022acec4a0458d70c19d3da9,2026-09-10T00:15:00Z,Seattle Seahawks,New England Patriots,betrivers,spreads,Seattle Seahawks,-110,-3.5
2026-08-28T01:34:27Z,8c94552d022acec4a0458d70c19d3da9,2026-09-10T00:15:00Z,Seattle Seahawks,New England Patriots,betrivers,totals,Over,-108,44.5
2026-08-28T01:34:27Z,8c94552d022acec4a0458d70c19d3da9,2026-09-10T00:15:00Z,Seattle Seahawks,New England Patriots,betrivers,totals,Under,-113,44.5
2026-08-28T01:34:27Z,8c94552d022acec4a0458d70c19d3da9,2026-09-10T00:15:00Z,Seattle Seahawks,New England Patriots,betmgm,spreads,New England Patriots,-108,3.5
2026-08-28T01:34:27Z,8c94552d022acec4a0458d70c19d3da9,2026-09-10T00:15:00Z,Seattle Seahawks,New England Patriots,betmgm,spreads,Seattle Seahawks,-110,-3.5
2026-08-28T01:34:27Z,8c94552d022acec4a0458d70c19d3da9,2026-09-10T00:15:00Z,Seattle Seahawks,New England Patriots,betmgm,totals,Over,-110,44.5
2026-08-28T01:34:27Z,8c94552d022acec4a0458d70c19d3da9,2026-09-10T00:15:00Z,Seattle Seahawks,New England Patriots,betmgm,totals,Under,-108,44.5
2026-08-28T01:34:27Z,8c94552d022acec4a0458d70c19d3da9,2026-09-10T00:15:00Z,Seattle Seahawks,New England Patriots,bovada,spreads,New England Patriots,-110,3.5
2026-08-28T01:34:27Z,8c94552d022acec4a0458d70c19d3da9,2026-09-10T00:15:00Z,Seattle Seahawks,New England Patriots,bovada,spreads,Seattle Seahawks,-110,-3.5
2026-08-28T01:34:27Z,8c94552d022acec4a0458d70c19d3da9,2026-09-10T00:15:00Z,Seattle Seahawks,New England Patriots,bovada,totals,Over,-105,44.5
2026-08-28T01:34:27Z,8c94552d022acec4a0458d70c19d3da9,2026-09-10T00:15:00Z,Seattle Seahawks,New England Patriots,bovada,totals,Under,-115,44.5
2026-08-28T01:34:27Z,8c94552d022acec4a0458d70c19d3da9,2026-09-10T00:15:00Z,Seattle Seahawks,New England Patriots,mybookieag,spreads,New England Patriots,-110,3.5
2026-08-28T01:34:27Z,8c94552d022acec4a0458d70c19d3da9,2026-09-10T00:15:00Z,Seattle Seahawks,New England Patriots,mybookieag,spreads,Seattle Seahawks,-110,-3.5
2026-08-28T01:34:27Z,8c94552d022acec4a0458d70c19d3da9,2026-09-10T00:15:00Z,Seattle Seahawks,New England Patriots,mybookieag,totals,Over,-110,44.0
2026-08-28T01:34:27Z,8c94552d022acec4a0458d70c19d3da9,2026-09-10T00:15:00Z,Seattle Seahawks,New England Patriots,mybookieag,totals,Under,-110,44.0
2026-08-28T01:34:27Z,acc580d74344ea3b31bbcdd057fe6a9c,2026-09-11T00:35:00Z,Los Angeles Rams,San Francisco 49ers,draftkings,spreads,Los Angeles Rams,-105,-3.5
2026-08-28T01:34:27Z,acc580d74344ea3b31bbcdd057fe6a9c,2026-09-11T00:35:00Z,Los Angeles Rams,San Francisco 49ers,draftkings,spreads,San Francisco 49ers,-115,3.5
2026-08-28T01:34:27Z,acc580d74344ea3b31bbcdd057fe6a9c,2026-09-11T00:35:00Z,Los Angeles Rams,San Francisco 49ers,draftkings,totals,Over,-108,48.5
2026-08-28T01:34:27Z,acc580d74344ea3b31bbcdd057fe6a9c,2026-09-11T00:35:00Z,Los Angeles Rams,San Francisco 49ers,draftkings,totals,Under,-112,48.5
2026-08-28T01:34:27Z,acc580d74344ea3b31bbcdd057fe6a9c,2026-09-11T00:35:00Z,Los Angeles Rams,San Francisco 49ers,betmgm,spreads,Los Angeles Rams,-108,-3.5
2026-08-28T01:34:27Z,acc580d74344ea3b31bbcdd057fe6a9c,2026-09-11T00:35:00Z,Los Angeles Rams,San Francisco 49ers,betmgm,spreads,San Francisco 49ers,-110,3.5
2026-08-28T01:34:27Z,acc580d74344ea3b31bbcdd057fe6a9c,2026-09-11T00:35:00Z,Los Angeles Rams,San Francisco 49ers,betmgm,totals,Over,-110,48.5
2026-08-28T01:34:27Z,acc580d74344ea3b31bbcdd057fe6a9c,2026-09-11T00:35:00Z,Los Angeles Rams,San Francisco 49ers,betmgm,totals,Under,-108,48.5
2026-08-28T01:34:27Z,acc580d74344ea3b31bbcdd057fe6a9c,2026-09-11T00:35:00Z,Los Angeles Rams,San Francisco 49ers,fanduel,spreads,Los Angeles Rams,-115,-3.5
2026-08-28T01:34:27Z,acc580d74344ea3b31bbcdd057fe6a9c,2026-09-11T00:35:00Z,Los Angeles Rams,San Francisco 49ers,fanduel,spreads,San Francisco 49ers,-105,3.5
2026-08-28T01:34:27Z,acc580d74344ea3b31bbcdd057fe6a9c,2026-09-11T00:35:00Z,Los Angeles Rams,San Francisco 49ers,fanduel,totals,Over,-110,48.5
2026-08-28T01:34:27Z,acc580d74344ea3b31bbcdd057fe6a9c,2026-09-11T00:35:00Z,Los Angeles Rams,San Francisco 49ers,fanduel,totals,Under,-110,48.5
2026-08-28T01:34:27Z,acc580d74344ea3b31bbcdd057fe6a9c,2026-09-11T00:35:00Z,Los Angeles Rams,San Francisco 49ers,betonlineag,spreads,Los Angeles Rams,100,-4.0
2026-08-28T01:34:27Z,acc580d74344ea3b31bbcdd057fe6a9c,2026-09-11T00:35:00Z,Los Angeles Rams,San Francisco 49ers,betonlineag,spreads,San Francisco 49ers,-120,4.0
2026-08-28T01:34:27Z,acc580d74344ea3b31bbcdd057fe6a9c,2026-09-11T00:35:00Z,Los Angeles Rams,San Francisco 49ers,betonlineag,totals,Over,-110,48.0
2026-08-28T01:34:27Z,acc580d74344ea3b31bbcdd057fe6a9c,2026-09-11T00:35:00Z,Los Angeles Rams,San Francisco 49ers,betonlineag,totals,Under,-110,48.0
2026-08-28T01:34:27Z,acc580d74344ea3b31bbcdd057fe6a9c,2026-09-11T00:35:00Z,Los Angeles Rams,San Francisco 49ers,lowvig,spreads,Los Angeles Rams,105,-4.0
2026-08-28T01:34:27Z,acc580d74344ea3b31bbcdd057fe6a9c,2026-09-11T00:35:00Z,Los Angeles Rams,San Francisco 49ers,lowvig,spreads,San Francisco 49ers,-116,4.0
2026-08-28T01:34:27Z,acc580d74344ea3b31bbcdd057fe6a9c,2026-09-11T00:35:00Z,Los Angeles Rams,San Francisco 49ers,lowvig,totals,Over,-107,48.0
2026-08-28T01:34:27Z,acc580d74344ea3b31bbcdd057fe6a9c,2026-09-11T00:35:00Z,Los Angeles Rams,San Francisco 49ers,lowvig,totals,Under,-107,48.0
2026-08-28T01:34:27Z,acc580d74344ea3b31bbcdd057fe6a9c,2026-09-11T00:35:00Z,Los Angeles Rams,San Francisco 49ers,betrivers,spreads,Los Angeles Rams,-109,-3.5
2026-08-28T01:34:27Z,acc580d74344ea3b31bbcdd057fe6a9c,2026-09-11T00:35:00Z,Los Angeles Rams,San Francisco 49ers,betrivers,spreads,San Francisco 49ers,-112,3.5
2026-08-28T01:34:27Z,acc580d74344ea3b31bbcdd057fe6a9c,2026-09-11T00:35:00Z,Los Angeles Rams,San Francisco 49ers,betrivers,totals,Over,-110,48.5
2026-08-28T01:34:27Z,acc580d74344ea3b31bbcdd057fe6a9c,2026-09-11T00:35:00Z,Los Angeles Rams,San Francisco 49ers,betrivers,totals,Under,-110,48.5
2026-08-28T01:34:27Z,acc580d74344ea3b31bbcdd057fe6a9c,2026-09-11T00:35:00Z,Los Angeles Rams,San Francisco 49ers,bovada,spreads,Los Angeles Rams,-110,-3.5
2026-08-28T01:34:27Z,acc580d74344ea3b31bbcdd057fe6a9c,2026-09-11T00:35:00Z,Los Angeles Rams,San Francisco 49ers,bovada,spreads,San Francisco 49ers,-110,3.5
2026-08-28T01:34:27Z,acc580d74344ea3b31bbcdd057fe6a9c,2026-09-11T00:35:00Z,Los Angeles Rams,San Francisco 49ers,bovada,totals,Over,-105,48.5
2026-08-28T01:34:27Z,acc580d74344ea3b31bbcdd057fe6a9c,2026-09-11T00:35:00Z,Los Angeles Rams,San Francisco 49ers,bovada,totals,Under,-115,48.5
2026-08-28T01:34:27Z,acc580d74344ea3b31bbcdd057fe6a9c,2026-09-11T00:35:00Z,Los Angeles Rams,San Francisco 49ers,betus,spreads,Los Angeles Rams,100,-4.0
2026-08-28T01:34:27Z,acc580d74344ea3b31bbcdd057fe6a9c,2026-09-11T00:35:00Z,Los Angeles Rams,San Francisco 49ers,betus,spreads,San Francisco 49ers,-120,4.0
2026-08-28T01:34:27Z,acc580d74344ea3b31bbcdd057fe6a9c,2026-09-11T00:35:00Z,Los Angeles Rams,San Francisco 49ers,betus,totals,Over,-110,48.0
2026-08-28T01:34:27Z,acc580d74344ea3b31bbcdd057fe6a9c,2026-09-11T00:35:00Z,Los Angeles Rams,San Francisco 49ers,betus,totals,Under,-110,48.0
2026-08-28T01:34:27Z,acc580d74344ea3b31bbcdd057fe6a9c,2026-09-11T00:35:00Z,Los Angeles Rams,San Francisco 49ers,mybookieag,totals,Over,-110,48.0
2026-08-28T01:34:27Z,acc580d74344ea3b31bbcdd057fe6a9c,2026-09-11T00:35:00Z,Los Angeles Rams,San Francisco 49ers,mybookieag,totals,Under,-110,48.0
2026-08-28T01:34:27Z,95c01d1bb797d6df14824b106c5a9130,2026-09-13T17:00:00Z,Pittsburgh Steelers,Atlanta Falcons,draftkings,spreads,Atlanta Falcons,100,3.0
2026-08-28T01:34:27Z,95c01d1bb797d6df14824b106c5a9130,2026-09-13T17:00:00Z,Pittsburgh Steelers,Atlanta Falcons,draftkings,spreads,Pittsburgh Steelers,-120,-3.0
2026-08-28T01:34:27Z,95c01d1bb797d6df14824b106c5a9130,2026-09-13T17:00:00Z,Pittsburgh Steelers,Atlanta Falcons,draftkings,totals,Over,-115,41.5
2026-08-28T01:34:27Z,95c01d1bb797d6df14824b106c5a9130,2026-09-13T17:00:00Z,Pittsburgh Steelers,Atlanta Falcons,draftkings,totals,Under,-105,41.5
2026-08-28T01:34:27Z,95c01d1bb797d6df14824b106c5a9130,2026-09-13T17:00:00Z,Pittsburgh Steelers,Atlanta Falcons,betrivers,spreads,Atlanta Falcons,-110,3.0
2026-08-28T01:34:27Z,95c01d1bb797d6df14824b106c5a9130,2026-09-13T17:00:00Z,Pittsburgh Steelers,Atlanta Falcons,betrivers,spreads,Pittsburgh Steelers,-110,-3.0
2026-08-28T01:34:27Z,95c01d1bb797d6df14824b106c5a9130,2026-09-13T17:00:00Z,Pittsburgh Steelers,Atlanta Falcons,betrivers,totals,Over,-112,41.5
2026-08-28T01:34:27Z,95c01d1bb797d6df14824b106c5a9130,2026-09-13T17:00:00Z,Pittsburgh Steelers,Atlanta Falcons,betrivers,totals,Under,-109,41.5
2026-08-28T01:34:27Z,95c01d1bb797d6df14824b106c5a9130,2026-09-13T17:00:00Z,Pittsburgh Steelers,Atlanta Falcons,betonlineag,spreads,Atlanta Falcons,-105,3.0
2026-08-28T01:34:27Z,95c01d1bb797d6df14824b106c5a9130,2026-09-13T17:00:00Z,Pittsburgh Steelers,Atlanta Falcons,betonlineag,spreads,Pittsburgh Steelers,-115,-3.0
2026-08-28T01:34:27Z,95c01d1bb797d6df14824b106c5a9130,2026-09-13T17:00:00Z,Pittsburgh Steelers,Atlanta Falcons,betonlineag,totals,Over,-110,42.5
2026-08-28T01:34:27Z,95c01d1bb797d6df14824b106c5a9130,2026-09-13T17:00:00Z,Pittsburgh Steelers,Atlanta Falcons,betonlineag,totals,Under,-110,42.5
2026-08-28T01:34:27Z,95c01d1bb797d6df14824b106c5a9130,2026-09-13T17:00:00Z,Pittsburgh Steelers,Atlanta Falcons,fanduel,spreads,Atlanta Falcons,-105,3.0
2026-08-28T01:34:27Z,95c01d1bb797d6df14824b106c5a9130,2026-09-13T17:00:00Z,Pittsburgh Steelers,Atlanta Falcons,fanduel,spreads,Pittsburgh Steelers,-115,-3.0
2026-08-28T01:34:27Z,95c01d1bb797d6df14824b106c5a9130,2026-09-13T17:00:00Z,Pittsburgh Steelers,Atlanta Falcons,fanduel,totals,Over,-108,42.5
2026-08-28T01:34:27Z,95c01d1bb797d6df14824b106c5a9130,2026-09-13T17:00:00Z,Pittsburgh Steelers,Atlanta Falcons,fanduel,totals,Under,-112,42.5
2026-08-28T01:34:27Z,95c01d1bb797d6df14824b106c5a9130,2026-09-13T17:00:00Z,Pittsburgh Steelers,Atlanta Falcons,lowvig,spreads,Atlanta Falcons,100,3.0
2026-08-28T01:34:27Z,95c01d1bb797d6df14824b106c5a9130,2026-09-13T17:00:00Z,Pittsburgh Steelers,Atlanta Falcons,lowvig,spreads,Pittsburgh Steelers,-110,-3.0
2026-08-28T01:34:27Z,95c01d1bb797d6df14824b106c5a9130,2026-09-13T17:00:00Z,Pittsburgh Steelers,Atlanta Falcons,lowvig,totals,Over,-107,42.5
2026-08-28T01:34:27Z,95c01d1bb797d6df14824b106c5a9130,2026-09-13T17:00:00Z,Pittsburgh Steelers,Atlanta Falcons,lowvig,totals,Under,-107,42.5
2026-08-28T01:34:27Z,95c01d1bb797d6df14824b106c5a9130,2026-09-13T17:00:00Z,Pittsburgh Steelers,Atlanta Falcons,betus,spreads,Atlanta Falcons,-105,3.0
2026-08-28T01:34:27Z,95c01d1bb797d6df14824b106c5a9130,2026-09-13T17:00:00Z,Pittsburgh Steelers,Atlanta Falcons,betus,spreads,Pittsburgh Steelers,-115,-3.0
2026-08-28T01:34:27Z,95c01d1bb797d6df14824b106c5a9130,2026-09-13T17:00:00Z,Pittsburgh Steelers,Atlanta Falcons,betus,totals,Over,-110,42.5
2026-08-28T01:34:27Z,95c01d1bb797d6df14824b106c5a9130,2026-09-13T17:00:00Z,Pittsburgh Steelers,Atlanta Falcons,betus,totals,Under,-110,42.5
2026-08-28T01:34:27Z,95c01d1bb797d6df14824b106c5a9130,2026-09-13T17:00:00Z,Pittsburgh Steelers,Atlanta Falcons,betmgm,spreads,Atlanta Falcons,-105,3.0
2026-08-28T01:34:27Z,95c01d1bb797d6df14824b106c5a9130,2026-09-13T17:00:00Z,Pittsburgh Steelers,Atlanta Falcons,betmgm,spreads,Pittsburgh Steelers,-115,-3.0
2026-08-28T01:34:27Z,95c01d1bb797d6df14824b106c5a9130,2026-09-13T17:00:00Z,Pittsburgh Steelers,Atlanta Falcons,betmgm,totals,Over,-110,42.5
2026-08-28T01:34:27Z,95c01d1bb797d6df14824b106c5a9130,2026-09-13T17:00:00Z,Pittsburgh Steelers,Atlanta Falcons,betmgm,totals,Under,-108,42.5
2026-08-28T01:34:27Z,95c01d1bb797d6df14824b106c5a9130,2026-09-13T17:00:00Z,Pittsburgh Steelers,Atlanta Falcons,bovada,spreads,Atlanta Falcons,100,3.0
2026-08-28T01:34:27Z,95c01d1bb797d6df14824b106c5a9130,2026-09-13T17:00:00Z,Pittsburgh Steelers,Atlanta Falcons,bovada,spreads,Pittsburgh Steelers,-120,-3.0
2026-08-28T01:34:27Z,95c01d1bb797d6df14824b106c5a9130,2026-09-13T17:00:00Z,Pittsburgh Steelers,Atlanta Falcons,bovada,totals,Over,-105,42.5
2026-08-28T01:34:27Z,95c01d1bb797d6df14824b106c5a9130,2026-09-13T17:00:00Z,Pittsburgh Steelers,Atlanta Falcons,bovada,totals,Under,-115,42.5
2026-08-28T01:34:27Z,95c01d1bb797d6df14824b106c5a9130,2026-09-13T17:00:00Z,Pittsburgh Steelers,Atlanta Falcons,mybookieag,spreads,Atlanta Falcons,-110,3.0
2026-08-28T01:34:27Z,95c01d1bb797d6df14824b106c5a9130,2026-09-13T17:00:00Z,Pittsburgh Steelers,Atlanta Falcons,mybookieag,spreads,Pittsburgh Steelers,-110,-3.0
2026-08-28T01:34:27Z,95c01d1bb797d6df14824b106c5a9130,2026-09-13T17:00:00Z,Pittsburgh Steelers,Atlanta Falcons,mybookieag,totals,Over,-110,42.5
2026-08-28T01:34:27Z,95c01d1bb797d6df14824b106c5a9130,2026-09-13T17:00:00Z,Pittsburgh Steelers,Atlanta Falcons,mybookieag,totals,Under,-110,42.5
2026-08-28T01:34:27Z,b6cfdcbafa61ce220ba87dc2d9b80c77,2026-09-13T17:00:00Z,Indianapolis Colts,Baltimore Ravens,draftkings,spreads,Baltimore Ravens,-108,-3.5
2026-08-28T01:34:27Z,b6cfdcbafa61ce220ba87dc2d9b80c77,2026-09-13T17:00:00Z,Indianapolis Colts,Baltimore Ravens,draftkings,spreads,Indianapolis Colts,-112,3.5
2026-08-28T01:34:27Z,b6cfdcbafa61ce220ba87dc2d9b80c77,2026-09-13T17:00:00Z,Indianapolis Colts,Baltimore Ravens,draftkings,totals,Over,-110,48.5
2026-08-28T01:34:27Z,b6cfdcbafa61ce220ba87dc2d9b80c77,2026-09-13T17:00:00Z,Indianapolis Colts,Baltimore Ravens,draftkings,totals,Under,-110,48.5
2026-08-28T01:34:27Z,b6cfdcbafa61ce220ba87dc2d9b80c77,2026-09-13T17:00:00Z,Indianapolis Colts,Baltimore Ravens,betus,spreads,Baltimore Ravens,-105,-3.5
2026-08-28T01:34:27Z,b6cfdcbafa61ce220ba87dc2d9b80c77,2026-09-13T17:00:00Z,Indianapolis Colts,Baltimore Ravens,betus,spreads,Indianapolis Colts,-115,3.5
2026-08-28T01:34:27Z,b6cfdcbafa61ce220ba87dc2d9b80c77,2026-09-13T17:00:00Z,Indianapolis Colts,Baltimore Ravens,betus,totals,Over,-110,48.0
2026-08-28T01:34:27Z,b6cfdcbafa61ce220ba87dc2d9b80c77,2026-09-13T17:00:00Z,Indianapolis Colts,Baltimore Ravens,betus,totals,Under,-110,48.0
2026-08-28T01:34:27Z,b6cfdcbafa61ce220ba87dc2d9b80c77,2026-09-13T17:00:00Z,Indianapolis Colts,Baltimore Ravens,lowvig,spreads,Baltimore Ravens,102,-3.5
2026-08-28T01:34:27Z,b6cfdcbafa61ce220ba87dc2d9b80c77,2026-09-13T17:00:00Z,Indianapolis Colts,Baltimore Ravens,lowvig,spreads,Indianapolis Colts,-113,3.5
2026-08-28T01:34:27Z,b6cfdcbafa61ce220ba87dc2d9b80c77,2026-09-13T17:00:00Z,Indianapolis Colts,Baltimore Ravens,lowvig,totals,Over,-102,48.0
2026-08-28T01:34:27Z,b6cfdcbafa61ce220ba87dc2d9b80c77,2026-09-13T17:00:00Z,Indianapolis Colts,Baltimore Ravens,lowvig,totals,Under,-113,48.0
2026-08-28T01:34:27Z,b6cfdcbafa61ce220ba87dc2d9b80c77,2026-09-13T17:00:00Z,Indianapolis Colts,Baltimore Ravens,betrivers,spreads,Baltimore Ravens,-112,-3.5
2026-08-28T01:34:27Z,b6cfdcbafa61ce220ba87dc2d9b80c77,2026-09-13T17:00:00Z,Indianapolis Colts,Baltimore Ravens,betrivers,spreads,Indianapolis Colts,-109,3.5
2026-08-28T01:34:27Z,b6cfdcbafa61ce220ba87dc2d9b80c77,2026-09-13T17:00:00Z,Indianapolis Colts,Baltimore Ravens,betrivers,totals,Over,-109,48.5
2026-08-28T01:34:27Z,b6cfdcbafa61ce220ba87dc2d9b80c77,2026-09-13T17:00:00Z,Indianapolis Colts,Baltimore Ravens,betrivers,totals,Under,-112,48.5
2026-08-28T01:34:27Z,b6cfdcbafa61ce220ba87dc2d9b80c77,2026-09-13T17:00:00Z,Indianapolis Colts,Baltimore Ravens,betonlineag,spreads,Baltimore Ravens,-103,-3.5
2026-08-28T01:34:27Z,b6cfdcbafa61ce220ba87dc2d9b80c77,2026-09-13T17:00:00Z,Indianapolis Colts,Baltimore Ravens,betonlineag,spreads,Indianapolis Colts,-117,3.5
2026-08-28T01:34:27Z,b6cfdcbafa61ce220ba87dc2d9b80c77,2026-09-13T17:00:00Z,Indianapolis Colts,Baltimore Ravens,betonlineag,totals,Over,-105,48.0
2026-08-28T01:34:27Z,b6cfdcbafa61ce220ba87dc2d9b80c77,2026-09-13T17:00:00Z,Indianapolis Colts,Baltimore Ravens,betonlineag,totals,Under,-115,48.0
2026-08-28T01:34:27Z,b6cfdcbafa61ce220ba87dc2d9b80c77,2026-09-13T17:00:00Z,Indianapolis Colts,Baltimore Ravens,fanduel,spreads,Baltimore Ravens,-112,-3.5
2026-08-28T01:34:27Z,b6cfdcbafa61ce220ba87dc2d9b80c77,2026-09-13T17:00:00Z,Indianapolis Colts,Baltimore Ravens,fanduel,spreads,Indianapolis Colts,-108,3.5
2026-08-28T01:34:27Z,b6cfdcbafa61ce220ba87dc2d9b80c77,2026-09-13T17:00:00Z,Indianapolis Colts,Baltimore Ravens,fanduel,totals,Over,-112,47.5
2026-08-28T01:34:27Z,b6cfdcbafa61ce220ba87dc2d9b80c77,2026-09-13T17:00:00Z,Indianapolis Colts,Baltimore Ravens,fanduel,totals,Under,-108,47.5
2026-08-28T01:34:27Z,b6cfdcbafa61ce220ba87dc2d9b80c77,2026-09-13T17:00:00Z,Indianapolis Colts,Baltimore Ravens,betmgm,spreads,Baltimore Ravens,-102,-3.5
2026-08-28T01:34:27Z,b6cfdcbafa61ce220ba87dc2d9b80c77,2026-09-13T17:00:00Z,Indianapolis Colts,Baltimore Ravens,betmgm,spreads,Indianapolis Colts,-118,3.5
2026-08-28T01:34:27Z,b6cfdcbafa61ce220ba87dc2d9b80c77,2026-09-13T17:00:00Z,Indianapolis Colts,Baltimore Ravens,betmgm,totals,Over,-108,47.5
2026-08-28T01:34:27Z,b6cfdcbafa61ce220ba87dc2d9b80c77,2026-09-13T17:00:00Z,Indianapolis Colts,Baltimore Ravens,betmgm,totals,Under,-110,47.5
2026-08-28T01:34:27Z,b6cfdcbafa61ce220ba87dc2d9b80c77,2026-09-13T17:00:00Z,Indianapolis Colts,Baltimore Ravens,bovada,spreads,Baltimore Ravens,100,-3.5
2026-08-28T01:34:27Z,b6cfdcbafa61ce220ba87dc2d9b80c77,2026-09-13T17:00:00Z,Indianapolis Colts,Baltimore Ravens,bovada,spreads,Indianapolis Colts,-120,3.5
2026-08-28T01:34:27Z,b6cfdcbafa61ce220ba87dc2d9b80c77,2026-09-13T17:00:00Z,Indianapolis Colts,Baltimore Ravens,bovada,totals,Over,-115,47.5
2026-08-28T01:34:27Z,b6cfdcbafa61ce220ba87dc2d9b80c77,2026-09-13T17:00:00Z,Indianapolis Colts,Baltimore Ravens,bovada,totals,Under,-105,47.5
2026-08-28T01:34:27Z,b6cfdcbafa61ce220ba87dc2d9b80c77,2026-09-13T17:00:00Z,Indianapolis Colts,Baltimore Ravens,mybookieag,spreads,Baltimore Ravens,-110,-3.5
2026-08-28T01:34:27Z,b6cfdcbafa61ce220ba87dc2d9b80c77,2026-09-13T17:00:00Z,Indianapolis Colts,Baltimore Ravens,mybookieag,spreads,Indianapolis Colts,-110,3.5
2026-08-28T01:34:27Z,b6cfdcbafa61ce220ba87dc2d9b80c77,2026-09-13T17:00:00Z,Indianapolis Colts,Baltimore Ravens,mybookieag,totals,Over,-110,48.0
2026-08-28T01:34:27Z,b6cfdcbafa61ce220ba87dc2d9b80c77,2026-09-13T17:00:00Z,Indianapolis Colts,Baltimore Ravens,mybookieag,totals,Under,-110,48.0
2026-08-28T01:34:27Z,7e09efed7e12c659b82740b67ce2f9a1,2026-09-13T17:00:00Z,Houston Texans,Buffalo Bills,draftkings,spreads,Buffalo Bills,-105,-1.5
2026-08-28T01:34:27Z,7e09efed7e12c659b82740b67ce2f9a1,2026-09-13T17:00:00Z,Houston Texans,Buffalo Bills,draftkings,spreads,Houston Texans,-115,1.5
2026-08-28T01:34:27Z,7e09efed7e12c659b82740b67ce2f9a1,2026-09-13T17:00:00Z,Houston Texans,Buffalo Bills,draftkings,totals,Over,-110,44.5
2026-08-28T01:34:27Z,7e09efed7e12c659b82740b67ce2f9a1,2026-09-13T17:00:00Z,Houston Texans,Buffalo Bills,draftkings,totals,Under,-110,44.5
2026-08-28T01:34:27Z,7e09efed7e12c659b82740b67ce2f9a1,2026-09-13T17:00:00Z,Houston Texans,Buffalo Bills,betus,spreads,Buffalo Bills,-110,0.0
2026-08-28T01:34:27Z,7e09efed7e12c659b82740b67ce2f9a1,2026-09-13T17:00:00Z,Houston Texans,Buffalo Bills,betus,spreads,Houston Texans,-110,0.0
2026-08-28T01:34:27Z,7e09efed7e12c659b82740b67ce2f9a1,2026-09-13T17:00:00Z,Houston Texans,Buffalo Bills,betus,totals,Over,-110,44.5
2026-08-28T01:34:27Z,7e09efed7e12c659b82740b67ce2f9a1,2026-09-13T17:00:00Z,Houston Texans,Buffalo Bills,betus,totals,Under,-110,44.5
2026-08-28T01:34:27Z,7e09efed7e12c659b82740b67ce2f9a1,2026-09-13T17:00:00Z,Houston Texans,Buffalo Bills,lowvig,spreads,Buffalo Bills,-105,0.0
2026-08-28T01:34:27Z,7e09efed7e12c659b82740b67ce2f9a1,2026-09-13T17:00:00Z,Houston Texans,Buffalo Bills,lowvig,spreads,Houston Texans,-105,0.0
2026-08-28T01:34:27Z,7e09efed7e12c659b82740b67ce2f9a1,2026-09-13T17:00:00Z,Houston Texans,Buffalo Bills,lowvig,totals,Over,-107,44.5
2026-08-28T01:34:27Z,7e09efed7e12c659b82740b67ce2f9a1,2026-09-13T17:00:00Z,Houston Texans,Buffalo Bills,lowvig,totals,Under,-107,44.5
2026-08-28T01:34:27Z,7e09efed7e12c659b82740b67ce2f9a1,2026-09-13T17:00:00Z,Houston Texans,Buffalo Bills,betrivers,spreads,Buffalo Bills,-109,-1.5
2026-08-28T01:34:27Z,7e09efed7e12c659b82740b67ce2f9a1,2026-09-13T17:00:00Z,Houston Texans,Buffalo Bills,betrivers,spreads,Houston Texans,-112,1.5
2026-08-28T01:34:27Z,7e09efed7e12c659b82740b67ce2f9a1,2026-09-13T17:00:00Z,Houston Texans,Buffalo Bills,betrivers,totals,Over,-110,44.5
2026-08-28T01:34:27Z,7e09efed7e12c659b82740b67ce2f9a1,2026-09-13T17:00:00Z,Houston Texans,Buffalo Bills,betrivers,totals,Under,-110,44.5
2026-08-28T01:34:27Z,7e09efed7e12c659b82740b67ce2f9a1,2026-09-13T17:00:00Z,Houston Texans,Buffalo Bills,betonlineag,spreads,Buffalo Bills,-110,0.0
2026-08-28T01:34:27Z,7e09efed7e12c659b82740b67ce2f9a1,2026-09-13T17:00:00Z,Houston Texans,Buffalo Bills,betonlineag,spreads,Houston Texans,-110,0.0
2026-08-28T01:34:27Z,7e09efed7e12c659b82740b67ce2f9a1,2026-09-13T17:00:00Z,Houston Texans,Buffalo Bills,betonlineag,totals,Over,-110,44.5
2026-08-28T01:34:27Z,7e09efed7e12c659b82740b67ce2f9a1,2026-09-13T17:00:00Z,Houston Texans,Buffalo Bills,betonlineag,totals,Under,-110,44.5
2026-08-28T01:34:27Z,7e09efed7e12c659b82740b67ce2f9a1,2026-09-13T17:00:00Z,Houston Texans,Buffalo Bills,fanduel,spreads,Buffalo Bills,-104,-1.5
2026-08-28T01:34:27Z,7e09efed7e12c659b82740b67ce2f9a1,2026-09-13T17:00:00Z,Houston Texans,Buffalo Bills,fanduel,spreads,Houston Texans,-118,1.5
2026-08-28T01:34:27Z,7e09efed7e12c659b82740b67ce2f9a1,2026-09-13T17:00:00Z,Houston Texans,Buffalo Bills,fanduel,totals,Over,-112,44.5
2026-08-28T01:34:27Z,7e09efed7e12c659b82740b67ce2f9a1,2026-09-13T17:00:00Z,Houston Texans,Buffalo Bills,fanduel,totals,Under,-108,44.5
2026-08-28T01:34:27Z,7e09efed7e12c659b82740b67ce2f9a1,2026-09-13T17:00:00Z,Houston Texans,Buffalo Bills,betmgm,spreads,Buffalo Bills,-102,-1.0
2026-08-28T01:34:27Z,7e09efed7e12c659b82740b67ce2f9a1,2026-09-13T17:00:00Z,Houston Texans,Buffalo Bills,betmgm,spreads,Houston Texans,-118,1.0
2026-08-28T01:34:27Z,7e09efed7e12c659b82740b67ce2f9a1,2026-09-13T17:00:00Z,Houston Texans,Buffalo Bills,betmgm,totals,Over,-110,44.5
2026-08-28T01:34:27Z,7e09efed7e12c659b82740b67ce2f9a1,2026-09-13T17:00:00Z,Houston Texans,Buffalo Bills,betmgm,totals,Under,-108,44.5
2026-08-28T01:34:27Z,7e09efed7e12c659b82740b67ce2f9a1,2026-09-13T17:00:00Z,Houston Texans,Buffalo Bills,bovada,spreads,Buffalo Bills,-110,1.0
2026-08-28T01:34:27Z,7e09efed7e12c659b82740b67ce2f9a1,2026-09-13T17:00:00Z,Houston Texans,Buffalo Bills,bovada,spreads,Houston Texans,-110,-1.0
2026-08-28T01:34:27Z,7e09efed7e12c659b82740b67ce2f9a1,2026-09-13T17:00:00Z,Houston Texans,Buffalo Bills,bovada,totals,Over,-110,44.5
2026-08-28T01:34:27Z,7e09efed7e12c659b82740b67ce2f9a1,2026-09-13T17:00:00Z,Houston Texans,Buffalo Bills,bovada,totals,Under,-110,44.5
2026-08-28T01:34:27Z,7e09efed7e12c659b82740b67ce2f9a1,2026-09-13T17:00:00Z,Houston Texans,Buffalo Bills,mybookieag,spreads,Buffalo Bills,-110,1.0
2026-08-28T01:34:27Z,7e09efed7e12c659b82740b67ce2f9a1,2026-09-13T17:00:00Z,Houston Texans,Buffalo Bills,mybookieag,spreads,Houston Texans,-110,-1.0
2026-08-28T01:34:27Z,7e09efed7e12c659b82740b67ce2f9a1,2026-09-13T17:00:00Z,Houston Texans,Buffalo Bills,mybookieag,totals,Over,-110,44.5
2026-08-28T01:34:27Z,7e09efed7e12c659b82740b67ce2f9a1,2026-09-13T17:00:00Z,Houston Texans,Buffalo Bills,mybookieag,totals,Under,-110,44.5
2026-08-28T01:34:27Z,fc362aff0d889ec52d358307a70c32ed,2026-09-13T17:00:00Z,Carolina Panthers,Chicago Bears,draftkings,spreads,Carolina Panthers,-102,2.5
2026-08-28T01:34:27Z,fc362aff0d889ec52d358307a70c32ed,2026-09-13T17:00:00Z,Carolina Panthers,Chicago Bears,draftkings,spreads,Chicago Bears,-118,-2.5
2026-08-28T01:34:27Z,fc362aff0d889ec52d358307a70c32ed,2026-09-13T17:00:00Z,Carolina Panthers,Chicago Bears,draftkings,totals,Over,-115,47.5
2026-08-28T01:34:27Z,fc362aff0d889ec52d358307a70c32ed,2026-09-13T17:00:00Z,Carolina Panthers,Chicago Bears,draftkings,totals,Under,-105,47.5
2026-08-28T01:34:27Z,fc362aff0d889ec52d358307a70c32ed,2026-09-13T17:00:00Z,Carolina Panthers,Chicago Bears,fanduel,spreads,Carolina Panthers,102,2.5
2026-08-28T01:34:27Z,fc362aff0d889ec52d358307a70c32ed,2026-09-13T17:00:00Z,Carolina Panthers,Chicago Bears,fanduel,spreads,Chicago Bears,-124,-2.5
2026-08-28T01:34:27Z,fc362aff0d889ec52d358307a70c32ed,2026-09-13T17:00:00Z,Carolina Panthers,Chicago Bears,fanduel,totals,Over,-110,47.5
2026-08-28T01:34:27Z,fc362aff0d889ec52d358307a70c32ed,2026-09-13T17:00:00Z,Carolina Panthers,Chicago Bears,fanduel,totals,Under,-110,47.5
2026-08-28T01:34:27Z,fc362aff0d889ec52d358307a70c32ed,2026-09-13T17:00:00Z,Carolina Panthers,Chicago Bears,lowvig,spreads,Carolina Panthers,105,2.5
2026-08-28T01:34:27Z,fc362aff0d889ec52d358307a70c32ed,2026-09-13T17:00:00Z,Carolina Panthers,Chicago Bears,lowvig,spreads,Chicago Bears,-116,-2.5
2026-08-28T01:34:27Z,fc362aff0d889ec52d358307a70c32ed,2026-09-13T17:00:00Z,Carolina Panthers,Chicago Bears,lowvig,totals,Over,-102,47.5
2026-08-28T01:34:27Z,fc362aff0d889ec52d358307a70c32ed,2026-09-13T17:00:00Z,Carolina Panthers,Chicago Bears,lowvig,totals,Under,-113,47.5
2026-08-28T01:34:27Z,fc362aff0d889ec52d358307a70c32ed,2026-09-13T17:00:00Z,Carolina Panthers,Chicago Bears,betus,spreads,Carolina Panthers,-120,3.0
2026-08-28T01:34:27Z,fc362aff0d889ec52d358307a70c32ed,2026-09-13T17:00:00Z,Carolina Panthers,Chicago Bears,betus,spreads,Chicago Bears,100,-3.0
2026-08-28T01:34:27Z,fc362aff0d889ec52d358307a70c32ed,2026-09-13T17:00:00Z,Carolina Panthers,Chicago Bears,betus,totals,Over,-105,47.5
2026-08-28T01:34:27Z,fc362aff0d889ec52d358307a70c32ed,2026-09-13T17:00:00Z,Carolina Panthers,Chicago Bears,betus,totals,Under,-115,47.5
2026-08-28T01:34:27Z,fc362aff0d889ec52d358307a70c32ed,2026-09-13T17:00:00Z,Carolina Panthers,Chicago Bears,betonlineag,spreads,Carolina Panthers,100,2.5
2026-08-28T01:34:27Z,fc362aff0d889ec52d358307a70c32ed,2026-09-13T17:00:00Z,Carolina Panthers,Chicago Bears,betonlineag,spreads,Chicago Bears,-120,-2.5
2026-08-28T01:34:27Z,fc362aff0d889ec52d358307a70c32ed,2026-09-13T17:00:00Z,Carolina Panthers,Chicago Bears,betonlineag,totals,Over,-105,47.5
2026-08-28T01:34:27Z,fc362aff0d889ec52d358307a70c32ed,2026-09-13T17:00:00Z,Carolina Panthers,Chicago Bears,betonlineag,totals,Under,-115,47.5
2026-08-28T01:34:27Z,fc362aff0d889ec52d358307a70c32ed,2026-09-13T17:00:00Z,Carolina Panthers,Chicago Bears,betrivers,spreads,Carolina Panthers,-107,2.5
2026-08-28T01:34:27Z,fc362aff0d889ec52d358307a70c32ed,2026-09-13T17:00:00Z,Carolina Panthers,Chicago Bears,betrivers,spreads,Chicago Bears,-114,-2.5
2026-08-28T01:34:27Z,fc362aff0d889ec52d358307a70c32ed,2026-09-13T17:00:00Z,Carolina Panthers,Chicago Bears,betrivers,totals,Over,-109,47.5
2026-08-28T01:34:27Z,fc362aff0d889ec52d358307a70c32ed,2026-09-13T17:00:00Z,Carolina Panthers,Chicago Bears,betrivers,totals,Under,-112,47.5
2026-08-28T01:34:27Z,fc362aff0d889ec52d358307a70c32ed,2026-09-13T17:00:00Z,Carolina Panthers,Chicago Bears,betmgm,spreads,Carolina Panthers,-105,2.5
2026-08-28T01:34:27Z,fc362aff0d889ec52d358307a70c32ed,2026-09-13T17:00:00Z,Carolina Panthers,Chicago Bears,betmgm,spreads,Chicago Bears,-115,-2.5
2026-08-28T01:34:27Z,fc362aff0d889ec52d358307a70c32ed,2026-09-13T17:00:00Z,Carolina Panthers,Chicago Bears,betmgm,totals,Over,-108,47.5
2026-08-28T01:34:27Z,fc362aff0d889ec52d358307a70c32ed,2026-09-13T17:00:00Z,Carolina Panthers,Chicago Bears,betmgm,totals,Under,-112,47.5
2026-08-28T01:34:27Z,fc362aff0d889ec52d358307a70c32ed,2026-09-13T17:00:00Z,Carolina Panthers,Chicago Bears,bovada,spreads,Carolina Panthers,-105,2.5
2026-08-28T01:34:27Z,fc362aff0d889ec52d358307a70c32ed,2026-09-13T17:00:00Z,Carolina Panthers,Chicago Bears,bovada,spreads,Chicago Bears,-115,-2.5
2026-08-28T01:34:27Z,fc362aff0d889ec52d358307a70c32ed,2026-09-13T17:00:00Z,Carolina Panthers,Chicago Bears,bovada,totals,Over,-110,47.0
2026-08-28T01:34:27Z,fc362aff0d889ec52d358307a70c32ed,2026-09-13T17:00:00Z,Carolina Panthers,Chicago Bears,bovada,totals,Under,-110,47.0
2026-08-28T01:34:27Z,fc362aff0d889ec52d358307a70c32ed,2026-09-13T17:00:00Z,Carolina Panthers,Chicago Bears,mybookieag,spreads,Carolina Panthers,-110,3.0
2026-08-28T01:34:27Z,fc362aff0d889ec52d358307a70c32ed,2026-09-13T17:00:00Z,Carolina Panthers,Chicago Bears,mybookieag,spreads,Chicago Bears,-110,-3.0
2026-08-28T01:34:27Z,fc362aff0d889ec52d358307a70c32ed,2026-09-13T17:00:00Z,Carolina Panthers,Chicago Bears,mybookieag,totals,Over,-110,47.5
2026-08-28T01:34:27Z,fc362aff0d889ec52d358307a70c32ed,2026-09-13T17:00:00Z,Carolina Panthers,Chicago Bears,mybookieag,totals,Under,-110,47.5
2026-08-28T01:34:27Z,ed6d24ff979f9c71979fead577b0b3f7,2026-09-13T17:00:00Z,Cincinnati Bengals,Tampa Bay Buccaneers,draftkings,spreads,Cincinnati Bengals,-115,-3.5
2026-08-28T01:34:27Z,ed6d24ff979f9c71979fead577b0b3f7,2026-09-13T17:00:00Z,Cincinnati Bengals,Tampa Bay Buccaneers,draftkings,spreads,Tampa Bay Buccaneers,-105,3.5
2026-08-28T01:34:27Z,ed6d24ff979f9c71979fead577b0b3f7,2026-09-13T17:00:00Z,Cincinnati Bengals,Tampa Bay Buccaneers,draftkings,totals,Over,-118,50.5
2026-08-28T01:34:27Z,ed6d24ff979f9c71979fead577b0b3f7,2026-09-13T17:00:00Z,Cincinnati Bengals,Tampa Bay Buccaneers,draftkings,totals,Under,-102,50.5
2026-08-28T01:34:27Z,ed6d24ff979f9c71979fead577b0b3f7,2026-09-13T17:00:00Z,Cincinnati Bengals,Tampa Bay Buccaneers,fanduel,spreads,Cincinnati Bengals,-110,-3.5
2026-08-28T01:34:27Z,ed6d24ff979f9c71979fead577b0b3f7,2026-09-13T17:00:00Z,Cincinnati Bengals,Tampa Bay Buccaneers,fanduel,spreads,Tampa Bay Buccaneers,-110,3.5
2026-08-28T01:34:27Z,ed6d24ff979f9c71979fead577b0b3f7,2026-09-13T17:00:00Z,Cincinnati Bengals,Tampa Bay Buccaneers,fanduel,totals,Over,-106,51.5
2026-08-28T01:34:27Z,ed6d24ff979f9c71979fead577b0b3f7,2026-09-13T17:00:00Z,Cincinnati Bengals,Tampa Bay Buccaneers,fanduel,totals,Under,-114,51.5
2026-08-28T01:34:27Z,ed6d24ff979f9c71979fead577b0b3f7,2026-09-13T17:00:00Z,Cincinnati Bengals,Tampa Bay Buccaneers,lowvig,spreads,Cincinnati Bengals,-105,-4.0
2026-08-28T01:34:27Z,ed6d24ff979f9c71979fead577b0b3f7,2026-09-13T17:00:00Z,Cincinnati Bengals,Tampa Bay Buccaneers,lowvig,spreads,Tampa Bay Buccaneers,-105,4.0
2026-08-28T01:34:27Z,ed6d24ff979f9c71979fead577b0b3f7,2026-09-13T17:00:00Z,Cincinnati Bengals,Tampa Bay Buccaneers,lowvig,totals,Over,-107,50.5
2026-08-28T01:34:27Z,ed6d24ff979f9c71979fead577b0b3f7,2026-09-13T17:00:00Z,Cincinnati Bengals,Tampa Bay Buccaneers,lowvig,totals,Under,-107,50.5
2026-08-28T01:34:27Z,ed6d24ff979f9c71979fead577b0b3f7,2026-09-13T17:00:00Z,Cincinnati Bengals,Tampa Bay Buccaneers,betus,spreads,Cincinnati Bengals,-110,-4.0
2026-08-28T01:34:27Z,ed6d24ff979f9c71979fead577b0b3f7,2026-09-13T17:00:00Z,Cincinnati Bengals,Tampa Bay Buccaneers,betus,spreads,Tampa Bay Buccaneers,-110,4.0
2026-08-28T01:34:27Z,ed6d24ff979f9c71979fead577b0b3f7,2026-09-13T17:00:00Z,Cincinnati Bengals,Tampa Bay Buccaneers,betus,totals,Over,-110,50.5
2026-08-28T01:34:27Z,ed6d24ff979f9c71979fead577b0b3f7,2026-09-13T17:00:00Z,Cincinnati Bengals,Tampa Bay Buccaneers,betus,totals,Under,-110,50.5
2026-08-28T01:34:27Z,ed6d24ff979f9c71979fead577b0b3f7,2026-09-13T17:00:00Z,Cincinnati Bengals,Tampa Bay Buccaneers,betonlineag,spreads,Cincinnati Bengals,-110,-4.0
2026-08-28T01:34:27Z,ed6d24ff979f9c71979fead577b0b3f7,2026-09-13T17:00:00Z,Cincinnati Bengals,Tampa Bay Buccaneers,betonlineag,spreads,Tampa Bay Buccaneers,-110,4.0
2026-08-28T01:34:27Z,ed6d24ff979f9c71979fead577b0b3f7,2026-09-13T17:00:00Z,Cincinnati Bengals,Tampa Bay Buccaneers,betonlineag,totals,Over,-110,50.5
2026-08-28T01:34:27Z,ed6d24ff979f9c71979fead577b0b3f7,2026-09-13T17:00:00Z,Cincinnati Bengals,Tampa Bay Buccaneers,betonlineag,totals,Under,-110,50.5
2026-08-28T01:34:27Z,ed6d24ff979f9c71979fead577b0b3f7,2026-09-13T17:00:00Z,Cincinnati Bengals,Tampa Bay Buccaneers,betrivers,spreads,Cincinnati Bengals,-109,-3.5
2026-08-28T01:34:27Z,ed6d24ff979f9c71979fead577b0b3f7,2026-09-13T17:00:00Z,Cincinnati Bengals,Tampa Bay Buccaneers,betrivers,spreads,Tampa Bay Buccaneers,-112,3.5
2026-08-28T01:34:27Z,ed6d24ff979f9c71979fead577b0b3f7,2026-09-13T17:00:00Z,Cincinnati Bengals,Tampa Bay Buccaneers,betrivers,totals,Over,-109,51.5
2026-08-28T01:34:27Z,ed6d24ff979f9c71979fead577b0b3f7,2026-09-13T17:00:00Z,Cincinnati Bengals,Tampa Bay Buccaneers,betrivers,totals,Under,-112,51.5
2026-08-28T01:34:27Z,ed6d24ff979f9c71979fead577b0b3f7,2026-09-13T17:00:00Z,Cincinnati Bengals,Tampa Bay Buccaneers,betmgm,spreads,Cincinnati Bengals,-105,-4.0
2026-08-28T01:34:27Z,ed6d24ff979f9c71979fead577b0b3f7,2026-09-13T17:00:00Z,Cincinnati Bengals,Tampa Bay Buccaneers,betmgm,spreads,Tampa Bay Buccaneers,-112,4.0
2026-08-28T01:34:27Z,ed6d24ff979f9c71979fead577b0b3f7,2026-09-13T17:00:00Z,Cincinnati Bengals,Tampa Bay Buccaneers,betmgm,totals,Over,-105,51.5
2026-08-28T01:34:27Z,ed6d24ff979f9c71979fead577b0b3f7,2026-09-13T17:00:00Z,Cincinnati Bengals,Tampa Bay Buccaneers,betmgm,totals,Under,-112,51.5
2026-08-28T01:34:27Z,ed6d24ff979f9c71979fead577b0b3f7,2026-09-13T17:00:00Z,Cincinnati Bengals,Tampa Bay Buccaneers,bovada,spreads,Cincinnati Bengals,-115,-4.0
2026-08-28T01:34:27Z,ed6d24ff979f9c71979fead577b0b3f7,2026-09-13T17:00:00Z,Cincinnati Bengals,Tampa Bay Buccaneers,bovada,spreads,Tampa Bay Buccaneers,-105,4.0
2026-08-28T01:34:27Z,ed6d24ff979f9c71979fead577b0b3f7,2026-09-13T17:00:00Z,Cincinnati Bengals,Tampa Bay Buccaneers,bovada,totals,Over,-110,51.0
2026-08-28T01:34:27Z,ed6d24ff979f9c71979fead577b0b3f7,2026-09-13T17:00:00Z,Cincinnati Bengals,Tampa Bay Buccaneers,bovada,totals,Under,-110,51.0
2026-08-28T01:34:27Z,ed6d24ff979f9c71979fead577b0b3f7,2026-09-13T17:00:00Z,Cincinnati Bengals,Tampa Bay Buccaneers,mybookieag,spreads,Cincinnati Bengals,-110,-4.0
2026-08-28T01:34:27Z,ed6d24ff979f9c71979fead577b0b3f7,2026-09-13T17:00:00Z,Cincinnati Bengals,Tampa Bay Buccaneers,mybookieag,spreads,Tampa Bay Buccaneers,-110,4.0
2026-08-28T01:34:27Z,ed6d24ff979f9c71979fead577b0b3f7,2026-09-13T17:00:00Z,Cincinnati Bengals,Tampa Bay Buccaneers,mybookieag,totals,Over,-110,51.0
2026-08-28T01:34:27Z,ed6d24ff979f9c71979fead577b0b3f7,2026-09-13T17:00:00Z,Cincinnati Bengals,Tampa Bay Buccaneers,mybookieag,totals,Under,-110,51.0
2026-08-28T01:34:27Z,e55c6fe19fce094ce214c8b0e5b504e9,2026-09-13T17:00:00Z,Jacksonville Jaguars,Cleveland Browns,draftkings,spreads,Cleveland Browns,-110,7.5
2026-08-28T01:34:27Z,e55c6fe19fce094ce214c8b0e5b504e9,2026-09-13T17:00:00Z,Jacksonville Jaguars,Cleveland Browns,draftkings,spreads,Jacksonville Jaguars,-110,-7.5
2026-08-28T01:34:27Z,e55c6fe19fce094ce214c8b0e5b504e9,2026-09-13T17:00:00Z,Jacksonville Jaguars,Cleveland Browns,draftkings,totals,Over,-110,40.5
2026-08-28T01:34:27Z,e55c6fe19fce094ce214c8b0e5b504e9,2026-09-13T17:00:00Z,Jacksonville Jaguars,Cleveland Browns,draftkings,totals,Under,-110,40.5
2026-08-28T01:34:27Z,e55c6fe19fce094ce214c8b0e5b504e9,2026-09-13T17:00:00Z,Jacksonville Jaguars,Cleveland Browns,fanduel,spreads,Cleveland Browns,-105,7.5
2026-08-28T01:34:27Z,e55c6fe19fce094ce214c8b0e5b504e9,2026-09-13T17:00:00Z,Jacksonville Jaguars,Cleveland Browns,fanduel,spreads,Jacksonville Jaguars,-115,-7.5
2026-08-28T01:34:27Z,e55c6fe19fce094ce214c8b0e5b504e9,2026-09-13T17:00:00Z,Jacksonville Jaguars,Cleveland Browns,fanduel,totals,Over,-110,40.5
2026-08-28T01:34:27Z,e55c6fe19fce094ce214c8b0e5b504e9,2026-09-13T17:00:00Z,Jacksonville Jaguars,Cleveland Browns,fanduel,totals,Under,-110,40.5
2026-08-28T01:34:27Z,e55c6fe19fce094ce214c8b0e5b504e9,2026-09-13T17:00:00Z,Jacksonville Jaguars,Cleveland Browns,betus,spreads,Cleveland Browns,-105,7.5
2026-08-28T01:34:27Z,e55c6fe19fce094ce214c8b0e5b504e9,2026-09-13T17:00:00Z,Jacksonville Jaguars,Cleveland Browns,betus,spreads,Jacksonville Jaguars,-115,-7.5
2026-08-28T01:34:27Z,e55c6fe19fce094ce214c8b0e5b504e9,2026-09-13T17:00:00Z,Jacksonville Jaguars,Cleveland Browns,betus,totals,Over,-110,40.5
2026-08-28T01:34:27Z,e55c6fe19fce094ce214c8b0e5b504e9,2026-09-13T17:00:00Z,Jacksonville Jaguars,Cleveland Browns,betus,totals,Under,-110,40.5
2026-08-28T01:34:27Z,e55c6fe19fce094ce214c8b0e5b504e9,2026-09-13T17:00:00Z,Jacksonville Jaguars,Cleveland Browns,betrivers,spreads,Cleveland Browns,-110,7.5
2026-08-28T01:34:27Z,e55c6fe19fce094ce214c8b0e5b504e9,2026-09-13T17:00:00Z,Jacksonville Jaguars,Cleveland Browns,betrivers,spreads,Jacksonville Jaguars,-110,-7.5
2026-08-28T01:34:27Z,e55c6fe19fce094ce214c8b0e5b504e9,2026-09-13T17:00:00Z,Jacksonville Jaguars,Cleveland Browns,betrivers,totals,Over,-110,40.5
2026-08-28T01:34:27Z,e55c6fe19fce094ce214c8b0e5b504e9,2026-09-13T17:00:00Z,Jacksonville Jaguars,Cleveland Browns,betrivers,totals,Under,-110,40.5
2026-08-28T01:34:27Z,e55c6fe19fce094ce214c8b0e5b504e9,2026-09-13T17:00:00Z,Jacksonville Jaguars,Cleveland Browns,betonlineag,spreads,Cleveland Browns,-106,7.5
2026-08-28T01:34:27Z,e55c6fe19fce094ce214c8b0e5b504e9,2026-09-13T17:00:00Z,Jacksonville Jaguars,Cleveland Browns,betonlineag,spreads,Jacksonville Jaguars,-114,-7.5
2026-08-28T01:34:27Z,e55c6fe19fce094ce214c8b0e5b504e9,2026-09-13T17:00:00Z,Jacksonville Jaguars,Cleveland Browns,betonlineag,totals,Over,-110,40.5
2026-08-28T01:34:27Z,e55c6fe19fce094ce214c8b0e5b504e9,2026-09-13T17:00:00Z,Jacksonville Jaguars,Cleveland Browns,betonlineag,totals,Under,-110,40.5
2026-08-28T01:34:27Z,e55c6fe19fce094ce214c8b0e5b504e9,2026-09-13T17:00:00Z,Jacksonville Jaguars,Cleveland Browns,lowvig,spreads,Cleveland Browns,-101,7.5
2026-08-28T01:34:27Z,e55c6fe19fce094ce214c8b0e5b504e9,2026-09-13T17:00:00Z,Jacksonville Jaguars,Cleveland Browns,lowvig,spreads,Jacksonville Jaguars,-109,-7.5
2026-08-28T01:34:27Z,e55c6fe19fce094ce214c8b0e5b504e9,2026-09-13T17:00:00Z,Jacksonville Jaguars,Cleveland Browns,lowvig,totals,Over,-107,40.5
2026-08-28T01:34:27Z,e55c6fe19fce094ce214c8b0e5b504e9,2026-09-13T17:00:00Z,Jacksonville Jaguars,Cleveland Browns,lowvig,totals,Under,-107,40.5
2026-08-28T01:34:27Z,e55c6fe19fce094ce214c8b0e5b504e9,2026-09-13T17:00:00Z,Jacksonville Jaguars,Cleveland Browns,betmgm,spreads,Cleveland Browns,-110,7.5
2026-08-28T01:34:27Z,e55c6fe19fce094ce214c8b0e5b504e9,2026-09-13T17:00:00Z,Jacksonville Jaguars,Cleveland Browns,betmgm,spreads,Jacksonville Jaguars,-108,-7.5
2026-08-28T01:34:27Z,e55c6fe19fce094ce214c8b0e5b504e9,2026-09-13T17:00:00Z,Jacksonville Jaguars,Cleveland Browns,betmgm,totals,Over,-108,40.5
2026-08-28T01:34:27Z,e55c6fe19fce094ce214c8b0e5b504e9,2026-09-13T17:00:00Z,Jacksonville Jaguars,Cleveland Browns,betmgm,totals,Under,-110,40.5
2026-08-28T01:34:27Z,e55c6fe19fce094ce214c8b0e5b504e9,2026-09-13T17:00:00Z,Jacksonville Jaguars,Cleveland Browns,bovada,spreads,Cleveland Browns,-110,8.5
2026-08-28T01:34:27Z,e55c6fe19fce094ce214c8b0e5b504e9,2026-09-13T17:00:00Z,Jacksonville Jaguars,Cleveland Browns,bovada,spreads,Jacksonville Jaguars,-110,-8.5
2026-08-28T01:34:27Z,e55c6fe19fce094ce214c8b0e5b504e9,2026-09-13T17:00:00Z,Jacksonville Jaguars,Cleveland Browns,bovada,totals,Over,-110,40.5
2026-08-28T01:34:27Z,e55c6fe19fce094ce214c8b0e5b504e9,2026-09-13T17:00:00Z,Jacksonville Jaguars,Cleveland Browns,bovada,totals,Under,-110,40.5
2026-08-28T01:34:27Z,e55c6fe19fce094ce214c8b0e5b504e9,2026-09-13T17:00:00Z,Jacksonville Jaguars,Cleveland Browns,mybookieag,spreads,Cleveland Browns,-110,7.5
2026-08-28T01:34:27Z,e55c6fe19fce094ce214c8b0e5b504e9,2026-09-13T17:00:00Z,Jacksonville Jaguars,Cleveland Browns,mybookieag,spreads,Jacksonville Jaguars,-110,-7.5
2026-08-28T01:34:27Z,e55c6fe19fce094ce214c8b0e5b504e9,2026-09-13T17:00:00Z,Jacksonville Jaguars,Cleveland Browns,mybookieag,totals,Over,-110,40.5
2026-08-28T01:34:27Z,e55c6fe19fce094ce214c8b0e5b504e9,2026-09-13T17:00:00Z,Jacksonville Jaguars,Cleveland Browns,mybookieag,totals,Under,-110,40.5
2026-08-28T01:34:27Z,c1d3fcec25aaeb06ebd2244d33d338e0,2026-09-13T17:00:00Z,Detroit Lions,New Orleans Saints,draftkings,spreads,Detroit Lions,-110,-7.0
2026-08-28T01:34:27Z,c1d3fcec25aaeb06ebd2244d33d338e0,2026-09-13T17:00:00Z,Detroit Lions,New Orleans Saints,draftkings,spreads,New Orleans Saints,-110,7.0
2026-08-28T01:34:27Z,c1d3fcec25aaeb06ebd2244d33d338e0,2026-09-13T17:00:00Z,Detroit Lions,New Orleans Saints,draftkings,totals,Over,-118,48.5
2026-08-28T01:34:27Z,c1d3fcec25aaeb06ebd2244d33d338e0,2026-09-13T17:00:00Z,Detroit Lions,New Orleans Saints,draftkings,totals,Under,-102,48.5
2026-08-28T01:34:27Z,c1d3fcec25aaeb06ebd2244d33d338e0,2026-09-13T17:00:00Z,Detroit Lions,New Orleans Saints,fanduel,spreads,Detroit Lions,-110,-7.0
2026-08-28T01:34:27Z,c1d3fcec25aaeb06ebd2244d33d338e0,2026-09-13T17:00:00Z,Detroit Lions,New Orleans Saints,fanduel,spreads,New Orleans Saints,-110,7.0
2026-08-28T01:34:27Z,c1d3fcec25aaeb06ebd2244d33d338e0,2026-09-13T17:00:00Z,Detroit Lions,New Orleans Saints,fanduel,totals,Over,-105,49.5
2026-08-28T01:34:27Z,c1d3fcec25aaeb06ebd2244d33d338e0,2026-09-13T17:00:00Z,Detroit Lions,New Orleans Saints,fanduel,totals,Under,-115,49.5
2026-08-28T01:34:27Z,c1d3fcec25aaeb06ebd2244d33d338e0,2026-09-13T17:00:00Z,Detroit Lions,New Orleans Saints,lowvig,spreads,Detroit Lions,-105,-7.0
2026-08-28T01:34:27Z,c1d3fcec25aaeb06ebd2244d33d338e0,2026-09-13T17:00:00Z,Detroit Lions,New Orleans Saints,lowvig,spreads,New Orleans Saints,-105,7.0
2026-08-28T01:34:27Z,c1d3fcec25aaeb06ebd2244d33d338e0,2026-09-13T17:00:00Z,Detroit Lions,New Orleans Saints,lowvig,totals,Over,-113,49.0
2026-08-28T01:34:27Z,c1d3fcec25aaeb06ebd2244d33d338e0,2026-09-13T17:00:00Z,Detroit Lions,New Orleans Saints,lowvig,totals,Under,-102,49.0
2026-08-28T01:34:27Z,c1d3fcec25aaeb06ebd2244d33d338e0,2026-09-13T17:00:00Z,Detroit Lions,New Orleans Saints,betonlineag,spreads,Detroit Lions,-110,-7.0
2026-08-28T01:34:27Z,c1d3fcec25aaeb06ebd2244d33d338e0,2026-09-13T17:00:00Z,Detroit Lions,New Orleans Saints,betonlineag,spreads,New Orleans Saints,-110,7.0
2026-08-28T01:34:27Z,c1d3fcec25aaeb06ebd2244d33d338e0,2026-09-13T17:00:00Z,Detroit Lions,New Orleans Saints,betonlineag,totals,Over,-115,49.0
2026-08-28T01:34:27Z,c1d3fcec25aaeb06ebd2244d33d338e0,2026-09-13T17:00:00Z,Detroit Lions,New Orleans Saints,betonlineag,totals,Under,-105,49.0
2026-08-28T01:34:27Z,c1d3fcec25aaeb06ebd2244d33d338e0,2026-09-13T17:00:00Z,Detroit Lions,New Orleans Saints,betus,spreads,Detroit Lions,-110,-7.0
2026-08-28T01:34:27Z,c1d3fcec25aaeb06ebd2244d33d338e0,2026-09-13T17:00:00Z,Detroit Lions,New Orleans Saints,betus,spreads,New Orleans Saints,-110,7.0
2026-08-28T01:34:27Z,c1d3fcec25aaeb06ebd2244d33d338e0,2026-09-13T17:00:00Z,Detroit Lions,New Orleans Saints,betus,totals,Over,-110,49.5
2026-08-28T01:34:27Z,c1d3fcec25aaeb06ebd2244d33d338e0,2026-09-13T17:00:00Z,Detroit Lions,New Orleans Saints,betus,totals,Under,-110,49.5
2026-08-28T01:34:27Z,c1d3fcec25aaeb06ebd2244d33d338e0,2026-09-13T17:00:00Z,Detroit Lions,New Orleans Saints,betrivers,spreads,Detroit Lions,-109,-7.0
2026-08-28T01:34:27Z,c1d3fcec25aaeb06ebd2244d33d338e0,2026-09-13T17:00:00Z,Detroit Lions,New Orleans Saints,betrivers,spreads,New Orleans Saints,-112,7.0
2026-08-28T01:34:27Z,c1d3fcec25aaeb06ebd2244d33d338e0,2026-09-13T17:00:00Z,Detroit Lions,New Orleans Saints,betrivers,totals,Over,-109,49.0
2026-08-28T01:34:27Z,c1d3fcec25aaeb06ebd2244d33d338e0,2026-09-13T17:00:00Z,Detroit Lions,New Orleans Saints,betrivers,totals,Under,-112,49.0
2026-08-28T01:34:27Z,c1d3fcec25aaeb06ebd2244d33d338e0,2026-09-13T17:00:00Z,Detroit Lions,New Orleans Saints,betmgm,spreads,Detroit Lions,-105,-7.0
2026-08-28T01:34:27Z,c1d3fcec25aaeb06ebd2244d33d338e0,2026-09-13T17:00:00Z,Detroit Lions,New Orleans Saints,betmgm,spreads,New Orleans Saints,-112,7.0
2026-08-28T01:34:27Z,c1d3fcec25aaeb06ebd2244d33d338e0,2026-09-13T17:00:00Z,Detroit Lions,New Orleans Saints,betmgm,totals,Over,-105,49.5
2026-08-28T01:34:27Z,c1d3fcec25aaeb06ebd2244d33d338e0,2026-09-13T17:00:00Z,Detroit Lions,New Orleans Saints,betmgm,totals,Under,-115,49.5
2026-08-28T01:34:27Z,c1d3fcec25aaeb06ebd2244d33d338e0,2026-09-13T17:00:00Z,Detroit Lions,New Orleans Saints,bovada,spreads,Detroit Lions,-105,-7.0
2026-08-28T01:34:27Z,c1d3fcec25aaeb06ebd2244d33d338e0,2026-09-13T17:00:00Z,Detroit Lions,New Orleans Saints,bovada,spreads,New Orleans Saints,-115,7.0
2026-08-28T01:34:27Z,c1d3fcec25aaeb06ebd2244d33d338e0,2026-09-13T17:00:00Z,Detroit Lions,New Orleans Saints,bovada,totals,Over,-110,49.5
2026-08-28T01:34:27Z,c1d3fcec25aaeb06ebd2244d33d338e0,2026-09-13T17:00:00Z,Detroit Lions,New Orleans Saints,bovada,totals,Under,-110,49.5
2026-08-28T01:34:27Z,c1d3fcec25aaeb06ebd2244d33d338e0,2026-09-13T17:00:00Z,Detroit Lions,New Orleans Saints,mybookieag,spreads,Detroit Lions,-110,-7.0
2026-08-28T01:34:27Z,c1d3fcec25aaeb06ebd2244d33d338e0,2026-09-13T17:00:00Z,Detroit Lions,New Orleans Saints,mybookieag,spreads,New Orleans Saints,-110,7.0
2026-08-28T01:34:27Z,c1d3fcec25aaeb06ebd2244d33d338e0,2026-09-13T17:00:00Z,Detroit Lions,New Orleans Saints,mybookieag,totals,Over,-110,49.0
2026-08-28T01:34:27Z,c1d3fcec25aaeb06ebd2244d33d338e0,2026-09-13T17:00:00Z,Detroit Lions,New Orleans Saints,mybookieag,totals,Under,-110,49.0
2026-08-28T01:34:27Z,7dddb296a42e7a41a774b24bd1709ce1,2026-09-13T17:00:00Z,Tennessee Titans,New York Jets,draftkings,spreads,New York Jets,-120,3.0
2026-08-28T01:34:27Z,7dddb296a42e7a41a774b24bd1709ce1,2026-09-13T17:00:00Z,Tennessee Titans,New York Jets,draftkings,spreads,Tennessee Titans,100,-3.0
2026-08-28T01:34:27Z,7dddb296a42e7a41a774b24bd1709ce1,2026-09-13T17:00:00Z,Tennessee Titans,New York Jets,draftkings,totals,Over,-115,38.5
2026-08-28T01:34:27Z,7dddb296a42e7a41a774b24bd1709ce1,2026-09-13T17:00:00Z,Tennessee Titans,New York Jets,draftkings,totals,Under,-105,38.5
2026-08-28T01:34:27Z,7dddb296a42e7a41a774b24bd1709ce1,2026-09-13T17:00:00Z,Tennessee Titans,New York Jets,fanduel,spreads,New York Jets,-115,2.5
2026-08-28T01:34:27Z,7dddb296a42e7a41a774b24bd1709ce1,2026-09-13T17:00:00Z,Tennessee Titans,New York Jets,fanduel,spreads,Tennessee Titans,-105,-2.5
2026-08-28T01:34:27Z,7dddb296a42e7a41a774b24bd1709ce1,2026-09-13T17:00:00Z,Tennessee Titans,New York Jets,fanduel,totals,Over,-118,39.5
2026-08-28T01:34:27Z,7dddb296a42e7a41a774b24bd1709ce1,2026-09-13T17:00:00Z,Tennessee Titans,New York Jets,fanduel,totals,Under,-104,39.5
2026-08-28T01:34:27Z,7dddb296a42e7a41a774b24bd1709ce1,2026-09-13T17:00:00Z,Tennessee Titans,New York Jets,lowvig,spreads,New York Jets,100,2.5
2026-08-28T01:34:27Z,7dddb296a42e7a41a774b24bd1709ce1,2026-09-13T17:00:00Z,Tennessee Titans,New York Jets,lowvig,spreads,Tennessee Titans,-110,-2.5
2026-08-28T01:34:27Z,7dddb296a42e7a41a774b24bd1709ce1,2026-09-13T17:00:00Z,Tennessee Titans,New York Jets,lowvig,totals,Over,-107,39.5
2026-08-28T01:34:27Z,7dddb296a42e7a41a774b24bd1709ce1,2026-09-13T17:00:00Z,Tennessee Titans,New York Jets,lowvig,totals,Under,-107,39.5
2026-08-28T01:34:27Z,7dddb296a42e7a41a774b24bd1709ce1,2026-09-13T17:00:00Z,Tennessee Titans,New York Jets,betus,spreads,New York Jets,100,2.0
2026-08-28T01:34:27Z,7dddb296a42e7a41a774b24bd1709ce1,2026-09-13T17:00:00Z,Tennessee Titans,New York Jets,betus,spreads,Tennessee Titans,-120,-2.0
2026-08-28T01:34:27Z,7dddb296a42e7a41a774b24bd1709ce1,2026-09-13T17:00:00Z,Tennessee Titans,New York Jets,betus,totals,Over,-110,39.5
2026-08-28T01:34:27Z,7dddb296a42e7a41a774b24bd1709ce1,2026-09-13T17:00:00Z,Tennessee Titans,New York Jets,betus,totals,Under,-110,39.5
2026-08-28T01:34:27Z,7dddb296a42e7a41a774b24bd1709ce1,2026-09-13T17:00:00Z,Tennessee Titans,New York Jets,betonlineag,spreads,New York Jets,-105,2.5
2026-08-28T01:34:27Z,7dddb296a42e7a41a774b24bd1709ce1,2026-09-13T17:00:00Z,Tennessee Titans,New York Jets,betonlineag,spreads,Tennessee Titans,-115,-2.5
2026-08-28T01:34:27Z,7dddb296a42e7a41a774b24bd1709ce1,2026-09-13T17:00:00Z,Tennessee Titans,New York Jets,betonlineag,totals,Over,-110,39.5
2026-08-28T01:34:27Z,7dddb296a42e7a41a774b24bd1709ce1,2026-09-13T17:00:00Z,Tennessee Titans,New York Jets,betonlineag,totals,Under,-110,39.5
2026-08-28T01:34:27Z,7dddb296a42e7a41a774b24bd1709ce1,2026-09-13T17:00:00Z,Tennessee Titans,New York Jets,betrivers,spreads,New York Jets,-108,2.5
2026-08-28T01:34:27Z,7dddb296a42e7a41a774b24bd1709ce1,2026-09-13T17:00:00Z,Tennessee Titans,New York Jets,betrivers,spreads,Tennessee Titans,-113,-2.5
2026-08-28T01:34:27Z,7dddb296a42e7a41a774b24bd1709ce1,2026-09-13T17:00:00Z,Tennessee Titans,New York Jets,betrivers,totals,Over,-109,39.0
2026-08-28T01:34:27Z,7dddb296a42e7a41a774b24bd1709ce1,2026-09-13T17:00:00Z,Tennessee Titans,New York Jets,betrivers,totals,Under,-112,39.0
2026-08-28T01:34:27Z,7dddb296a42e7a41a774b24bd1709ce1,2026-09-13T17:00:00Z,Tennessee Titans,New York Jets,betmgm,spreads,New York Jets,-105,2.5
2026-08-28T01:34:27Z,7dddb296a42e7a41a774b24bd1709ce1,2026-09-13T17:00:00Z,Tennessee Titans,New York Jets,betmgm,spreads,Tennessee Titans,-115,-2.5
2026-08-28T01:34:27Z,7dddb296a42e7a41a774b24bd1709ce1,2026-09-13T17:00:00Z,Tennessee Titans,New York Jets,betmgm,totals,Over,-108,39.5
2026-08-28T01:34:27Z,7dddb296a42e7a41a774b24bd1709ce1,2026-09-13T17:00:00Z,Tennessee Titans,New York Jets,betmgm,totals,Under,-110,39.5
2026-08-28T01:34:27Z,7dddb296a42e7a41a774b24bd1709ce1,2026-09-13T17:00:00Z,Tennessee Titans,New York Jets,bovada,spreads,New York Jets,-105,2.5
2026-08-28T01:34:27Z,7dddb296a42e7a41a774b24bd1709ce1,2026-09-13T17:00:00Z,Tennessee Titans,New York Jets,bovada,spreads,Tennessee Titans,-115,-2.5
2026-08-28T01:34:27Z,7dddb296a42e7a41a774b24bd1709ce1,2026-09-13T17:00:00Z,Tennessee Titans,New York Jets,bovada,totals,Over,-110,39.0
2026-08-28T01:34:27Z,7dddb296a42e7a41a774b24bd1709ce1,2026-09-13T17:00:00Z,Tennessee Titans,New York Jets,bovada,totals,Under,-110,39.0
2026-08-28T01:34:27Z,7dddb296a42e7a41a774b24bd1709ce1,2026-09-13T17:00:00Z,Tennessee Titans,New York Jets,mybookieag,spreads,New York Jets,-110,2.5
2026-08-28T01:34:27Z,7dddb296a42e7a41a774b24bd1709ce1,2026-09-13T17:00:00Z,Tennessee Titans,New York Jets,mybookieag,spreads,Tennessee Titans,-110,-2.5
2026-08-28T01:34:27Z,7dddb296a42e7a41a774b24bd1709ce1,2026-09-13T17:00:00Z,Tennessee Titans,New York Jets,mybookieag,totals,Over,-110,39.5
2026-08-28T01:34:27Z,7dddb296a42e7a41a774b24bd1709ce1,2026-09-13T17:00:00Z,Tennessee Titans,New York Jets,mybookieag,totals,Under,-110,39.5
2026-08-28T01:34:27Z,1edfa5ceaa1ad2cb57df1c1b908731f6,2026-09-13T20:25:00Z,Los Angeles Chargers,Arizona Cardinals,draftkings,spreads,Arizona Cardinals,-110,10.5
2026-08-28T01:34:27Z,1edfa5ceaa1ad2cb57df1c1b908731f6,2026-09-13T20:25:00Z,Los Angeles Chargers,Arizona Cardinals,draftkings,spreads,Los Angeles Chargers,-110,-10.5
2026-08-28T01:34:27Z,1edfa5ceaa1ad2cb57df1c1b908731f6,2026-09-13T20:25:00Z,Los Angeles Chargers,Arizona Cardinals,draftkings,totals,Over,-110,46.5
2026-08-28T01:34:27Z,1edfa5ceaa1ad2cb57df1c1b908731f6,2026-09-13T20:25:00Z,Los Angeles Chargers,Arizona Cardinals,draftkings,totals,Under,-110,46.5
2026-08-28T01:34:27Z,1edfa5ceaa1ad2cb57df1c1b908731f6,2026-09-13T20:25:00Z,Los Angeles Chargers,Arizona Cardinals,lowvig,spreads,Arizona Cardinals,-110,10.0
2026-08-28T01:34:27Z,1edfa5ceaa1ad2cb57df1c1b908731f6,2026-09-13T20:25:00Z,Los Angeles Chargers,Arizona Cardinals,lowvig,spreads,Los Angeles Chargers,100,-10.0
2026-08-28T01:34:27Z,1edfa5ceaa1ad2cb57df1c1b908731f6,2026-09-13T20:25:00Z,Los Angeles Chargers,Arizona Cardinals,lowvig,totals,Over,-113,46.0
2026-08-28T01:34:27Z,1edfa5ceaa1ad2cb57df1c1b908731f6,2026-09-13T20:25:00Z,Los Angeles Chargers,Arizona Cardinals,lowvig,totals,Under,-102,46.0
2026-08-28T01:34:27Z,1edfa5ceaa1ad2cb57df1c1b908731f6,2026-09-13T20:25:00Z,Los Angeles Chargers,Arizona Cardinals,betonlineag,spreads,Arizona Cardinals,-115,10.0
2026-08-28T01:34:27Z,1edfa5ceaa1ad2cb57df1c1b908731f6,2026-09-13T20:25:00Z,Los Angeles Chargers,Arizona Cardinals,betonlineag,spreads,Los Angeles Chargers,-105,-10.0
2026-08-28T01:34:27Z,1edfa5ceaa1ad2cb57df1c1b908731f6,2026-09-13T20:25:00Z,Los Angeles Chargers,Arizona Cardinals,betonlineag,totals,Over,-115,46.0
2026-08-28T01:34:27Z,1edfa5ceaa1ad2cb57df1c1b908731f6,2026-09-13T20:25:00Z,Los Angeles Chargers,Arizona Cardinals,betonlineag,totals,Under,-105,46.0
2026-08-28T01:34:27Z,1edfa5ceaa1ad2cb57df1c1b908731f6,2026-09-13T20:25:00Z,Los Angeles Chargers,Arizona Cardinals,betus,spreads,Arizona Cardinals,-110,10.0
2026-08-28T01:34:27Z,1edfa5ceaa1ad2cb57df1c1b908731f6,2026-09-13T20:25:00Z,Los Angeles Chargers,Arizona Cardinals,betus,spreads,Los Angeles Chargers,-110,-10.0
2026-08-28T01:34:27Z,1edfa5ceaa1ad2cb57df1c1b908731f6,2026-09-13T20:25:00Z,Los Angeles Chargers,Arizona Cardinals,betus,totals,Over,-110,46.5
2026-08-28T01:34:27Z,1edfa5ceaa1ad2cb57df1c1b908731f6,2026-09-13T20:25:00Z,Los Angeles Chargers,Arizona Cardinals,betus,totals,Under,-110,46.5
2026-08-28T01:34:27Z,1edfa5ceaa1ad2cb57df1c1b908731f6,2026-09-13T20:25:00Z,Los Angeles Chargers,Arizona Cardinals,betrivers,spreads,Arizona Cardinals,-114,10.5
2026-08-28T01:34:27Z,1edfa5ceaa1ad2cb57df1c1b908731f6,2026-09-13T20:25:00Z,Los Angeles Chargers,Arizona Cardinals,betrivers,spreads,Los Angeles Chargers,-107,-10.5
2026-08-28T01:34:27Z,1edfa5ceaa1ad2cb57df1c1b908731f6,2026-09-13T20:25:00Z,Los Angeles Chargers,Arizona Cardinals,betrivers,totals,Over,-109,46.5
2026-08-28T01:34:27Z,1edfa5ceaa1ad2cb57df1c1b908731f6,2026-09-13T20:25:00Z,Los Angeles Chargers,Arizona Cardinals,betrivers,totals,Under,-112,46.5
2026-08-28T01:34:27Z,1edfa5ceaa1ad2cb57df1c1b908731f6,2026-09-13T20:25:00Z,Los Angeles Chargers,Arizona Cardinals,fanduel,spreads,Arizona Cardinals,-114,10.5
2026-08-28T01:34:27Z,1edfa5ceaa1ad2cb57df1c1b908731f6,2026-09-13T20:25:00Z,Los Angeles Chargers,Arizona Cardinals,fanduel,spreads,Los Angeles Chargers,-106,-10.5
2026-08-28T01:34:27Z,1edfa5ceaa1ad2cb57df1c1b908731f6,2026-09-13T20:25:00Z,Los Angeles Chargers,Arizona Cardinals,fanduel,totals,Over,-110,46.5
2026-08-28T01:34:27Z,1edfa5ceaa1ad2cb57df1c1b908731f6,2026-09-13T20:25:00Z,Los Angeles Chargers,Arizona Cardinals,fanduel,totals,Under,-110,46.5
2026-08-28T01:34:27Z,1edfa5ceaa1ad2cb57df1c1b908731f6,2026-09-13T20:25:00Z,Los Angeles Chargers,Arizona Cardinals,betmgm,spreads,Arizona Cardinals,-108,10.5
2026-08-28T01:34:27Z,1edfa5ceaa1ad2cb57df1c1b908731f6,2026-09-13T20:25:00Z,Los Angeles Chargers,Arizona Cardinals,betmgm,spreads,Los Angeles Chargers,-110,-10.5
2026-08-28T01:34:27Z,1edfa5ceaa1ad2cb57df1c1b908731f6,2026-09-13T20:25:00Z,Los Angeles Chargers,Arizona Cardinals,betmgm,totals,Over,-108,46.5
2026-08-28T01:34:27Z,1edfa5ceaa1ad2cb57df1c1b908731f6,2026-09-13T20:25:00Z,Los Angeles Chargers,Arizona Cardinals,betmgm,totals,Under,-110,46.5
2026-08-28T01:34:27Z,1edfa5ceaa1ad2cb57df1c1b908731f6,2026-09-13T20:25:00Z,Los Angeles Chargers,Arizona Cardinals,bovada,spreads,Arizona Cardinals,-115,10.0
2026-08-28T01:34:27Z,1edfa5ceaa1ad2cb57df1c1b908731f6,2026-09-13T20:25:00Z,Los Angeles Chargers,Arizona Cardinals,bovada,spreads,Los Angeles Chargers,-105,-10.0
2026-08-28T01:34:27Z,1edfa5ceaa1ad2cb57df1c1b908731f6,2026-09-13T20:25:00Z,Los Angeles Chargers,Arizona Cardinals,bovada,totals,Over,-110,46.5
2026-08-28T01:34:27Z,1edfa5ceaa1ad2cb57df1c1b908731f6,2026-09-13T20:25:00Z,Los Angeles Chargers,Arizona Cardinals,bovada,totals,Under,-110,46.5
2026-08-28T01:34:27Z,1edfa5ceaa1ad2cb57df1c1b908731f6,2026-09-13T20:25:00Z,Los Angeles Chargers,Arizona Cardinals,mybookieag,spreads,Arizona Cardinals,-110,10.5
2026-08-28T01:34:27Z,1edfa5ceaa1ad2cb57df1c1b908731f6,2026-09-13T20:25:00Z,Los Angeles Chargers,Arizona Cardinals,mybookieag,spreads,Los Angeles Chargers,-110,-10.5
2026-08-28T01:34:27Z,1edfa5ceaa1ad2cb57df1c1b908731f6,2026-09-13T20:25:00Z,Los Angeles Chargers,Arizona Cardinals,mybookieag,totals,Over,-110,46.5
2026-08-28T01:34:27Z,1edfa5ceaa1ad2cb57df1c1b908731f6,2026-09-13T20:25:00Z,Los Angeles Chargers,Arizona Cardinals,mybookieag,totals,Under,-110,46.5
2026-08-28T01:34:27Z,cb77efed7e711d25a72c1a2a0a1af119,2026-09-13T20:25:00Z,Minnesota Vikings,Green Bay Packers,draftkings,spreads,Green Bay Packers,-118,1.5
2026-08-28T01:34:27Z,cb77efed7e711d25a72c1a2a0a1af119,2026-09-13T20:25:00Z,Minnesota Vikings,Green Bay Packers,draftkings,spreads,Minnesota Vikings,-102,-1.5
2026-08-28T01:34:27Z,cb77efed7e711d25a72c1a2a0a1af119,2026-09-13T20:25:00Z,Minnesota Vikings,Green Bay Packers,draftkings,totals,Over,-110,45.5
2026-08-28T01:34:27Z,cb77efed7e711d25a72c1a2a0a1af119,2026-09-13T20:25:00Z,Minnesota Vikings,Green Bay Packers,draftkings,totals,Under,-110,45.5
2026-08-28T01:34:27Z,cb77efed7e711d25a72c1a2a0a1af119,2026-09-13T20:25:00Z,Minnesota Vikings,Green Bay Packers,lowvig,spreads,Green Bay Packers,-110,1.5
2026-08-28T01:34:27Z,cb77efed7e711d25a72c1a2a0a1af119,2026-09-13T20:25:00Z,Minnesota Vikings,Green Bay Packers,lowvig,spreads,Minnesota Vikings,100,-1.5
2026-08-28T01:34:27Z,cb77efed7e711d25a72c1a2a0a1af119,2026-09-13T20:25:00Z,Minnesota Vikings,Green Bay Packers,lowvig,totals,Over,-107,45.0
2026-08-28T01:34:27Z,cb77efed7e711d25a72c1a2a0a1af119,2026-09-13T20:25:00Z,Minnesota Vikings,Green Bay Packers,lowvig,totals,Under,-107,45.0
2026-08-28T01:34:27Z,cb77efed7e711d25a72c1a2a0a1af119,2026-09-13T20:25:00Z,Minnesota Vikings,Green Bay Packers,betonlineag,spreads,Green Bay Packers,-115,1.5
2026-08-28T01:34:27Z,cb77efed7e711d25a72c1a2a0a1af119,2026-09-13T20:25:00Z,Minnesota Vikings,Green Bay Packers,betonlineag,spreads,Minnesota Vikings,-105,-1.5
2026-08-28T01:34:27Z,cb77efed7e711d25a72c1a2a0a1af119,2026-09-13T20:25:00Z,Minnesota Vikings,Green Bay Packers,betonlineag,totals,Over,-110,45.0
2026-08-28T01:34:27Z,cb77efed7e711d25a72c1a2a0a1af119,2026-09-13T20:25:00Z,Minnesota Vikings,Green Bay Packers,betonlineag,totals,Under,-110,45.0
2026-08-28T01:34:27Z,cb77efed7e711d25a72c1a2a0a1af119,2026-09-13T20:25:00Z,Minnesota Vikings,Green Bay Packers,betus,spreads,Green Bay Packers,-105,1.0
2026-08-28T01:34:27Z,cb77efed7e711d25a72c1a2a0a1af119,2026-09-13T20:25:00Z,Minnesota Vikings,Green Bay Packers,betus,spreads,Minnesota Vikings,-115,-1.0
2026-08-28T01:34:27Z,cb77efed7e711d25a72c1a2a0a1af119,2026-09-13T20:25:00Z,Minnesota Vikings,Green Bay Packers,betus,totals,Over,-110,45.0
2026-08-28T01:34:27Z,cb77efed7e711d25a72c1a2a0a1af119,2026-09-13T20:25:00Z,Minnesota Vikings,Green Bay Packers,betus,totals,Under,-110,45.0
2026-08-28T01:34:27Z,cb77efed7e711d25a72c1a2a0a1af119,2026-09-13T20:25:00Z,Minnesota Vikings,Green Bay Packers,betrivers,spreads,Green Bay Packers,-115,1.0
2026-08-28T01:34:27Z,cb77efed7e711d25a72c1a2a0a1af119,2026-09-13T20:25:00Z,Minnesota Vikings,Green Bay Packers,betrivers,spreads,Minnesota Vikings,-105,-1.0
2026-08-28T01:34:27Z,cb77efed7e711d25a72c1a2a0a1af119,2026-09-13T20:25:00Z,Minnesota Vikings,Green Bay Packers,betrivers,totals,Over,-113,45.0
2026-08-28T01:34:27Z,cb77efed7e711d25a72c1a2a0a1af119,2026-09-13T20:25:00Z,Minnesota Vikings,Green Bay Packers,betrivers,totals,Under,-108,45.0
2026-08-28T01:34:27Z,cb77efed7e711d25a72c1a2a0a1af119,2026-09-13T20:25:00Z,Minnesota Vikings,Green Bay Packers,fanduel,spreads,Green Bay Packers,-115,1.5
2026-08-28T01:34:27Z,cb77efed7e711d25a72c1a2a0a1af119,2026-09-13T20:25:00Z,Minnesota Vikings,Green Bay Packers,fanduel,spreads,Minnesota Vikings,-105,-1.5
2026-08-28T01:34:27Z,cb77efed7e711d25a72c1a2a0a1af119,2026-09-13T20:25:00Z,Minnesota Vikings,Green Bay Packers,fanduel,totals,Over,-115,45.5
2026-08-28T01:34:27Z,cb77efed7e711d25a72c1a2a0a1af119,2026-09-13T20:25:00Z,Minnesota Vikings,Green Bay Packers,fanduel,totals,Under,-105,45.5
2026-08-28T01:34:27Z,cb77efed7e711d25a72c1a2a0a1af119,2026-09-13T20:25:00Z,Minnesota Vikings,Green Bay Packers,betmgm,spreads,Green Bay Packers,-108,1.0
2026-08-28T01:34:27Z,cb77efed7e711d25a72c1a2a0a1af119,2026-09-13T20:25:00Z,Minnesota Vikings,Green Bay Packers,betmgm,spreads,Minnesota Vikings,-110,-1.0
2026-08-28T01:34:27Z,cb77efed7e711d25a72c1a2a0a1af119,2026-09-13T20:25:00Z,Minnesota Vikings,Green Bay Packers,betmgm,totals,Over,-110,45.0
2026-08-28T01:34:27Z,cb77efed7e711d25a72c1a2a0a1af119,2026-09-13T20:25:00Z,Minnesota Vikings,Green Bay Packers,betmgm,totals,Under,-110,45.0
2026-08-28T01:34:27Z,cb77efed7e711d25a72c1a2a0a1af119,2026-09-13T20:25:00Z,Minnesota Vikings,Green Bay Packers,bovada,spreads,Green Bay Packers,-115,1.5
2026-08-28T01:34:27Z,cb77efed7e711d25a72c1a2a0a1af119,2026-09-13T20:25:00Z,Minnesota Vikings,Green Bay Packers,bovada,spreads,Minnesota Vikings,-105,-1.5
2026-08-28T01:34:27Z,cb77efed7e711d25a72c1a2a0a1af119,2026-09-13T20:25:00Z,Minnesota Vikings,Green Bay Packers,bovada,totals,Over,-110,45.0
2026-08-28T01:34:27Z,cb77efed7e711d25a72c1a2a0a1af119,2026-09-13T20:25:00Z,Minnesota Vikings,Green Bay Packers,bovada,totals,Under,-110,45.0
2026-08-28T01:34:27Z,cb77efed7e711d25a72c1a2a0a1af119,2026-09-13T20:25:00Z,Minnesota Vikings,Green Bay Packers,mybookieag,spreads,Green Bay Packers,-110,1.5
2026-08-28T01:34:27Z,cb77efed7e711d25a72c1a2a0a1af119,2026-09-13T20:25:00Z,Minnesota Vikings,Green Bay Packers,mybookieag,spreads,Minnesota Vikings,-110,-1.5
2026-08-28T01:34:27Z,cb77efed7e711d25a72c1a2a0a1af119,2026-09-13T20:25:00Z,Minnesota Vikings,Green Bay Packers,mybookieag,totals,Over,-110,45.5
2026-08-28T01:34:27Z,cb77efed7e711d25a72c1a2a0a1af119,2026-09-13T20:25:00Z,Minnesota Vikings,Green Bay Packers,mybookieag,totals,Under,-110,45.5
2026-08-28T01:34:27Z,c5d95f48a16849ab6bebc68fbbfcb74a,2026-09-13T20:25:00Z,Las Vegas Raiders,Miami Dolphins,draftkings,spreads,Las Vegas Raiders,-110,-3.5
2026-08-28T01:34:27Z,c5d95f48a16849ab6bebc68fbbfcb74a,2026-09-13T20:25:00Z,Las Vegas Raiders,Miami Dolphins,draftkings,spreads,Miami Dolphins,-110,3.5
2026-08-28T01:34:27Z,c5d95f48a16849ab6bebc68fbbfcb74a,2026-09-13T20:25:00Z,Las Vegas Raiders,Miami Dolphins,draftkings,totals,Over,-110,40.5
2026-08-28T01:34:27Z,c5d95f48a16849ab6bebc68fbbfcb74a,2026-09-13T20:25:00Z,Las Vegas Raiders,Miami Dolphins,draftkings,totals,Under,-110,40.5
2026-08-28T01:34:27Z,c5d95f48a16849ab6bebc68fbbfcb74a,2026-09-13T20:25:00Z,Las Vegas Raiders,Miami Dolphins,betus,spreads,Las Vegas Raiders,-110,-3.5
2026-08-28T01:34:27Z,c5d95f48a16849ab6bebc68fbbfcb74a,2026-09-13T20:25:00Z,Las Vegas Raiders,Miami Dolphins,betus,spreads,Miami Dolphins,-110,3.5
2026-08-28T01:34:27Z,c5d95f48a16849ab6bebc68fbbfcb74a,2026-09-13T20:25:00Z,Las Vegas Raiders,Miami Dolphins,betus,totals,Over,-110,40.5
2026-08-28T01:34:27Z,c5d95f48a16849ab6bebc68fbbfcb74a,2026-09-13T20:25:00Z,Las Vegas Raiders,Miami Dolphins,betus,totals,Under,-110,40.5
2026-08-28T01:34:27Z,c5d95f48a16849ab6bebc68fbbfcb74a,2026-09-13T20:25:00Z,Las Vegas Raiders,Miami Dolphins,betrivers,spreads,Las Vegas Raiders,-110,-3.5
2026-08-28T01:34:27Z,c5d95f48a16849ab6bebc68fbbfcb74a,2026-09-13T20:25:00Z,Las Vegas Raiders,Miami Dolphins,betrivers,spreads,Miami Dolphins,-110,3.5
2026-08-28T01:34:27Z,c5d95f48a16849ab6bebc68fbbfcb74a,2026-09-13T20:25:00Z,Las Vegas Raiders,Miami Dolphins,betrivers,totals,Over,-113,40.0
2026-08-28T01:34:27Z,c5d95f48a16849ab6bebc68fbbfcb74a,2026-09-13T20:25:00Z,Las Vegas Raiders,Miami Dolphins,betrivers,totals,Under,-108,40.0
2026-08-28T01:34:27Z,c5d95f48a16849ab6bebc68fbbfcb74a,2026-09-13T20:25:00Z,Las Vegas Raiders,Miami Dolphins,fanduel,spreads,Las Vegas Raiders,-110,-3.5
2026-08-28T01:34:27Z,c5d95f48a16849ab6bebc68fbbfcb74a,2026-09-13T20:25:00Z,Las Vegas Raiders,Miami Dolphins,fanduel,spreads,Miami Dolphins,-110,3.5
2026-08-28T01:34:27Z,c5d95f48a16849ab6bebc68fbbfcb74a,2026-09-13T20:25:00Z,Las Vegas Raiders,Miami Dolphins,fanduel,totals,Over,-120,39.5
2026-08-28T01:34:27Z,c5d95f48a16849ab6bebc68fbbfcb74a,2026-09-13T20:25:00Z,Las Vegas Raiders,Miami Dolphins,fanduel,totals,Under,-102,39.5
2026-08-28T01:34:27Z,c5d95f48a16849ab6bebc68fbbfcb74a,2026-09-13T20:25:00Z,Las Vegas Raiders,Miami Dolphins,betonlineag,spreads,Las Vegas Raiders,-110,-3.5
2026-08-28T01:34:27Z,c5d95f48a16849ab6bebc68fbbfcb74a,2026-09-13T20:25:00Z,Las Vegas Raiders,Miami Dolphins,betonlineag,spreads,Miami Dolphins,-110,3.5
2026-08-28T01:34:27Z,c5d95f48a16849ab6bebc68fbbfcb74a,2026-09-13T20:25:00Z,Las Vegas Raiders,Miami Dolphins,betonlineag,totals,Over,-110,40.5
2026-08-28T01:34:27Z,c5d95f48a16849ab6bebc68fbbfcb74a,2026-09-13T20:25:00Z,Las Vegas Raiders,Miami Dolphins,betonlineag,totals,Under,-110,40.5
2026-08-28T01:34:27Z,c5d95f48a16849ab6bebc68fbbfcb74a,2026-09-13T20:25:00Z,Las Vegas Raiders,Miami Dolphins,lowvig,spreads,Las Vegas Raiders,-105,-3.5
2026-08-28T01:34:27Z,c5d95f48a16849ab6bebc68fbbfcb74a,2026-09-13T20:25:00Z,Las Vegas Raiders,Miami Dolphins,lowvig,spreads,Miami Dolphins,-105,3.5
2026-08-28T01:34:27Z,c5d95f48a16849ab6bebc68fbbfcb74a,2026-09-13T20:25:00Z,Las Vegas Raiders,Miami Dolphins,lowvig,totals,Over,-107,40.5
2026-08-28T01:34:27Z,c5d95f48a16849ab6bebc68fbbfcb74a,2026-09-13T20:25:00Z,Las Vegas Raiders,Miami Dolphins,lowvig,totals,Under,-107,40.5
2026-08-28T01:34:27Z,c5d95f48a16849ab6bebc68fbbfcb74a,2026-09-13T20:25:00Z,Las Vegas Raiders,Miami Dolphins,betmgm,spreads,Las Vegas Raiders,-110,-3.5
2026-08-28T01:34:27Z,c5d95f48a16849ab6bebc68fbbfcb74a,2026-09-13T20:25:00Z,Las Vegas Raiders,Miami Dolphins,betmgm,spreads,Miami Dolphins,-108,3.5
2026-08-28T01:34:27Z,c5d95f48a16849ab6bebc68fbbfcb74a,2026-09-13T20:25:00Z,Las Vegas Raiders,Miami Dolphins,betmgm,totals,Over,-110,40.5
2026-08-28T01:34:27Z,c5d95f48a16849ab6bebc68fbbfcb74a,2026-09-13T20:25:00Z,Las Vegas Raiders,Miami Dolphins,betmgm,totals,Under,-108,40.5
2026-08-28T01:34:27Z,c5d95f48a16849ab6bebc68fbbfcb74a,2026-09-13T20:25:00Z,Las Vegas Raiders,Miami Dolphins,bovada,spreads,Las Vegas Raiders,-110,-3.5
2026-08-28T01:34:27Z,c5d95f48a16849ab6bebc68fbbfcb74a,2026-09-13T20:25:00Z,Las Vegas Raiders,Miami Dolphins,bovada,spreads,Miami Dolphins,-110,3.5
2026-08-28T01:34:27Z,c5d95f48a16849ab6bebc68fbbfcb74a,2026-09-13T20:25:00Z,Las Vegas Raiders,Miami Dolphins,bovada,totals,Over,-110,40.5
2026-08-28T01:34:27Z,c5d95f48a16849ab6bebc68fbbfcb74a,2026-09-13T20:25:00Z,Las Vegas Raiders,Miami Dolphins,bovada,totals,Under,-110,40.5
2026-08-28T01:34:27Z,c5d95f48a16849ab6bebc68fbbfcb74a,2026-09-13T20:25:00Z,Las Vegas Raiders,Miami Dolphins,mybookieag,spreads,Las Vegas Raiders,-110,-3.5
2026-08-28T01:34:27Z,c5d95f48a16849ab6bebc68fbbfcb74a,2026-09-13T20:25:00Z,Las Vegas Raiders,Miami Dolphins,mybookieag,spreads,Miami Dolphins,-110,3.5
2026-08-28T01:34:27Z,c5d95f48a16849ab6bebc68fbbfcb74a,2026-09-13T20:25:00Z,Las Vegas Raiders,Miami Dolphins,mybookieag,totals,Over,-110,40.5
2026-08-28T01:34:27Z,c5d95f48a16849ab6bebc68fbbfcb74a,2026-09-13T20:25:00Z,Las Vegas Raiders,Miami Dolphins,mybookieag,totals,Under,-110,40.5
2026-08-28T01:34:27Z,17885cb8dcade8f6c3bce14b2de805e8,2026-09-13T20:25:00Z,Philadelphia Eagles,Washington Commanders,draftkings,spreads,Philadelphia Eagles,-110,-4.5
2026-08-28T01:34:27Z,17885cb8dcade8f6c3bce14b2de805e8,2026-09-13T20:25:00Z,Philadelphia Eagles,Washington Commanders,draftkings,spreads,Washington Commanders,-110,4.5
2026-08-28T01:34:27Z,17885cb8dcade8f6c3bce14b2de805e8,2026-09-13T20:25:00Z,Philadelphia Eagles,Washington Commanders,draftkings,totals,Over,-110,46.5
2026-08-28T01:34:27Z,17885cb8dcade8f6c3bce14b2de805e8,2026-09-13T20:25:00Z,Philadelphia Eagles,Washington Commanders,draftkings,totals,Under,-110,46.5
2026-08-28T01:34:27Z,17885cb8dcade8f6c3bce14b2de805e8,2026-09-13T20:25:00Z,Philadelphia Eagles,Washington Commanders,fanduel,spreads,Philadelphia Eagles,-105,-5.5
2026-08-28T01:34:27Z,17885cb8dcade8f6c3bce14b2de805e8,2026-09-13T20:25:00Z,Philadelphia Eagles,Washington Commanders,fanduel,spreads,Washington Commanders,-115,5.5
2026-08-28T01:34:27Z,17885cb8dcade8f6c3bce14b2de805e8,2026-09-13T20:25:00Z,Philadelphia Eagles,Washington Commanders,fanduel,totals,Over,-105,46.5
2026-08-28T01:34:27Z,17885cb8dcade8f6c3bce14b2de805e8,2026-09-13T20:25:00Z,Philadelphia Eagles,Washington Commanders,fanduel,totals,Under,-115,46.5
2026-08-28T01:34:27Z,17885cb8dcade8f6c3bce14b2de805e8,2026-09-13T20:25:00Z,Philadelphia Eagles,Washington Commanders,betus,spreads,Philadelphia Eagles,-110,-4.5
2026-08-28T01:34:27Z,17885cb8dcade8f6c3bce14b2de805e8,2026-09-13T20:25:00Z,Philadelphia Eagles,Washington Commanders,betus,spreads,Washington Commanders,-110,4.5
2026-08-28T01:34:27Z,17885cb8dcade8f6c3bce14b2de805e8,2026-09-13T20:25:00Z,Philadelphia Eagles,Washington Commanders,betus,totals,Over,-110,46.5
2026-08-28T01:34:27Z,17885cb8dcade8f6c3bce14b2de805e8,2026-09-13T20:25:00Z,Philadelphia Eagles,Washington Commanders,betus,totals,Under,-110,46.5
2026-08-28T01:34:27Z,17885cb8dcade8f6c3bce14b2de805e8,2026-09-13T20:25:00Z,Philadelphia Eagles,Washington Commanders,betrivers,spreads,Philadelphia Eagles,-112,-4.5
2026-08-28T01:34:27Z,17885cb8dcade8f6c3bce14b2de805e8,2026-09-13T20:25:00Z,Philadelphia Eagles,Washington Commanders,betrivers,spreads,Washington Commanders,-109,4.5
2026-08-28T01:34:27Z,17885cb8dcade8f6c3bce14b2de805e8,2026-09-13T20:25:00Z,Philadelphia Eagles,Washington Commanders,betrivers,totals,Over,-110,46.5
2026-08-28T01:34:27Z,17885cb8dcade8f6c3bce14b2de805e8,2026-09-13T20:25:00Z,Philadelphia Eagles,Washington Commanders,betrivers,totals,Under,-110,46.5
2026-08-28T01:34:27Z,17885cb8dcade8f6c3bce14b2de805e8,2026-09-13T20:25:00Z,Philadelphia Eagles,Washington Commanders,betonlineag,spreads,Philadelphia Eagles,-110,-4.5
2026-08-28T01:34:27Z,17885cb8dcade8f6c3bce14b2de805e8,2026-09-13T20:25:00Z,Philadelphia Eagles,Washington Commanders,betonlineag,spreads,Washington Commanders,-110,4.5
2026-08-28T01:34:27Z,17885cb8dcade8f6c3bce14b2de805e8,2026-09-13T20:25:00Z,Philadelphia Eagles,Washington Commanders,betonlineag,totals,Over,-110,46.5
2026-08-28T01:34:27Z,17885cb8dcade8f6c3bce14b2de805e8,2026-09-13T20:25:00Z,Philadelphia Eagles,Washington Commanders,betonlineag,totals,Under,-110,46.5
2026-08-28T01:34:27Z,17885cb8dcade8f6c3bce14b2de805e8,2026-09-13T20:25:00Z,Philadelphia Eagles,Washington Commanders,lowvig,spreads,Philadelphia Eagles,-105,-4.5
2026-08-28T01:34:27Z,17885cb8dcade8f6c3bce14b2de805e8,2026-09-13T20:25:00Z,Philadelphia Eagles,Washington Commanders,lowvig,spreads,Washington Commanders,-105,4.5
2026-08-28T01:34:27Z,17885cb8dcade8f6c3bce14b2de805e8,2026-09-13T20:25:00Z,Philadelphia Eagles,Washington Commanders,lowvig,totals,Over,-107,46.5
2026-08-28T01:34:27Z,17885cb8dcade8f6c3bce14b2de805e8,2026-09-13T20:25:00Z,Philadelphia Eagles,Washington Commanders,lowvig,totals,Under,-107,46.5
2026-08-28T01:34:27Z,17885cb8dcade8f6c3bce14b2de805e8,2026-09-13T20:25:00Z,Philadelphia Eagles,Washington Commanders,betmgm,spreads,Philadelphia Eagles,-108,-4.5
2026-08-28T01:34:27Z,17885cb8dcade8f6c3bce14b2de805e8,2026-09-13T20:25:00Z,Philadelphia Eagles,Washington Commanders,betmgm,spreads,Washington Commanders,-110,4.5
2026-08-28T01:34:27Z,17885cb8dcade8f6c3bce14b2de805e8,2026-09-13T20:25:00Z,Philadelphia Eagles,Washington Commanders,betmgm,totals,Over,-108,46.5
2026-08-28T01:34:27Z,17885cb8dcade8f6c3bce14b2de805e8,2026-09-13T20:25:00Z,Philadelphia Eagles,Washington Commanders,betmgm,totals,Under,-110,46.5
2026-08-28T01:34:27Z,17885cb8dcade8f6c3bce14b2de805e8,2026-09-13T20:25:00Z,Philadelphia Eagles,Washington Commanders,bovada,spreads,Philadelphia Eagles,-110,-4.5
2026-08-28T01:34:27Z,17885cb8dcade8f6c3bce14b2de805e8,2026-09-13T20:25:00Z,Philadelphia Eagles,Washington Commanders,bovada,spreads,Washington Commanders,-110,4.5
2026-08-28T01:34:27Z,17885cb8dcade8f6c3bce14b2de805e8,2026-09-13T20:25:00Z,Philadelphia Eagles,Washington Commanders,bovada,totals,Over,-110,46.5
2026-08-28T01:34:27Z,17885cb8dcade8f6c3bce14b2de805e8,2026-09-13T20:25:00Z,Philadelphia Eagles,Washington Commanders,bovada,totals,Under,-110,46.5
2026-08-28T01:34:27Z,17885cb8dcade8f6c3bce14b2de805e8,2026-09-13T20:25:00Z,Philadelphia Eagles,Washington Commanders,mybookieag,spreads,Philadelphia Eagles,-110,-4.5
2026-08-28T01:34:27Z,17885cb8dcade8f6c3bce14b2de805e8,2026-09-13T20:25:00Z,Philadelphia Eagles,Washington Commanders,mybookieag,spreads,Washington Commanders,-110,4.5
2026-08-28T01:34:27Z,17885cb8dcade8f6c3bce14b2de805e8,2026-09-13T20:25:00Z,Philadelphia Eagles,Washington Commanders,mybookieag,totals,Over,-110,46.0
2026-08-28T01:34:27Z,17885cb8dcade8f6c3bce14b2de805e8,2026-09-13T20:25:00Z,Philadelphia Eagles,Washington Commanders,mybookieag,totals,Under,-110,46.0
2026-08-28T01:34:27Z,3e646c7479c57f5d9752d8c7dfe7059b,2026-09-14T00:20:00Z,New York Giants,Dallas Cowboys,draftkings,spreads,Dallas Cowboys,-115,-2.5
2026-08-28T01:34:27Z,3e646c7479c57f5d9752d8c7dfe7059b,2026-09-14T00:20:00Z,New York Giants,Dallas Cowboys,draftkings,spreads,New York Giants,-105,2.5
2026-08-28T01:34:27Z,3e646c7479c57f5d9752d8c7dfe7059b,2026-09-14T00:20:00Z,New York Giants,Dallas Cowboys,draftkings,totals,Over,-110,48.5
2026-08-28T01:34:27Z,3e646c7479c57f5d9752d8c7dfe7059b,2026-09-14T00:20:00Z,New York Giants,Dallas Cowboys,draftkings,totals,Under,-110,48.5
2026-08-28T01:34:27Z,3e646c7479c57f5d9752d8c7dfe7059b,2026-09-14T00:20:00Z,New York Giants,Dallas Cowboys,fanduel,spreads,Dallas Cowboys,-120,-2.5
2026-08-28T01:34:27Z,3e646c7479c57f5d9752d8c7dfe7059b,2026-09-14T00:20:00Z,New York Giants,Dallas Cowboys,fanduel,spreads,New York Giants,-102,2.5
2026-08-28T01:34:27Z,3e646c7479c57f5d9752d8c7dfe7059b,2026-09-14T00:20:00Z,New York Giants,Dallas Cowboys,fanduel,totals,Over,-110,48.5
2026-08-28T01:34:27Z,3e646c7479c57f5d9752d8c7dfe7059b,2026-09-14T00:20:00Z,New York Giants,Dallas Cowboys,fanduel,totals,Under,-110,48.5
2026-08-28T01:34:27Z,3e646c7479c57f5d9752d8c7dfe7059b,2026-09-14T00:20:00Z,New York Giants,Dallas Cowboys,betonlineag,spreads,Dallas Cowboys,-105,-3.0
2026-08-28T01:34:27Z,3e646c7479c57f5d9752d8c7dfe7059b,2026-09-14T00:20:00Z,New York Giants,Dallas Cowboys,betonlineag,spreads,New York Giants,-115,3.0
2026-08-28T01:34:27Z,3e646c7479c57f5d9752d8c7dfe7059b,2026-09-14T00:20:00Z,New York Giants,Dallas Cowboys,betonlineag,totals,Over,-115,48.0
2026-08-28T01:34:27Z,3e646c7479c57f5d9752d8c7dfe7059b,2026-09-14T00:20:00Z,New York Giants,Dallas Cowboys,betonlineag,totals,Under,-105,48.0
2026-08-28T01:34:27Z,3e646c7479c57f5d9752d8c7dfe7059b,2026-09-14T00:20:00Z,New York Giants,Dallas Cowboys,betmgm,spreads,Dallas Cowboys,-118,-2.5
2026-08-28T01:34:27Z,3e646c7479c57f5d9752d8c7dfe7059b,2026-09-14T00:20:00Z,New York Giants,Dallas Cowboys,betmgm,spreads,New York Giants,-102,2.5
2026-08-28T01:34:27Z,3e646c7479c57f5d9752d8c7dfe7059b,2026-09-14T00:20:00Z,New York Giants,Dallas Cowboys,betmgm,totals,Over,-108,48.5
2026-08-28T01:34:27Z,3e646c7479c57f5d9752d8c7dfe7059b,2026-09-14T00:20:00Z,New York Giants,Dallas Cowboys,betmgm,totals,Under,-110,48.5
2026-08-28T01:34:27Z,3e646c7479c57f5d9752d8c7dfe7059b,2026-09-14T00:20:00Z,New York Giants,Dallas Cowboys,lowvig,spreads,Dallas Cowboys,100,-3.0
2026-08-28T01:34:27Z,3e646c7479c57f5d9752d8c7dfe7059b,2026-09-14T00:20:00Z,New York Giants,Dallas Cowboys,lowvig,spreads,New York Giants,-110,3.0
2026-08-28T01:34:27Z,3e646c7479c57f5d9752d8c7dfe7059b,2026-09-14T00:20:00Z,New York Giants,Dallas Cowboys,lowvig,totals,Over,-113,48.0
2026-08-28T01:34:27Z,3e646c7479c57f5d9752d8c7dfe7059b,2026-09-14T00:20:00Z,New York Giants,Dallas Cowboys,lowvig,totals,Under,-102,48.0
2026-08-28T01:34:27Z,3e646c7479c57f5d9752d8c7dfe7059b,2026-09-14T00:20:00Z,New York Giants,Dallas Cowboys,betrivers,spreads,Dallas Cowboys,-118,-2.5
2026-08-28T01:34:27Z,3e646c7479c57f5d9752d8c7dfe7059b,2026-09-14T00:20:00Z,New York Giants,Dallas Cowboys,betrivers,spreads,New York Giants,-104,2.5
2026-08-28T01:34:27Z,3e646c7479c57f5d9752d8c7dfe7059b,2026-09-14T00:20:00Z,New York Giants,Dallas Cowboys,betrivers,totals,Over,-108,48.5
2026-08-28T01:34:27Z,3e646c7479c57f5d9752d8c7dfe7059b,2026-09-14T00:20:00Z,New York Giants,Dallas Cowboys,betrivers,totals,Under,-113,48.5
2026-08-28T01:34:27Z,3e646c7479c57f5d9752d8c7dfe7059b,2026-09-14T00:20:00Z,New York Giants,Dallas Cowboys,bovada,spreads,Dallas Cowboys,-105,-3.0
2026-08-28T01:34:27Z,3e646c7479c57f5d9752d8c7dfe7059b,2026-09-14T00:20:00Z,New York Giants,Dallas Cowboys,bovada,spreads,New York Giants,-115,3.0
2026-08-28T01:34:27Z,3e646c7479c57f5d9752d8c7dfe7059b,2026-09-14T00:20:00Z,New York Giants,Dallas Cowboys,bovada,totals,Over,-105,48.5
2026-08-28T01:34:27Z,3e646c7479c57f5d9752d8c7dfe7059b,2026-09-14T00:20:00Z,New York Giants,Dallas Cowboys,bovada,totals,Under,-115,48.5
2026-08-28T01:34:27Z,3e646c7479c57f5d9752d8c7dfe7059b,2026-09-14T00:20:00Z,New York Giants,Dallas Cowboys,betus,spreads,Dallas Cowboys,-105,-3.0
2026-08-28T01:34:27Z,3e646c7479c57f5d9752d8c7dfe7059b,2026-09-14T00:20:00Z,New York Giants,Dallas Cowboys,betus,spreads,New York Giants,-115,3.0
2026-08-28T01:34:27Z,3e646c7479c57f5d9752d8c7dfe7059b,2026-09-14T00:20:00Z,New York Giants,Dallas Cowboys,betus,totals,Over,-115,48.0
2026-08-28T01:34:27Z,3e646c7479c57f5d9752d8c7dfe7059b,2026-09-14T00:20:00Z,New York Giants,Dallas Cowboys,betus,totals,Under,-105,48.0
2026-08-28T01:34:27Z,3e646c7479c57f5d9752d8c7dfe7059b,2026-09-14T00:20:00Z,New York Giants,Dallas Cowboys,mybookieag,spreads,Dallas Cowboys,-110,-3.0
2026-08-28T01:34:27Z,3e646c7479c57f5d9752d8c7dfe7059b,2026-09-14T00:20:00Z,New York Giants,Dallas Cowboys,mybookieag,spreads,New York Giants,-110,3.0
2026-08-28T01:34:27Z,3e646c7479c57f5d9752d8c7dfe7059b,2026-09-14T00:20:00Z,New York Giants,Dallas Cowboys,mybookieag,totals,Over,-110,48.5
2026-08-28T01:34:27Z,3e646c7479c57f5d9752d8c7dfe7059b,2026-09-14T00:20:00Z,New York Giants,Dallas Cowboys,mybookieag,totals,Under,-110,48.5
2026-08-28T01:34:27Z,5ad8135dc2b5f27de0b777acd317855a,2026-09-15T00:15:00Z,Kansas City Chiefs,Denver Broncos,draftkings,spreads,Denver Broncos,-115,3.0
2026-08-28T01:34:27Z,5ad8135dc2b5f27de0b777acd317855a,2026-09-15T00:15:00Z,Kansas City Chiefs,Denver Broncos,draftkings,spreads,Kansas City Chiefs,-105,-3.0
2026-08-28T01:34:27Z,5ad8135dc2b5f27de0b777acd317855a,2026-09-15T00:15:00Z,Kansas City Chiefs,Denver Broncos,draftkings,totals,Over,-110,42.5
2026-08-28T01:34:27Z,5ad8135dc2b5f27de0b777acd317855a,2026-09-15T00:15:00Z,Kansas City Chiefs,Denver Broncos,draftkings,totals,Under,-110,42.5
2026-08-28T01:34:27Z,5ad8135dc2b5f27de0b777acd317855a,2026-09-15T00:15:00Z,Kansas City Chiefs,Denver Broncos,fanduel,spreads,Denver Broncos,-105,2.5
2026-08-28T01:34:27Z,5ad8135dc2b5f27de0b777acd317855a,2026-09-15T00:15:00Z,Kansas City Chiefs,Denver Broncos,fanduel,spreads,Kansas City Chiefs,-115,-2.5
2026-08-28T01:34:27Z,5ad8135dc2b5f27de0b777acd317855a,2026-09-15T00:15:00Z,Kansas City Chiefs,Denver Broncos,fanduel,totals,Over,-104,43.5
2026-08-28T01:34:27Z,5ad8135dc2b5f27de0b777acd317855a,2026-09-15T00:15:00Z,Kansas City Chiefs,Denver Broncos,fanduel,totals,Under,-118,43.5
2026-08-28T01:34:27Z,5ad8135dc2b5f27de0b777acd317855a,2026-09-15T00:15:00Z,Kansas City Chiefs,Denver Broncos,lowvig,spreads,Denver Broncos,105,2.5
2026-08-28T01:34:27Z,5ad8135dc2b5f27de0b777acd317855a,2026-09-15T00:15:00Z,Kansas City Chiefs,Denver Broncos,lowvig,spreads,Kansas City Chiefs,-116,-2.5
2026-08-28T01:34:27Z,5ad8135dc2b5f27de0b777acd317855a,2026-09-15T00:15:00Z,Kansas City Chiefs,Denver Broncos,lowvig,totals,Over,-107,43.5
2026-08-28T01:34:27Z,5ad8135dc2b5f27de0b777acd317855a,2026-09-15T00:15:00Z,Kansas City Chiefs,Denver Broncos,lowvig,totals,Under,-107,43.5
2026-08-28T01:34:27Z,5ad8135dc2b5f27de0b777acd317855a,2026-09-15T00:15:00Z,Kansas City Chiefs,Denver Broncos,betonlineag,spreads,Denver Broncos,100,2.5
2026-08-28T01:34:27Z,5ad8135dc2b5f27de0b777acd317855a,2026-09-15T00:15:00Z,Kansas City Chiefs,Denver Broncos,betonlineag,spreads,Kansas City Chiefs,-120,-2.5
2026-08-28T01:34:27Z,5ad8135dc2b5f27de0b777acd317855a,2026-09-15T00:15:00Z,Kansas City Chiefs,Denver Broncos,betonlineag,totals,Over,-110,43.5
2026-08-28T01:34:27Z,5ad8135dc2b5f27de0b777acd317855a,2026-09-15T00:15:00Z,Kansas City Chiefs,Denver Broncos,betonlineag,totals,Under,-110,43.5
2026-08-28T01:34:27Z,5ad8135dc2b5f27de0b777acd317855a,2026-09-15T00:15:00Z,Kansas City Chiefs,Denver Broncos,betmgm,spreads,Denver Broncos,100,2.5
2026-08-28T01:34:27Z,5ad8135dc2b5f27de0b777acd317855a,2026-09-15T00:15:00Z,Kansas City Chiefs,Denver Broncos,betmgm,spreads,Kansas City Chiefs,-120,-2.5
2026-08-28T01:34:27Z,5ad8135dc2b5f27de0b777acd317855a,2026-09-15T00:15:00Z,Kansas City Chiefs,Denver Broncos,betmgm,totals,Over,-105,43.5
2026-08-28T01:34:27Z,5ad8135dc2b5f27de0b777acd317855a,2026-09-15T00:15:00Z,Kansas City Chiefs,Denver Broncos,betmgm,totals,Under,-112,43.5
2026-08-28T01:34:27Z,5ad8135dc2b5f27de0b777acd317855a,2026-09-15T00:15:00Z,Kansas City Chiefs,Denver Broncos,bovada,spreads,Denver Broncos,100,2.5
2026-08-28T01:34:27Z,5ad8135dc2b5f27de0b777acd317855a,2026-09-15T00:15:00Z,Kansas City Chiefs,Denver Broncos,bovada,spreads,Kansas City Chiefs,-120,-2.5
2026-08-28T01:34:27Z,5ad8135dc2b5f27de0b777acd317855a,2026-09-15T00:15:00Z,Kansas City Chiefs,Denver Broncos,bovada,totals,Over,-110,43.5
2026-08-28T01:34:27Z,5ad8135dc2b5f27de0b777acd317855a,2026-09-15T00:15:00Z,Kansas City Chiefs,Denver Broncos,bovada,totals,Under,-110,43.5
2026-08-28T01:34:27Z,5ad8135dc2b5f27de0b777acd317855a,2026-09-15T00:15:00Z,Kansas City Chiefs,Denver Broncos,betus,spreads,Denver Broncos,-125,3.0
2026-08-28T01:34:27Z,5ad8135dc2b5f27de0b777acd317855a,2026-09-15T00:15:00Z,Kansas City Chiefs,Denver Broncos,betus,spreads,Kansas City Chiefs,105,-3.0
2026-08-28T01:34:27Z,5ad8135dc2b5f27de0b777acd317855a,2026-09-15T00:15:00Z,Kansas City Chiefs,Denver Broncos,betus,totals,Over,-110,43.5
2026-08-28T01:34:27Z,5ad8135dc2b5f27de0b777acd317855a,2026-09-15T00:15:00Z,Kansas City Chiefs,Denver Broncos,betus,totals,Under,-110,43.5
2026-08-28T01:34:27Z,5ad8135dc2b5f27de0b777acd317855a,2026-09-15T00:15:00Z,Kansas City Chiefs,Denver Broncos,betrivers,spreads,Denver Broncos,-117,3.0
2026-08-28T01:34:27Z,5ad8135dc2b5f27de0b777acd317855a,2026-09-15T00:15:00Z,Kansas City Chiefs,Denver Broncos,betrivers,spreads,Kansas City Chiefs,-104,-3.0
2026-08-28T01:34:27Z,5ad8135dc2b5f27de0b777acd317855a,2026-09-15T00:15:00Z,Kansas City Chiefs,Denver Broncos,betrivers,totals,Over,-108,43.0
2026-08-28T01:34:27Z,5ad8135dc2b5f27de0b777acd317855a,2026-09-15T00:15:00Z,Kansas City Chiefs,Denver Broncos,betrivers,totals,Under,-113,43.0
2026-08-28T01:34:27Z,5ad8135dc2b5f27de0b777acd317855a,2026-09-15T00:15:00Z,Kansas City Chiefs,Denver Broncos,mybookieag,spreads,Denver Broncos,-110,2.5
2026-08-28T01:34:27Z,5ad8135dc2b5f27de0b777acd317855a,2026-09-15T00:15:00Z,Kansas City Chiefs,Denver Broncos,mybookieag,spreads,Kansas City Chiefs,-110,-2.5
2026-08-28T01:34:27Z,5ad8135dc2b5f27de0b777acd317855a,2026-09-15T00:15:00Z,Kansas City Chiefs,Denver Broncos,mybookieag,totals,Over,-110,43.0
2026-08-28T01:34:27Z,5ad8135dc2b5f27de0b777acd317855a,2026-09-15T00:15:00Z,Kansas City Chiefs,Denver Broncos,mybookieag,totals,Under,-110,43.0
2026-08-28T01:34:27Z,56e8897681915f7ec92baeee952bb1ae,2026-09-18T00:15:00Z,Buffalo Bills,Detroit Lions,draftkings,spreads,Buffalo Bills,-110,-3.0
2026-08-28T01:34:27Z,56e8897681915f7ec92baeee952bb1ae,2026-09-18T00:15:00Z,Buffalo Bills,Detroit Lions,draftkings,spreads,Detroit Lions,-110,3.0
2026-08-28T01:34:27Z,56e8897681915f7ec92baeee952bb1ae,2026-09-18T00:15:00Z,Buffalo Bills,Detroit Lions,draftkings,totals,Over,-110,52.5
2026-08-28T01:34:27Z,56e8897681915f7ec92baeee952bb1ae,2026-09-18T00:15:00Z,Buffalo Bills,Detroit Lions,draftkings,totals,Under,-110,52.5
2026-08-28T01:34:27Z,56e8897681915f7ec92baeee952bb1ae,2026-09-18T00:15:00Z,Buffalo Bills,Detroit Lions,betonlineag,spreads,Buffalo Bills,-110,-3.0
2026-08-28T01:34:27Z,56e8897681915f7ec92baeee952bb1ae,2026-09-18T00:15:00Z,Buffalo Bills,Detroit Lions,betonlineag,spreads,Detroit Lions,-110,3.0
2026-08-28T01:34:27Z,56e8897681915f7ec92baeee952bb1ae,2026-09-18T00:15:00Z,Buffalo Bills,Detroit Lions,betonlineag,totals,Over,-110,51.5
2026-08-28T01:34:27Z,56e8897681915f7ec92baeee952bb1ae,2026-09-18T00:15:00Z,Buffalo Bills,Detroit Lions,betonlineag,totals,Under,-110,51.5
2026-08-28T01:34:27Z,56e8897681915f7ec92baeee952bb1ae,2026-09-18T00:15:00Z,Buffalo Bills,Detroit Lions,lowvig,spreads,Buffalo Bills,-105,-3.0
2026-08-28T01:34:27Z,56e8897681915f7ec92baeee952bb1ae,2026-09-18T00:15:00Z,Buffalo Bills,Detroit Lions,lowvig,spreads,Detroit Lions,-105,3.0
2026-08-28T01:34:27Z,56e8897681915f7ec92baeee952bb1ae,2026-09-18T00:15:00Z,Buffalo Bills,Detroit Lions,lowvig,totals,Over,-107,51.5
2026-08-28T01:34:27Z,56e8897681915f7ec92baeee952bb1ae,2026-09-18T00:15:00Z,Buffalo Bills,Detroit Lions,lowvig,totals,Under,-107,51.5
2026-08-28T01:34:27Z,56e8897681915f7ec92baeee952bb1ae,2026-09-18T00:15:00Z,Buffalo Bills,Detroit Lions,betrivers,spreads,Buffalo Bills,-105,-3.0
2026-08-28T01:34:27Z,56e8897681915f7ec92baeee952bb1ae,2026-09-18T00:15:00Z,Buffalo Bills,Detroit Lions,betrivers,spreads,Detroit Lions,-117,3.0
2026-08-28T01:34:27Z,56e8897681915f7ec92baeee952bb1ae,2026-09-18T00:15:00Z,Buffalo Bills,Detroit Lions,betrivers,totals,Over,-110,52.5
2026-08-28T01:34:27Z,56e8897681915f7ec92baeee952bb1ae,2026-09-18T00:15:00Z,Buffalo Bills,Detroit Lions,betrivers,totals,Under,-110,52.5
2026-08-28T01:34:27Z,aee7eae1849ebb103b9bf233e9741392,2026-09-20T17:00:00Z,Atlanta Falcons,Carolina Panthers,draftkings,spreads,Atlanta Falcons,-110,-1.5
2026-08-28T01:34:27Z,aee7eae1849ebb103b9bf233e9741392,2026-09-20T17:00:00Z,Atlanta Falcons,Carolina Panthers,draftkings,spreads,Carolina Panthers,-110,1.5
2026-08-28T01:34:27Z,aee7eae1849ebb103b9bf233e9741392,2026-09-20T17:00:00Z,Atlanta Falcons,Carolina Panthers,draftkings,totals,Over,-118,43.5
2026-08-28T01:34:27Z,aee7eae1849ebb103b9bf233e9741392,2026-09-20T17:00:00Z,Atlanta Falcons,Carolina Panthers,draftkings,totals,Under,-102,43.5
2026-08-28T01:34:27Z,aee7eae1849ebb103b9bf233e9741392,2026-09-20T17:00:00Z,Atlanta Falcons,Carolina Panthers,betus,spreads,Atlanta Falcons,-105,-1.5
2026-08-28T01:34:27Z,aee7eae1849ebb103b9bf233e9741392,2026-09-20T17:00:00Z,Atlanta Falcons,Carolina Panthers,betus,spreads,Carolina Panthers,-115,1.5
2026-08-28T01:34:27Z,aee7eae1849ebb103b9bf233e9741392,2026-09-20T17:00:00Z,Atlanta Falcons,Carolina Panthers,betus,totals,Over,-110,43.5
2026-08-28T01:34:27Z,aee7eae1849ebb103b9bf233e9741392,2026-09-20T17:00:00Z,Atlanta Falcons,Carolina Panthers,betus,totals,Under,-110,43.5
2026-08-28T01:34:27Z,2143ade9684fd876b68a4e8cbf451f05,2026-09-20T17:00:00Z,Baltimore Ravens,New Orleans Saints,draftkings,spreads,Baltimore Ravens,-110,-7.5
2026-08-28T01:34:27Z,2143ade9684fd876b68a4e8cbf451f05,2026-09-20T17:00:00Z,Baltimore Ravens,New Orleans Saints,draftkings,spreads,New Orleans Saints,-110,7.5
2026-08-28T01:34:27Z,2143ade9684fd876b68a4e8cbf451f05,2026-09-20T17:00:00Z,Baltimore Ravens,New Orleans Saints,draftkings,totals,Over,-110,46.5
2026-08-28T01:34:27Z,2143ade9684fd876b68a4e8cbf451f05,2026-09-20T17:00:00Z,Baltimore Ravens,New Orleans Saints,draftkings,totals,Under,-110,46.5
2026-08-28T01:34:27Z,2143ade9684fd876b68a4e8cbf451f05,2026-09-20T17:00:00Z,Baltimore Ravens,New Orleans Saints,betus,spreads,Baltimore Ravens,-110,-7.5
2026-08-28T01:34:27Z,2143ade9684fd876b68a4e8cbf451f05,2026-09-20T17:00:00Z,Baltimore Ravens,New Orleans Saints,betus,spreads,New Orleans Saints,-110,7.5
2026-08-28T01:34:27Z,2143ade9684fd876b68a4e8cbf451f05,2026-09-20T17:00:00Z,Baltimore Ravens,New Orleans Saints,betus,totals,Over,-110,46.5
2026-08-28T01:34:27Z,2143ade9684fd876b68a4e8cbf451f05,2026-09-20T17:00:00Z,Baltimore Ravens,New Orleans Saints,betus,totals,Under,-110,46.5
2026-08-28T01:34:27Z,0283a29e1b38ef78b29b904fd56a16dd,2026-09-20T17:00:00Z,Chicago Bears,Minnesota Vikings,draftkings,spreads,Chicago Bears,-110,-3.5
2026-08-28T01:34:27Z,0283a29e1b38ef78b29b904fd56a16dd,2026-09-20T17:00:00Z,Chicago Bears,Minnesota Vikings,draftkings,spreads,Minnesota Vikings,-110,3.5
2026-08-28T01:34:27Z,0283a29e1b38ef78b29b904fd56a16dd,2026-09-20T17:00:00Z,Chicago Bears,Minnesota Vikings,draftkings,totals,Over,-110,45.5
2026-08-28T01:34:27Z,0283a29e1b38ef78b29b904fd56a16dd,2026-09-20T17:00:00Z,Chicago Bears,Minnesota Vikings,draftkings,totals,Under,-110,45.5
2026-08-28T01:34:27Z,36ad2fa722f4915ef23d2c81351261de,2026-09-20T17:00:00Z,Houston Texans,Cincinnati Bengals,draftkings,spreads,Cincinnati Bengals,-110,2.5
2026-08-28T01:34:27Z,36ad2fa722f4915ef23d2c81351261de,2026-09-20T17:00:00Z,Houston Texans,Cincinnati Bengals,draftkings,spreads,Houston Texans,-110,-2.5
2026-08-28T01:34:27Z,36ad2fa722f4915ef23d2c81351261de,2026-09-20T17:00:00Z,Houston Texans,Cincinnati Bengals,draftkings,totals,Over,-110,46.5
2026-08-28T01:34:27Z,36ad2fa722f4915ef23d2c81351261de,2026-09-20T17:00:00Z,Houston Texans,Cincinnati Bengals,draftkings,totals,Under,-110,46.5
2026-08-28T01:34:27Z,36ad2fa722f4915ef23d2c81351261de,2026-09-20T17:00:00Z,Houston Texans,Cincinnati Bengals,betus,spreads,Cincinnati Bengals,-110,2.5
2026-08-28T01:34:27Z,36ad2fa722f4915ef23d2c81351261de,2026-09-20T17:00:00Z,Houston Texans,Cincinnati Bengals,betus,spreads,Houston Texans,-110,-2.5
2026-08-28T01:34:27Z,36ad2fa722f4915ef23d2c81351261de,2026-09-20T17:00:00Z,Houston Texans,Cincinnati Bengals,betus,totals,Over,-110,46.5
2026-08-28T01:34:27Z,36ad2fa722f4915ef23d2c81351261de,2026-09-20T17:00:00Z,Houston Texans,Cincinnati Bengals,betus,totals,Under,-110,46.5
2026-08-28T01:34:27Z,0636ebff776d43f8c829a36713c80b22,2026-09-20T17:00:00Z,Tampa Bay Buccaneers,Cleveland Browns,draftkings,spreads,Cleveland Browns,-110,5.5
2026-08-28T01:34:27Z,0636ebff776d43f8c829a36713c80b22,2026-09-20T17:00:00Z,Tampa Bay Buccaneers,Cleveland Browns,draftkings,spreads,Tampa Bay Buccaneers,-110,-5.5
2026-08-28T01:34:27Z,0636ebff776d43f8c829a36713c80b22,2026-09-20T17:00:00Z,Tampa Bay Buccaneers,Cleveland Browns,draftkings,totals,Over,-110,42.5
2026-08-28T01:34:27Z,0636ebff776d43f8c829a36713c80b22,2026-09-20T17:00:00Z,Tampa Bay Buccaneers,Cleveland Browns,draftkings,totals,Under,-110,42.5
2026-08-28T01:34:27Z,0636ebff776d43f8c829a36713c80b22,2026-09-20T17:00:00Z,Tampa Bay Buccaneers,Cleveland Browns,betus,spreads,Cleveland Browns,-110,6.5
2026-08-28T01:34:27Z,0636ebff776d43f8c829a36713c80b22,2026-09-20T17:00:00Z,Tampa Bay Buccaneers,Cleveland Browns,betus,spreads,Tampa Bay Buccaneers,-110,-6.5
2026-08-28T01:34:27Z,0636ebff776d43f8c829a36713c80b22,2026-09-20T17:00:00Z,Tampa Bay Buccaneers,Cleveland Browns,betus,totals,Over,-110,42.5
2026-08-28T01:34:27Z,0636ebff776d43f8c829a36713c80b22,2026-09-20T17:00:00Z,Tampa Bay Buccaneers,Cleveland Browns,betus,totals,Under,-110,42.5
2026-08-28T01:34:27Z,4aeee070bb6ec60bdfae4dede61b9014,2026-09-20T17:00:00Z,New York Jets,Green Bay Packers,draftkings,spreads,Green Bay Packers,-110,-5.5
2026-08-28T01:34:27Z,4aeee070bb6ec60bdfae4dede61b9014,2026-09-20T17:00:00Z,New York Jets,Green Bay Packers,draftkings,spreads,New York Jets,-110,5.5
2026-08-28T01:34:27Z,4aeee070bb6ec60bdfae4dede61b9014,2026-09-20T17:00:00Z,New York Jets,Green Bay Packers,draftkings,totals,Over,-110,42.5
2026-08-28T01:34:27Z,4aeee070bb6ec60bdfae4dede61b9014,2026-09-20T17:00:00Z,New York Jets,Green Bay Packers,draftkings,totals,Under,-110,42.5
2026-08-28T01:34:27Z,9d14f87600f6edc74dbcb5c74edf6246,2026-09-20T17:00:00Z,New England Patriots,Pittsburgh Steelers,draftkings,spreads,New England Patriots,-110,-4.5
2026-08-28T01:34:27Z,9d14f87600f6edc74dbcb5c74edf6246,2026-09-20T17:00:00Z,New England Patriots,Pittsburgh Steelers,draftkings,spreads,Pittsburgh Steelers,-110,4.5
2026-08-28T01:34:27Z,9d14f87600f6edc74dbcb5c74edf6246,2026-09-20T17:00:00Z,New England Patriots,Pittsburgh Steelers,draftkings,totals,Over,-110,43.5
2026-08-28T01:34:27Z,9d14f87600f6edc74dbcb5c74edf6246,2026-09-20T17:00:00Z,New England Patriots,Pittsburgh Steelers,draftkings,totals,Under,-110,43.5
2026-08-28T01:34:27Z,9d14f87600f6edc74dbcb5c74edf6246,2026-09-20T17:00:00Z,New England Patriots,Pittsburgh Steelers,betus,spreads,New England Patriots,-110,-4.5
2026-08-28T01:34:27Z,9d14f87600f6edc74dbcb5c74edf6246,2026-09-20T17:00:00Z,New England Patriots,Pittsburgh Steelers,betus,spreads,Pittsburgh Steelers,-110,4.5
2026-08-28T01:34:27Z,9d14f87600f6edc74dbcb5c74edf6246,2026-09-20T17:00:00Z,New England Patriots,Pittsburgh Steelers,betus,totals,Over,-110,43.5
2026-08-28T01:34:27Z,9d14f87600f6edc74dbcb5c74edf6246,2026-09-20T17:00:00Z,New England Patriots,Pittsburgh Steelers,betus,totals,Under,-110,43.5
2026-08-28T01:34:27Z,fafc649c455e32a0f2ba1bd06e2039bc,2026-09-20T17:00:00Z,Tennessee Titans,Philadelphia Eagles,draftkings,spreads,Philadelphia Eagles,-110,-4.5
2026-08-28T01:34:27Z,fafc649c455e32a0f2ba1bd06e2039bc,2026-09-20T17:00:00Z,Tennessee Titans,Philadelphia Eagles,draftkings,spreads,Tennessee Titans,-110,4.5
2026-08-28T01:34:27Z,fafc649c455e32a0f2ba1bd06e2039bc,2026-09-20T17:00:00Z,Tennessee Titans,Philadelphia Eagles,draftkings,totals,Over,-110,42.5
2026-08-28T01:34:27Z,fafc649c455e32a0f2ba1bd06e2039bc,2026-09-20T17:00:00Z,Tennessee Titans,Philadelphia Eagles,draftkings,totals,Under,-110,42.5
2026-08-28T01:34:27Z,fafc649c455e32a0f2ba1bd06e2039bc,2026-09-20T17:00:00Z,Tennessee Titans,Philadelphia Eagles,betus,spreads,Philadelphia Eagles,-110,-4.5
2026-08-28T01:34:27Z,fafc649c455e32a0f2ba1bd06e2039bc,2026-09-20T17:00:00Z,Tennessee Titans,Philadelphia Eagles,betus,spreads,Tennessee Titans,-110,4.5
2026-08-28T01:34:27Z,fafc649c455e32a0f2ba1bd06e2039bc,2026-09-20T17:00:00Z,Tennessee Titans,Philadelphia Eagles,betus,totals,Over,-110,42.5
2026-08-28T01:34:27Z,fafc649c455e32a0f2ba1bd06e2039bc,2026-09-20T17:00:00Z,Tennessee Titans,Philadelphia Eagles,betus,totals,Under,-110,42.5
2026-08-28T01:34:27Z,1fd6628c781f556a7a19638e97d7107f,2026-09-20T20:05:00Z,Denver Broncos,Jacksonville Jaguars,draftkings,spreads,Denver Broncos,-115,-2.5
2026-08-28T01:34:27Z,1fd6628c781f556a7a19638e97d7107f,2026-09-20T20:05:00Z,Denver Broncos,Jacksonville Jaguars,draftkings,spreads,Jacksonville Jaguars,-105,2.5
2026-08-28T01:34:27Z,1fd6628c781f556a7a19638e97d7107f,2026-09-20T20:05:00Z,Denver Broncos,Jacksonville Jaguars,draftkings,totals,Over,-110,43.5
2026-08-28T01:34:27Z,1fd6628c781f556a7a19638e97d7107f,2026-09-20T20:05:00Z,Denver Broncos,Jacksonville Jaguars,draftkings,totals,Under,-110,43.5
2026-08-28T01:34:27Z,1fd6628c781f556a7a19638e97d7107f,2026-09-20T20:05:00Z,Denver Broncos,Jacksonville Jaguars,betus,spreads,Denver Broncos,-115,-2.5
2026-08-28T01:34:27Z,1fd6628c781f556a7a19638e97d7107f,2026-09-20T20:05:00Z,Denver Broncos,Jacksonville Jaguars,betus,spreads,Jacksonville Jaguars,-105,2.5
2026-08-28T01:34:27Z,1fd6628c781f556a7a19638e97d7107f,2026-09-20T20:05:00Z,Denver Broncos,Jacksonville Jaguars,betus,totals,Over,-110,43.5
2026-08-28T01:34:27Z,1fd6628c781f556a7a19638e97d7107f,2026-09-20T20:05:00Z,Denver Broncos,Jacksonville Jaguars,betus,totals,Under,-110,43.5
2026-08-28T01:34:27Z,71b3b83747589efdc5baef2c5cf811bf,2026-09-20T20:05:00Z,Los Angeles Chargers,Las Vegas Raiders,draftkings,spreads,Las Vegas Raiders,-110,8.5
2026-08-28T01:34:27Z,71b3b83747589efdc5baef2c5cf811bf,2026-09-20T20:05:00Z,Los Angeles Chargers,Las Vegas Raiders,draftkings,spreads,Los Angeles Chargers,-110,-8.5
2026-08-28T01:34:27Z,71b3b83747589efdc5baef2c5cf811bf,2026-09-20T20:05:00Z,Los Angeles Chargers,Las Vegas Raiders,draftkings,totals,Over,-110,42.5
2026-08-28T01:34:27Z,71b3b83747589efdc5baef2c5cf811bf,2026-09-20T20:05:00Z,Los Angeles Chargers,Las Vegas Raiders,draftkings,totals,Under,-110,42.5
2026-08-28T01:34:27Z,4dd8020192a544385db42374e5555303,2026-09-20T20:25:00Z,Arizona Cardinals,Seattle Seahawks,draftkings,spreads,Arizona Cardinals,-110,10.0
2026-08-28T01:34:27Z,4dd8020192a544385db42374e5555303,2026-09-20T20:25:00Z,Arizona Cardinals,Seattle Seahawks,draftkings,spreads,Seattle Seahawks,-110,-10.0
2026-08-28T01:34:27Z,4dd8020192a544385db42374e5555303,2026-09-20T20:25:00Z,Arizona Cardinals,Seattle Seahawks,draftkings,totals,Over,-110,44.5
2026-08-28T01:34:27Z,4dd8020192a544385db42374e5555303,2026-09-20T20:25:00Z,Arizona Cardinals,Seattle Seahawks,draftkings,totals,Under,-110,44.5
2026-08-28T01:34:27Z,4dd8020192a544385db42374e5555303,2026-09-20T20:25:00Z,Arizona Cardinals,Seattle Seahawks,betus,spreads,Arizona Cardinals,-110,10.0
2026-08-28T01:34:27Z,4dd8020192a544385db42374e5555303,2026-09-20T20:25:00Z,Arizona Cardinals,Seattle Seahawks,betus,spreads,Seattle Seahawks,-110,-10.0
2026-08-28T01:34:27Z,4dd8020192a544385db42374e5555303,2026-09-20T20:25:00Z,Arizona Cardinals,Seattle Seahawks,betus,totals,Over,-110,44.5
2026-08-28T01:34:27Z,4dd8020192a544385db42374e5555303,2026-09-20T20:25:00Z,Arizona Cardinals,Seattle Seahawks,betus,totals,Under,-110,44.5
2026-08-28T01:34:27Z,85ef85098ddd22fe4ecf45e7e3c0a9c0,2026-09-20T20:25:00Z,Dallas Cowboys,Washington Commanders,draftkings,spreads,Dallas Cowboys,-105,-4.5
2026-08-28T01:34:27Z,85ef85098ddd22fe4ecf45e7e3c0a9c0,2026-09-20T20:25:00Z,Dallas Cowboys,Washington Commanders,draftkings,spreads,Washington Commanders,-115,4.5
2026-08-28T01:34:27Z,85ef85098ddd22fe4ecf45e7e3c0a9c0,2026-09-20T20:25:00Z,Dallas Cowboys,Washington Commanders,draftkings,totals,Over,-110,51.5
2026-08-28T01:34:27Z,85ef85098ddd22fe4ecf45e7e3c0a9c0,2026-09-20T20:25:00Z,Dallas Cowboys,Washington Commanders,draftkings,totals,Under,-110,51.5
2026-08-28T01:34:27Z,85ef85098ddd22fe4ecf45e7e3c0a9c0,2026-09-20T20:25:00Z,Dallas Cowboys,Washington Commanders,betus,spreads,Dallas Cowboys,-105,-4.5
2026-08-28T01:34:27Z,85ef85098ddd22fe4ecf45e7e3c0a9c0,2026-09-20T20:25:00Z,Dallas Cowboys,Washington Commanders,betus,spreads,Washington Commanders,-115,4.5
2026-08-28T01:34:27Z,85ef85098ddd22fe4ecf45e7e3c0a9c0,2026-09-20T20:25:00Z,Dallas Cowboys,Washington Commanders,betus,totals,Over,-110,51.5
2026-08-28T01:34:27Z,85ef85098ddd22fe4ecf45e7e3c0a9c0,2026-09-20T20:25:00Z,Dallas Cowboys,Washington Commanders,betus,totals,Under,-110,51.5
2026-08-28T01:34:27Z,68bc55903f50af4af4766adcc89fcc61,2026-09-20T20:25:00Z,San Francisco 49ers,Miami Dolphins,draftkings,spreads,Miami Dolphins,-110,10.5
2026-08-28T01:34:27Z,68bc55903f50af4af4766adcc89fcc61,2026-09-20T20:25:00Z,San Francisco 49ers,Miami Dolphins,draftkings,spreads,San Francisco 49ers,-110,-10.5
2026-08-28T01:34:27Z,68bc55903f50af4af4766adcc89fcc61,2026-09-20T20:25:00Z,San Francisco 49ers,Miami Dolphins,draftkings,totals,Over,-110,46.5
2026-08-28T01:34:27Z,68bc55903f50af4af4766adcc89fcc61,2026-09-20T20:25:00Z,San Francisco 49ers,Miami Dolphins,draftkings,totals,Under,-110,46.5
2026-08-28T01:34:27Z,68bc55903f50af4af4766adcc89fcc61,2026-09-20T20:25:00Z,San Francisco 49ers,Miami Dolphins,betus,spreads,Miami Dolphins,-110,10.5
2026-08-28T01:34:27Z,68bc55903f50af4af4766adcc89fcc61,2026-09-20T20:25:00Z,San Francisco 49ers,Miami Dolphins,betus,spreads,San Francisco 49ers,-110,-10.5
2026-08-28T01:34:27Z,68bc55903f50af4af4766adcc89fcc61,2026-09-20T20:25:00Z,San Francisco 49ers,Miami Dolphins,betus,totals,Over,-110,46.5
2026-08-28T01:34:27Z,68bc55903f50af4af4766adcc89fcc61,2026-09-20T20:25:00Z,San Francisco 49ers,Miami Dolphins,betus,totals,Under,-110,46.5
2026-08-28T01:34:27Z,50bc247030707d823b9c3581d7eb5760,2026-09-21T00:20:00Z,Kansas City Chiefs,Indianapolis Colts,draftkings,spreads,Indianapolis Colts,-110,6.5
2026-08-28T01:34:27Z,50bc247030707d823b9c3581d7eb5760,2026-09-21T00:20:00Z,Kansas City Chiefs,Indianapolis Colts,draftkings,spreads,Kansas City Chiefs,-110,-6.5
2026-08-28T01:34:27Z,50bc247030707d823b9c3581d7eb5760,2026-09-21T00:20:00Z,Kansas City Chiefs,Indianapolis Colts,draftkings,totals,Over,-110,47.5
2026-08-28T01:34:27Z,50bc247030707d823b9c3581d7eb5760,2026-09-21T00:20:00Z,Kansas City Chiefs,Indianapolis Colts,draftkings,totals,Under,-110,47.5
2026-08-28T01:34:27Z,50bc247030707d823b9c3581d7eb5760,2026-09-21T00:20:00Z,Kansas City Chiefs,Indianapolis Colts,betus,spreads,Indianapolis Colts,-110,5.5
2026-08-28T01:34:27Z,50bc247030707d823b9c3581d7eb5760,2026-09-21T00:20:00Z,Kansas City Chiefs,Indianapolis Colts,betus,spreads,Kansas City Chiefs,-110,-5.5
2026-08-28T01:34:27Z,50bc247030707d823b9c3581d7eb5760,2026-09-21T00:20:00Z,Kansas City Chiefs,Indianapolis Colts,betus,totals,Over,-110,47.5
2026-08-28T01:34:27Z,50bc247030707d823b9c3581d7eb5760,2026-09-21T00:20:00Z,Kansas City Chiefs,Indianapolis Colts,betus,totals,Under,-110,47.5
2026-08-28T01:34:27Z,32367f882fac1a0c20a6335619922025,2026-09-22T00:15:00Z,Los Angeles Rams,New York Giants,draftkings,spreads,Los Angeles Rams,-110,-8.5
2026-08-28T01:34:27Z,32367f882fac1a0c20a6335619922025,2026-09-22T00:15:00Z,Los Angeles Rams,New York Giants,draftkings,spreads,New York Giants,-110,8.5
2026-08-28T01:34:27Z,32367f882fac1a0c20a6335619922025,2026-09-22T00:15:00Z,Los Angeles Rams,New York Giants,draftkings,totals,Over,-110,48.5
2026-08-28T01:34:27Z,32367f882fac1a0c20a6335619922025,2026-09-22T00:15:00Z,Los Angeles Rams,New York Giants,draftkings,totals,Under,-110,48.5
2026-08-28T01:34:27Z,32367f882fac1a0c20a6335619922025,2026-09-22T00:15:00Z,Los Angeles Rams,New York Giants,betus,spreads,Los Angeles Rams,-110,-9.5
2026-08-28T01:34:27Z,32367f882fac1a0c20a6335619922025,2026-09-22T00:15:00Z,Los Angeles Rams,New York Giants,betus,spreads,New York Giants,-110,9.5
2026-08-28T01:34:27Z,32367f882fac1a0c20a6335619922025,2026-09-22T00:15:00Z,Los Angeles Rams,New York Giants,betus,totals,Over,-110,47.5
2026-08-28T01:34:27Z,32367f882fac1a0c20a6335619922025,2026-09-22T00:15:00Z,Los Angeles Rams,New York Giants,betus,totals,Under,-110,47.5
2026-08-28T01:34:27Z,e5fbd3b3953b896b1bf897ddadb3cc4b,2026-09-25T00:15:00Z,Green Bay Packers,Atlanta Falcons,draftkings,spreads,Atlanta Falcons,-110,7.5
2026-08-28T01:34:27Z,e5fbd3b3953b896b1bf897ddadb3cc4b,2026-09-25T00:15:00Z,Green Bay Packers,Atlanta Falcons,draftkings,spreads,Green Bay Packers,-110,-7.5
2026-08-28T01:34:27Z,e5fbd3b3953b896b1bf897ddadb3cc4b,2026-09-25T00:15:00Z,Green Bay Packers,Atlanta Falcons,draftkings,totals,Over,-110,46.5
2026-08-28T01:34:27Z,e5fbd3b3953b896b1bf897ddadb3cc4b,2026-09-25T00:15:00Z,Green Bay Packers,Atlanta Falcons,draftkings,totals,Under,-110,46.5
2026-08-28T01:34:27Z,e5fbd3b3953b896b1bf897ddadb3cc4b,2026-09-25T00:15:00Z,Green Bay Packers,Atlanta Falcons,betus,spreads,Atlanta Falcons,-110,7.5
2026-08-28T01:34:27Z,e5fbd3b3953b896b1bf897ddadb3cc4b,2026-09-25T00:15:00Z,Green Bay Packers,Atlanta Falcons,betus,spreads,Green Bay Packers,-110,-7.5
2026-08-28T01:34:27Z,e5fbd3b3953b896b1bf897ddadb3cc4b,2026-09-25T00:15:00Z,Green Bay Packers,Atlanta Falcons,betus,totals,Over,-110,46.5
2026-08-28T01:34:27Z,e5fbd3b3953b896b1bf897ddadb3cc4b,2026-09-25T00:15:00Z,Green Bay Packers,Atlanta Falcons,betus,totals,Under,-110,46.5
2026-08-28T01:34:27Z,b225458a282e140c44c45651255f2f6c,2026-09-27T17:00:00Z,Buffalo Bills,Los Angeles Chargers,draftkings,spreads,Buffalo Bills,-110,-3.0
2026-08-28T01:34:27Z,b225458a282e140c44c45651255f2f6c,2026-09-27T17:00:00Z,Buffalo Bills,Los Angeles Chargers,draftkings,spreads,Los Angeles Chargers,-110,3.0
2026-08-28T01:34:27Z,b225458a282e140c44c45651255f2f6c,2026-09-27T17:00:00Z,Buffalo Bills,Los Angeles Chargers,draftkings,totals,Over,-110,48.5
2026-08-28T01:34:27Z,b225458a282e140c44c45651255f2f6c,2026-09-27T17:00:00Z,Buffalo Bills,Los Angeles Chargers,draftkings,totals,Under,-110,48.5
2026-08-28T01:34:27Z,613b8cd3a5fab58f7be4e3fd6f76223e,2026-09-27T17:00:00Z,Cleveland Browns,Carolina Panthers,draftkings,spreads,Carolina Panthers,-110,-1.5
2026-08-28T01:34:27Z,613b8cd3a5fab58f7be4e3fd6f76223e,2026-09-27T17:00:00Z,Cleveland Browns,Carolina Panthers,draftkings,spreads,Cleveland Browns,-110,1.5
2026-08-28T01:34:27Z,613b8cd3a5fab58f7be4e3fd6f76223e,2026-09-27T17:00:00Z,Cleveland Browns,Carolina Panthers,draftkings,totals,Over,-110,39.5
2026-08-28T01:34:27Z,613b8cd3a5fab58f7be4e3fd6f76223e,2026-09-27T17:00:00Z,Cleveland Browns,Carolina Panthers,draftkings,totals,Under,-110,39.5
2026-08-28T01:34:27Z,71123be049587b6facce3a20c53e5d09,2026-09-27T17:00:00Z,Pittsburgh Steelers,Cincinnati Bengals,draftkings,spreads,Cincinnati Bengals,-110,-1.5
2026-08-28T01:34:27Z,71123be049587b6facce3a20c53e5d09,2026-09-27T17:00:00Z,Pittsburgh Steelers,Cincinnati Bengals,draftkings,spreads,Pittsburgh Steelers,-110,1.5
2026-08-28T01:34:27Z,71123be049587b6facce3a20c53e5d09,2026-09-27T17:00:00Z,Pittsburgh Steelers,Cincinnati Bengals,draftkings,totals,Over,-118,46.5
2026-08-28T01:34:27Z,71123be049587b6facce3a20c53e5d09,2026-09-27T17:00:00Z,Pittsburgh Steelers,Cincinnati Bengals,draftkings,totals,Under,-102,46.5
2026-08-28T01:34:27Z,71123be049587b6facce3a20c53e5d09,2026-09-27T17:00:00Z,Pittsburgh Steelers,Cincinnati Bengals,betus,spreads,Cincinnati Bengals,100,-1.5
2026-08-28T01:34:27Z,71123be049587b6facce3a20c53e5d09,2026-09-27T17:00:00Z,Pittsburgh Steelers,Cincinnati Bengals,betus,spreads,Pittsburgh Steelers,-120,1.5
2026-08-28T01:34:27Z,71123be049587b6facce3a20c53e5d09,2026-09-27T17:00:00Z,Pittsburgh Steelers,Cincinnati Bengals,betus,totals,Over,-110,47.5
2026-08-28T01:34:27Z,71123be049587b6facce3a20c53e5d09,2026-09-27T17:00:00Z,Pittsburgh Steelers,Cincinnati Bengals,betus,totals,Under,-110,47.5
2026-08-28T01:34:27Z,07f552badfa8a565d1be22123713e4da,2026-09-27T17:00:00Z,Detroit Lions,New York Jets,draftkings,spreads,Detroit Lions,-110,-9.5
2026-08-28T01:34:27Z,07f552badfa8a565d1be22123713e4da,2026-09-27T17:00:00Z,Detroit Lions,New York Jets,draftkings,spreads,New York Jets,-110,9.5
2026-08-28T01:34:27Z,07f552badfa8a565d1be22123713e4da,2026-09-27T17:00:00Z,Detroit Lions,New York Jets,draftkings,totals,Over,-110,45.5
2026-08-28T01:34:27Z,07f552badfa8a565d1be22123713e4da,2026-09-27T17:00:00Z,Detroit Lions,New York Jets,draftkings,totals,Under,-110,45.5
2026-08-28T01:34:27Z,17a730b7d399feeab6a78c30767c29d2,2026-09-27T17:00:00Z,Indianapolis Colts,Houston Texans,draftkings,spreads,Houston Texans,-110,-1.5
2026-08-28T01:34:27Z,17a730b7d399feeab6a78c30767c29d2,2026-09-27T17:00:00Z,Indianapolis Colts,Houston Texans,draftkings,spreads,Indianapolis Colts,-110,1.5
2026-08-28T01:34:27Z,17a730b7d399feeab6a78c30767c29d2,2026-09-27T17:00:00Z,Indianapolis Colts,Houston Texans,draftkings,totals,Over,-110,45.5
2026-08-28T01:34:27Z,17a730b7d399feeab6a78c30767c29d2,2026-09-27T17:00:00Z,Indianapolis Colts,Houston Texans,draftkings,totals,Under,-110,45.5
2026-08-28T01:34:27Z,17a730b7d399feeab6a78c30767c29d2,2026-09-27T17:00:00Z,Indianapolis Colts,Houston Texans,betus,spreads,Houston Texans,-115,-1.5
2026-08-28T01:34:27Z,17a730b7d399feeab6a78c30767c29d2,2026-09-27T17:00:00Z,Indianapolis Colts,Houston Texans,betus,spreads,Indianapolis Colts,-105,1.5
2026-08-28T01:34:27Z,17a730b7d399feeab6a78c30767c29d2,2026-09-27T17:00:00Z,Indianapolis Colts,Houston Texans,betus,totals,Over,-110,45.5
2026-08-28T01:34:27Z,17a730b7d399feeab6a78c30767c29d2,2026-09-27T17:00:00Z,Indianapolis Colts,Houston Texans,betus,totals,Under,-110,45.5
2026-08-28T01:34:27Z,1f3cfd315a24d1a7dd5859a8e6b88e18,2026-09-27T17:00:00Z,Jacksonville Jaguars,New England Patriots,draftkings,spreads,Jacksonville Jaguars,-105,-1.5
2026-08-28T01:34:27Z,1f3cfd315a24d1a7dd5859a8e6b88e18,2026-09-27T17:00:00Z,Jacksonville Jaguars,New England Patriots,draftkings,spreads,New England Patriots,-115,1.5
2026-08-28T01:34:27Z,1f3cfd315a24d1a7dd5859a8e6b88e18,2026-09-27T17:00:00Z,Jacksonville Jaguars,New England Patriots,draftkings,totals,Over,-110,45.5
2026-08-28T01:34:27Z,1f3cfd315a24d1a7dd5859a8e6b88e18,2026-09-27T17:00:00Z,Jacksonville Jaguars,New England Patriots,draftkings,totals,Under,-110,45.5
2026-08-28T01:34:27Z,1f3cfd315a24d1a7dd5859a8e6b88e18,2026-09-27T17:00:00Z,Jacksonville Jaguars,New England Patriots,betus,spreads,Jacksonville Jaguars,-105,-1.5
2026-08-28T01:34:27Z,1f3cfd315a24d1a7dd5859a8e6b88e18,2026-09-27T17:00:00Z,Jacksonville Jaguars,New England Patriots,betus,spreads,New England Patriots,-115,1.5
2026-08-28T01:34:27Z,1f3cfd315a24d1a7dd5859a8e6b88e18,2026-09-27T17:00:00Z,Jacksonville Jaguars,New England Patriots,betus,totals,Over,-110,45.5
2026-08-28T01:34:27Z,1f3cfd315a24d1a7dd5859a8e6b88e18,2026-09-27T17:00:00Z,Jacksonville Jaguars,New England Patriots,betus,totals,Under,-110,45.5
2026-08-28T01:34:27Z,0339a0e41bcee12820eb3e64bb5fadb4,2026-09-27T17:00:00Z,Miami Dolphins,Kansas City Chiefs,draftkings,spreads,Kansas City Chiefs,-110,-7.5
2026-08-28T01:34:27Z,0339a0e41bcee12820eb3e64bb5fadb4,2026-09-27T17:00:00Z,Miami Dolphins,Kansas City Chiefs,draftkings,spreads,Miami Dolphins,-110,7.5
2026-08-28T01:34:27Z,0339a0e41bcee12820eb3e64bb5fadb4,2026-09-27T17:00:00Z,Miami Dolphins,Kansas City Chiefs,draftkings,totals,Over,-110,44.5
2026-08-28T01:34:27Z,0339a0e41bcee12820eb3e64bb5fadb4,2026-09-27T17:00:00Z,Miami Dolphins,Kansas City Chiefs,draftkings,totals,Under,-110,44.5
2026-08-28T01:34:27Z,0339a0e41bcee12820eb3e64bb5fadb4,2026-09-27T17:00:00Z,Miami Dolphins,Kansas City Chiefs,betus,spreads,Kansas City Chiefs,-115,-7.0
2026-08-28T01:34:27Z,0339a0e41bcee12820eb3e64bb5fadb4,2026-09-27T17:00:00Z,Miami Dolphins,Kansas City Chiefs,betus,spreads,Miami Dolphins,-105,7.0
2026-08-28T01:34:27Z,0339a0e41bcee12820eb3e64bb5fadb4,2026-09-27T17:00:00Z,Miami Dolphins,Kansas City Chiefs,betus,totals,Over,-110,44.5
2026-08-28T01:34:27Z,0339a0e41bcee12820eb3e64bb5fadb4,2026-09-27T17:00:00Z,Miami Dolphins,Kansas City Chiefs,betus,totals,Under,-110,44.5
2026-08-28T01:34:27Z,555afd4a27aaa392662881cffa8f2eef,2026-09-27T17:00:00Z,New York Giants,Tennessee Titans,draftkings,spreads,New York Giants,-115,-3.0
2026-08-28T01:34:27Z,555afd4a27aaa392662881cffa8f2eef,2026-09-27T17:00:00Z,New York Giants,Tennessee Titans,draftkings,spreads,Tennessee Titans,-105,3.0
2026-08-28T01:34:27Z,555afd4a27aaa392662881cffa8f2eef,2026-09-27T17:00:00Z,New York Giants,Tennessee Titans,draftkings,totals,Over,-110,44.5
2026-08-28T01:34:27Z,555afd4a27aaa392662881cffa8f2eef,2026-09-27T17:00:00Z,New York Giants,Tennessee Titans,draftkings,totals,Under,-110,44.5
2026-08-28T01:34:27Z,555afd4a27aaa392662881cffa8f2eef,2026-09-27T17:00:00Z,New York Giants,Tennessee Titans,betus,spreads,New York Giants,-120,-3.0
2026-08-28T01:34:27Z,555afd4a27aaa392662881cffa8f2eef,2026-09-27T17:00:00Z,New York Giants,Tennessee Titans,betus,spreads,Tennessee Titans,100,3.0
2026-08-28T01:34:27Z,555afd4a27aaa392662881cffa8f2eef,2026-09-27T17:00:00Z,New York Giants,Tennessee Titans,betus,totals,Over,-110,45.5
2026-08-28T01:34:27Z,555afd4a27aaa392662881cffa8f2eef,2026-09-27T17:00:00Z,New York Giants,Tennessee Titans,betus,totals,Under,-110,45.5
2026-08-28T01:34:27Z,2a529c108305ffa049d8b6cfdbaa4d36,2026-09-27T17:00:00Z,Washington Commanders,Seattle Seahawks,draftkings,spreads,Seattle Seahawks,-110,-3.5
2026-08-28T01:34:27Z,2a529c108305ffa049d8b6cfdbaa4d36,2026-09-27T17:00:00Z,Washington Commanders,Seattle Seahawks,draftkings,spreads,Washington Commanders,-110,3.5
2026-08-28T01:34:27Z,2a529c108305ffa049d8b6cfdbaa4d36,2026-09-27T17:00:00Z,Washington Commanders,Seattle Seahawks,draftkings,totals,Over,-110,46.5
2026-08-28T01:34:27Z,2a529c108305ffa049d8b6cfdbaa4d36,2026-09-27T17:00:00Z,Washington Commanders,Seattle Seahawks,draftkings,totals,Under,-110,46.5
2026-08-28T01:34:27Z,2a529c108305ffa049d8b6cfdbaa4d36,2026-09-27T17:00:00Z,Washington Commanders,Seattle Seahawks,betus,spreads,Seattle Seahawks,-110,-3.5
2026-08-28T01:34:27Z,2a529c108305ffa049d8b6cfdbaa4d36,2026-09-27T17:00:00Z,Washington Commanders,Seattle Seahawks,betus,spreads,Washington Commanders,-110,3.5
2026-08-28T01:34:27Z,2a529c108305ffa049d8b6cfdbaa4d36,2026-09-27T17:00:00Z,Washington Commanders,Seattle Seahawks,betus,totals,Over,-110,46.5
2026-08-28T01:34:27Z,2a529c108305ffa049d8b6cfdbaa4d36,2026-09-27T17:00:00Z,Washington Commanders,Seattle Seahawks,betus,totals,Under,-110,46.5
2026-08-28T01:34:27Z,9d2b09e0f9b6dd5ce0d985894f4f98fa,2026-09-27T20:05:00Z,San Francisco 49ers,Arizona Cardinals,draftkings,spreads,Arizona Cardinals,-110,11.5
2026-08-28T01:34:27Z,9d2b09e0f9b6dd5ce0d985894f4f98fa,2026-09-27T20:05:00Z,San Francisco 49ers,Arizona Cardinals,draftkings,spreads,San Francisco 49ers,-110,-11.5
2026-08-28T01:34:27Z,9d2b09e0f9b6dd5ce0d985894f4f98fa,2026-09-27T20:05:00Z,San Francisco 49ers,Arizona Cardinals,draftkings,totals,Over,-110,46.5
2026-08-28T01:34:27Z,9d2b09e0f9b6dd5ce0d985894f4f98fa,2026-09-27T20:05:00Z,San Francisco 49ers,Arizona Cardinals,draftkings,totals,Under,-110,46.5
2026-08-28T01:34:27Z,9d2b09e0f9b6dd5ce0d985894f4f98fa,2026-09-27T20:05:00Z,San Francisco 49ers,Arizona Cardinals,betus,spreads,Arizona Cardinals,-110,11.5
2026-08-28T01:34:27Z,9d2b09e0f9b6dd5ce0d985894f4f98fa,2026-09-27T20:05:00Z,San Francisco 49ers,Arizona Cardinals,betus,spreads,San Francisco 49ers,-110,-11.5
2026-08-28T01:34:27Z,9d2b09e0f9b6dd5ce0d985894f4f98fa,2026-09-27T20:05:00Z,San Francisco 49ers,Arizona Cardinals,betus,totals,Over,-110,46.5
2026-08-28T01:34:27Z,9d2b09e0f9b6dd5ce0d985894f4f98fa,2026-09-27T20:05:00Z,San Francisco 49ers,Arizona Cardinals,betus,totals,Under,-110,46.5
2026-08-28T01:34:27Z,f1724dead3eab61546033032fc782375,2026-09-27T20:05:00Z,Tampa Bay Buccaneers,Minnesota Vikings,draftkings,spreads,Minnesota Vikings,-110,1.5
2026-08-28T01:34:27Z,f1724dead3eab61546033032fc782375,2026-09-27T20:05:00Z,Tampa Bay Buccaneers,Minnesota Vikings,draftkings,spreads,Tampa Bay Buccaneers,-110,-1.5
2026-08-28T01:34:27Z,f1724dead3eab61546033032fc782375,2026-09-27T20:05:00Z,Tampa Bay Buccaneers,Minnesota Vikings,draftkings,totals,Over,-110,44.5
2026-08-28T01:34:27Z,f1724dead3eab61546033032fc782375,2026-09-27T20:05:00Z,Tampa Bay Buccaneers,Minnesota Vikings,draftkings,totals,Under,-110,44.5
2026-08-28T01:34:27Z,f1724dead3eab61546033032fc782375,2026-09-27T20:05:00Z,Tampa Bay Buccaneers,Minnesota Vikings,betus,spreads,Minnesota Vikings,-110,1.5
2026-08-28T01:34:27Z,f1724dead3eab61546033032fc782375,2026-09-27T20:05:00Z,Tampa Bay Buccaneers,Minnesota Vikings,betus,spreads,Tampa Bay Buccaneers,-110,-1.5
2026-08-28T01:34:27Z,f1724dead3eab61546033032fc782375,2026-09-27T20:05:00Z,Tampa Bay Buccaneers,Minnesota Vikings,betus,totals,Over,-110,44.5
2026-08-28T01:34:27Z,f1724dead3eab61546033032fc782375,2026-09-27T20:05:00Z,Tampa Bay Buccaneers,Minnesota Vikings,betus,totals,Under,-110,44.5
2026-08-28T01:34:27Z,84cfca14efc21363fd605508404cf1ff,2026-09-27T20:25:00Z,Dallas Cowboys,Baltimore Ravens,draftkings,spreads,Baltimore Ravens,-110,-2.5
2026-08-28T01:34:27Z,84cfca14efc21363fd605508404cf1ff,2026-09-27T20:25:00Z,Dallas Cowboys,Baltimore Ravens,draftkings,spreads,Dallas Cowboys,-110,2.5
2026-08-28T01:34:27Z,84cfca14efc21363fd605508404cf1ff,2026-09-27T20:25:00Z,Dallas Cowboys,Baltimore Ravens,draftkings,totals,Over,-110,51.5
2026-08-28T01:34:27Z,84cfca14efc21363fd605508404cf1ff,2026-09-27T20:25:00Z,Dallas Cowboys,Baltimore Ravens,draftkings,totals,Under,-110,51.5
2026-08-28T01:34:27Z,84cfca14efc21363fd605508404cf1ff,2026-09-27T20:25:00Z,Dallas Cowboys,Baltimore Ravens,betus,spreads,Baltimore Ravens,-110,-2.5
2026-08-28T01:34:27Z,84cfca14efc21363fd605508404cf1ff,2026-09-27T20:25:00Z,Dallas Cowboys,Baltimore Ravens,betus,spreads,Dallas Cowboys,-110,2.5
2026-08-28T01:34:27Z,84cfca14efc21363fd605508404cf1ff,2026-09-27T20:25:00Z,Dallas Cowboys,Baltimore Ravens,betus,totals,Over,-110,51.5
2026-08-28T01:34:27Z,84cfca14efc21363fd605508404cf1ff,2026-09-27T20:25:00Z,Dallas Cowboys,Baltimore Ravens,betus,totals,Under,-110,51.5
2026-08-28T01:34:27Z,2e523fcb0497aa689473e290eb2b97de,2026-09-27T20:25:00Z,New Orleans Saints,Las Vegas Raiders,draftkings,spreads,Las Vegas Raiders,-110,3.5
2026-08-28T01:34:27Z,2e523fcb0497aa689473e290eb2b97de,2026-09-27T20:25:00Z,New Orleans Saints,Las Vegas Raiders,draftkings,spreads,New Orleans Saints,-110,-3.5
2026-08-28T01:34:27Z,2e523fcb0497aa689473e290eb2b97de,2026-09-27T20:25:00Z,New Orleans Saints,Las Vegas Raiders,draftkings,totals,Over,-110,42.5
2026-08-28T01:34:27Z,2e523fcb0497aa689473e290eb2b97de,2026-09-27T20:25:00Z,New Orleans Saints,Las Vegas Raiders,draftkings,totals,Under,-110,42.5
2026-08-28T01:34:27Z,3bfd8bfb4b8e9a365a0877879b73b16b,2026-09-28T00:20:00Z,Denver Broncos,Los Angeles Rams,draftkings,spreads,Denver Broncos,-110,3.0
2026-08-28T01:34:27Z,3bfd8bfb4b8e9a365a0877879b73b16b,2026-09-28T00:20:00Z,Denver Broncos,Los Angeles Rams,draftkings,spreads,Los Angeles Rams,-110,-3.0
2026-08-28T01:34:27Z,3bfd8bfb4b8e9a365a0877879b73b16b,2026-09-28T00:20:00Z,Denver Broncos,Los Angeles Rams,draftkings,totals,Over,-110,45.5
2026-08-28T01:34:27Z,3bfd8bfb4b8e9a365a0877879b73b16b,2026-09-28T00:20:00Z,Denver Broncos,Los Angeles Rams,draftkings,totals,Under,-110,45.5
2026-08-28T01:34:27Z,47dc7baa254659f3beb2ed2b38c207b6,2026-09-29T00:15:00Z,Chicago Bears,Philadelphia Eagles,draftkings,spreads,Chicago Bears,-105,-1.5
2026-08-28T01:34:27Z,47dc7baa254659f3beb2ed2b38c207b6,2026-09-29T00:15:00Z,Chicago Bears,Philadelphia Eagles,draftkings,spreads,Philadelphia Eagles,-115,1.5
2026-08-28T01:34:27Z,47dc7baa254659f3beb2ed2b38c207b6,2026-09-29T00:15:00Z,Chicago Bears,Philadelphia Eagles,draftkings,totals,Over,-110,46.5
2026-08-28T01:34:27Z,47dc7baa254659f3beb2ed2b38c207b6,2026-09-29T00:15:00Z,Chicago Bears,Philadelphia Eagles,draftkings,totals,Under,-110,46.5
2026-08-28T01:34:27Z,d55cb69fed50a09170560b5b75d8de86,2026-10-02T00:15:00Z,Cleveland Browns,Pittsburgh Steelers,draftkings,spreads,Cleveland Browns,-110,2.5
2026-08-28T01:34:27Z,d55cb69fed50a09170560b5b75d8de86,2026-10-02T00:15:00Z,Cleveland Browns,Pittsburgh Steelers,draftkings,spreads,Pittsburgh Steelers,-110,-2.5
2026-08-28T01:34:27Z,d55cb69fed50a09170560b5b75d8de86,2026-10-02T00:15:00Z,Cleveland Browns,Pittsburgh Steelers,draftkings,totals,Over,-110,40.5
2026-08-28T01:34:27Z,d55cb69fed50a09170560b5b75d8de86,2026-10-02T00:15:00Z,Cleveland Browns,Pittsburgh Steelers,draftkings,totals,Under,-110,40.5
2026-08-28T01:34:27Z,c9d8ed8aa4889486eaf10a630138ede0,2026-10-04T13:30:00Z,Washington Commanders,Indianapolis Colts,draftkings,spreads,Indianapolis Colts,-115,1.5
2026-08-28T01:34:27Z,c9d8ed8aa4889486eaf10a630138ede0,2026-10-04T13:30:00Z,Washington Commanders,Indianapolis Colts,draftkings,spreads,Washington Commanders,-105,-1.5
2026-08-28T01:34:27Z,c9d8ed8aa4889486eaf10a630138ede0,2026-10-04T13:30:00Z,Washington Commanders,Indianapolis Colts,draftkings,totals,Over,-110,50.5
2026-08-28T01:34:27Z,c9d8ed8aa4889486eaf10a630138ede0,2026-10-04T13:30:00Z,Washington Commanders,Indianapolis Colts,draftkings,totals,Under,-110,50.5
2026-08-28T01:34:27Z,c9d8ed8aa4889486eaf10a630138ede0,2026-10-04T13:30:00Z,Washington Commanders,Indianapolis Colts,fanduel,spreads,Indianapolis Colts,-110,-1.5
2026-08-28T01:34:27Z,c9d8ed8aa4889486eaf10a630138ede0,2026-10-04T13:30:00Z,Washington Commanders,Indianapolis Colts,fanduel,spreads,Washington Commanders,-110,1.5
2026-08-28T01:34:27Z,c9d8ed8aa4889486eaf10a630138ede0,2026-10-04T13:30:00Z,Washington Commanders,Indianapolis Colts,fanduel,totals,Over,-110,49.5
2026-08-28T01:34:27Z,c9d8ed8aa4889486eaf10a630138ede0,2026-10-04T13:30:00Z,Washington Commanders,Indianapolis Colts,fanduel,totals,Under,-110,49.5
2026-08-28T01:34:27Z,c9d8ed8aa4889486eaf10a630138ede0,2026-10-04T13:30:00Z,Washington Commanders,Indianapolis Colts,betus,spreads,Indianapolis Colts,-120,1.5
2026-08-28T01:34:27Z,c9d8ed8aa4889486eaf10a630138ede0,2026-10-04T13:30:00Z,Washington Commanders,Indianapolis Colts,betus,spreads,Washington Commanders,100,-1.5
2026-08-28T01:34:27Z,c9d8ed8aa4889486eaf10a630138ede0,2026-10-04T13:30:00Z,Washington Commanders,Indianapolis Colts,betus,totals,Over,-110,48.5
2026-08-28T01:34:27Z,c9d8ed8aa4889486eaf10a630138ede0,2026-10-04T13:30:00Z,Washington Commanders,Indianapolis Colts,betus,totals,Under,-110,48.5
2026-08-28T01:34:27Z,664e6bda5721dc63be16bcf7d962a436,2026-10-04T17:00:00Z,New York Giants,Arizona Cardinals,draftkings,spreads,Arizona Cardinals,-110,7.0
2026-08-28T01:34:27Z,664e6bda5721dc63be16bcf7d962a436,2026-10-04T17:00:00Z,New York Giants,Arizona Cardinals,draftkings,spreads,New York Giants,-110,-7.0
2026-08-28T01:34:27Z,664e6bda5721dc63be16bcf7d962a436,2026-10-04T17:00:00Z,New York Giants,Arizona Cardinals,draftkings,totals,Over,-110,45.5
2026-08-28T01:34:27Z,664e6bda5721dc63be16bcf7d962a436,2026-10-04T17:00:00Z,New York Giants,Arizona Cardinals,draftkings,totals,Under,-110,45.5
2026-08-28T01:34:27Z,664e6bda5721dc63be16bcf7d962a436,2026-10-04T17:00:00Z,New York Giants,Arizona Cardinals,betus,spreads,Arizona Cardinals,-110,7.0
2026-08-28T01:34:27Z,664e6bda5721dc63be16bcf7d962a436,2026-10-04T17:00:00Z,New York Giants,Arizona Cardinals,betus,spreads,New York Giants,-110,-7.0
2026-08-28T01:34:27Z,664e6bda5721dc63be16bcf7d962a436,2026-10-04T17:00:00Z,New York Giants,Arizona Cardinals,betus,totals,Over,-110,45.5
2026-08-28T01:34:27Z,664e6bda5721dc63be16bcf7d962a436,2026-10-04T17:00:00Z,New York Giants,Arizona Cardinals,betus,totals,Under,-110,45.5
2026-08-28T01:34:27Z,f01589b0e7e6dd4f4ac1220a1db81f53,2026-10-04T17:00:00Z,Baltimore Ravens,Tennessee Titans,draftkings,spreads,Baltimore Ravens,-110,-8.5
2026-08-28T01:34:27Z,f01589b0e7e6dd4f4ac1220a1db81f53,2026-10-04T17:00:00Z,Baltimore Ravens,Tennessee Titans,draftkings,spreads,Tennessee Titans,-110,8.5
2026-08-28T01:34:27Z,f01589b0e7e6dd4f4ac1220a1db81f53,2026-10-04T17:00:00Z,Baltimore Ravens,Tennessee Titans,draftkings,totals,Over,-110,47.5
2026-08-28T01:34:27Z,f01589b0e7e6dd4f4ac1220a1db81f53,2026-10-04T17:00:00Z,Baltimore Ravens,Tennessee Titans,draftkings,totals,Under,-110,47.5
2026-08-28T01:34:27Z,f01589b0e7e6dd4f4ac1220a1db81f53,2026-10-04T17:00:00Z,Baltimore Ravens,Tennessee Titans,betus,spreads,Baltimore Ravens,-110,-8.5
2026-08-28T01:34:27Z,f01589b0e7e6dd4f4ac1220a1db81f53,2026-10-04T17:00:00Z,Baltimore Ravens,Tennessee Titans,betus,spreads,Tennessee Titans,-110,8.5
2026-08-28T01:34:27Z,f01589b0e7e6dd4f4ac1220a1db81f53,2026-10-04T17:00:00Z,Baltimore Ravens,Tennessee Titans,betus,totals,Over,-110,47.5
2026-08-28T01:34:27Z,f01589b0e7e6dd4f4ac1220a1db81f53,2026-10-04T17:00:00Z,Baltimore Ravens,Tennessee Titans,betus,totals,Under,-110,47.5
2026-08-28T01:34:27Z,573cc0ef39631a4f6673ec843a8bedd4,2026-10-04T17:00:00Z,Buffalo Bills,New England Patriots,draftkings,spreads,Buffalo Bills,-110,-3.0
2026-08-28T01:34:27Z,573cc0ef39631a4f6673ec843a8bedd4,2026-10-04T17:00:00Z,Buffalo Bills,New England Patriots,draftkings,spreads,New England Patriots,-110,3.0
2026-08-28T01:34:27Z,573cc0ef39631a4f6673ec843a8bedd4,2026-10-04T17:00:00Z,Buffalo Bills,New England Patriots,draftkings,totals,Over,-110,49.5
2026-08-28T01:34:27Z,573cc0ef39631a4f6673ec843a8bedd4,2026-10-04T17:00:00Z,Buffalo Bills,New England Patriots,draftkings,totals,Under,-110,49.5
2026-08-28T01:34:27Z,164e6eb68f31bac190381903c3cccd31,2026-10-04T17:00:00Z,Chicago Bears,New York Jets,draftkings,spreads,Chicago Bears,-110,-8.5
2026-08-28T01:34:27Z,164e6eb68f31bac190381903c3cccd31,2026-10-04T17:00:00Z,Chicago Bears,New York Jets,draftkings,spreads,New York Jets,-110,8.5
2026-08-28T01:34:27Z,164e6eb68f31bac190381903c3cccd31,2026-10-04T17:00:00Z,Chicago Bears,New York Jets,draftkings,totals,Over,-110,45.5
2026-08-28T01:34:27Z,164e6eb68f31bac190381903c3cccd31,2026-10-04T17:00:00Z,Chicago Bears,New York Jets,draftkings,totals,Under,-110,45.5
2026-08-28T01:34:27Z,2ea94ddf20f66432b9024fe2e2eaba5f,2026-10-04T17:00:00Z,Cincinnati Bengals,Jacksonville Jaguars,draftkings,spreads,Cincinnati Bengals,-110,-2.5
2026-08-28T01:34:27Z,2ea94ddf20f66432b9024fe2e2eaba5f,2026-10-04T17:00:00Z,Cincinnati Bengals,Jacksonville Jaguars,draftkings,spreads,Jacksonville Jaguars,-110,2.5
2026-08-28T01:34:27Z,2ea94ddf20f66432b9024fe2e2eaba5f,2026-10-04T17:00:00Z,Cincinnati Bengals,Jacksonville Jaguars,draftkings,totals,Over,-110,51.5
2026-08-28T01:34:27Z,2ea94ddf20f66432b9024fe2e2eaba5f,2026-10-04T17:00:00Z,Cincinnati Bengals,Jacksonville Jaguars,draftkings,totals,Under,-110,51.5
2026-08-28T01:34:27Z,2ea94ddf20f66432b9024fe2e2eaba5f,2026-10-04T17:00:00Z,Cincinnati Bengals,Jacksonville Jaguars,betus,spreads,Cincinnati Bengals,-110,-2.5
2026-08-28T01:34:27Z,2ea94ddf20f66432b9024fe2e2eaba5f,2026-10-04T17:00:00Z,Cincinnati Bengals,Jacksonville Jaguars,betus,spreads,Jacksonville Jaguars,-110,2.5
2026-08-28T01:34:27Z,2ea94ddf20f66432b9024fe2e2eaba5f,2026-10-04T17:00:00Z,Cincinnati Bengals,Jacksonville Jaguars,betus,totals,Over,-110,51.5
2026-08-28T01:34:27Z,2ea94ddf20f66432b9024fe2e2eaba5f,2026-10-04T17:00:00Z,Cincinnati Bengals,Jacksonville Jaguars,betus,totals,Under,-110,51.5
2026-08-28T01:34:27Z,daf55e2df5341c007fee5a0fc5bbc2d4,2026-10-04T17:00:00Z,Houston Texans,Dallas Cowboys,draftkings,spreads,Dallas Cowboys,-110,2.5
2026-08-28T01:34:27Z,daf55e2df5341c007fee5a0fc5bbc2d4,2026-10-04T17:00:00Z,Houston Texans,Dallas Cowboys,draftkings,spreads,Houston Texans,-110,-2.5
2026-08-28T01:34:27Z,daf55e2df5341c007fee5a0fc5bbc2d4,2026-10-04T17:00:00Z,Houston Texans,Dallas Cowboys,draftkings,totals,Over,-110,47.5
2026-08-28T01:34:27Z,daf55e2df5341c007fee5a0fc5bbc2d4,2026-10-04T17:00:00Z,Houston Texans,Dallas Cowboys,draftkings,totals,Under,-110,47.5
2026-08-28T01:34:27Z,daf55e2df5341c007fee5a0fc5bbc2d4,2026-10-04T17:00:00Z,Houston Texans,Dallas Cowboys,betus,spreads,Dallas Cowboys,-110,2.5
2026-08-28T01:34:27Z,daf55e2df5341c007fee5a0fc5bbc2d4,2026-10-04T17:00:00Z,Houston Texans,Dallas Cowboys,betus,spreads,Houston Texans,-110,-2.5
2026-08-28T01:34:27Z,daf55e2df5341c007fee5a0fc5bbc2d4,2026-10-04T17:00:00Z,Houston Texans,Dallas Cowboys,betus,totals,Over,-110,47.5
2026-08-28T01:34:27Z,daf55e2df5341c007fee5a0fc5bbc2d4,2026-10-04T17:00:00Z,Houston Texans,Dallas Cowboys,betus,totals,Under,-110,47.5
2026-08-28T01:34:27Z,99a9bae4dc0dc2590496bd3102b211f2,2026-10-04T17:00:00Z,Tampa Bay Buccaneers,Green Bay Packers,draftkings,spreads,Green Bay Packers,-110,-1.5
2026-08-28T01:34:27Z,99a9bae4dc0dc2590496bd3102b211f2,2026-10-04T17:00:00Z,Tampa Bay Buccaneers,Green Bay Packers,draftkings,spreads,Tampa Bay Buccaneers,-110,1.5
2026-08-28T01:34:27Z,99a9bae4dc0dc2590496bd3102b211f2,2026-10-04T17:00:00Z,Tampa Bay Buccaneers,Green Bay Packers,draftkings,totals,Over,-110,47.5
2026-08-28T01:34:27Z,99a9bae4dc0dc2590496bd3102b211f2,2026-10-04T17:00:00Z,Tampa Bay Buccaneers,Green Bay Packers,draftkings,totals,Under,-110,47.5
2026-08-28T01:34:27Z,99a9bae4dc0dc2590496bd3102b211f2,2026-10-04T17:00:00Z,Tampa Bay Buccaneers,Green Bay Packers,betus,spreads,Green Bay Packers,-110,-1.5
2026-08-28T01:34:27Z,99a9bae4dc0dc2590496bd3102b211f2,2026-10-04T17:00:00Z,Tampa Bay Buccaneers,Green Bay Packers,betus,spreads,Tampa Bay Buccaneers,-110,1.5
2026-08-28T01:34:27Z,99a9bae4dc0dc2590496bd3102b211f2,2026-10-04T17:00:00Z,Tampa Bay Buccaneers,Green Bay Packers,betus,totals,Over,-110,47.5
2026-08-28T01:34:27Z,99a9bae4dc0dc2590496bd3102b211f2,2026-10-04T17:00:00Z,Tampa Bay Buccaneers,Green Bay Packers,betus,totals,Under,-110,47.5
2026-08-28T01:34:27Z,1b4f2e60ce83fa1d63a5dff83769d27c,2026-10-04T17:00:00Z,Philadelphia Eagles,Los Angeles Rams,draftkings,spreads,Los Angeles Rams,-110,-1.5
2026-08-28T01:34:27Z,1b4f2e60ce83fa1d63a5dff83769d27c,2026-10-04T17:00:00Z,Philadelphia Eagles,Los Angeles Rams,draftkings,spreads,Philadelphia Eagles,-110,1.5
2026-08-28T01:34:27Z,1b4f2e60ce83fa1d63a5dff83769d27c,2026-10-04T17:00:00Z,Philadelphia Eagles,Los Angeles Rams,draftkings,totals,Over,-110,47.5
2026-08-28T01:34:27Z,1b4f2e60ce83fa1d63a5dff83769d27c,2026-10-04T17:00:00Z,Philadelphia Eagles,Los Angeles Rams,draftkings,totals,Under,-110,47.5
2026-08-28T01:34:27Z,c327223d76a3b7b0db8c6c104442f44b,2026-10-04T20:05:00Z,Minnesota Vikings,Miami Dolphins,draftkings,spreads,Miami Dolphins,-110,7.5
2026-08-28T01:34:27Z,c327223d76a3b7b0db8c6c104442f44b,2026-10-04T20:05:00Z,Minnesota Vikings,Miami Dolphins,draftkings,spreads,Minnesota Vikings,-110,-7.5
2026-08-28T01:34:27Z,c327223d76a3b7b0db8c6c104442f44b,2026-10-04T20:05:00Z,Minnesota Vikings,Miami Dolphins,draftkings,totals,Over,-110,43.5
2026-08-28T01:34:27Z,c327223d76a3b7b0db8c6c104442f44b,2026-10-04T20:05:00Z,Minnesota Vikings,Miami Dolphins,draftkings,totals,Under,-110,43.5
2026-08-28T01:34:27Z,c327223d76a3b7b0db8c6c104442f44b,2026-10-04T20:05:00Z,Minnesota Vikings,Miami Dolphins,betus,spreads,Miami Dolphins,-110,7.5
2026-08-28T01:34:27Z,c327223d76a3b7b0db8c6c104442f44b,2026-10-04T20:05:00Z,Minnesota Vikings,Miami Dolphins,betus,spreads,Minnesota Vikings,-110,-7.5
2026-08-28T01:34:27Z,c327223d76a3b7b0db8c6c104442f44b,2026-10-04T20:05:00Z,Minnesota Vikings,Miami Dolphins,betus,totals,Over,-110,43.5
2026-08-28T01:34:27Z,c327223d76a3b7b0db8c6c104442f44b,2026-10-04T20:05:00Z,Minnesota Vikings,Miami Dolphins,betus,totals,Under,-110,43.5
2026-08-28T01:34:27Z,a7e7efb75a9792ac63480ae6328dca18,2026-10-04T20:25:00Z,San Francisco 49ers,Denver Broncos,draftkings,spreads,Denver Broncos,-110,2.5
2026-08-28T01:34:27Z,a7e7efb75a9792ac63480ae6328dca18,2026-10-04T20:25:00Z,San Francisco 49ers,Denver Broncos,draftkings,spreads,San Francisco 49ers,-110,-2.5
2026-08-28T01:34:27Z,a7e7efb75a9792ac63480ae6328dca18,2026-10-04T20:25:00Z,San Francisco 49ers,Denver Broncos,draftkings,totals,Over,-110,46.5
2026-08-28T01:34:27Z,a7e7efb75a9792ac63480ae6328dca18,2026-10-04T20:25:00Z,San Francisco 49ers,Denver Broncos,draftkings,totals,Under,-110,46.5
2026-08-28T01:34:27Z,a7e7efb75a9792ac63480ae6328dca18,2026-10-04T20:25:00Z,San Francisco 49ers,Denver Broncos,betus,spreads,Denver Broncos,-110,2.5
2026-08-28T01:34:27Z,a7e7efb75a9792ac63480ae6328dca18,2026-10-04T20:25:00Z,San Francisco 49ers,Denver Broncos,betus,spreads,San Francisco 49ers,-110,-2.5
2026-08-28T01:34:27Z,a7e7efb75a9792ac63480ae6328dca18,2026-10-04T20:25:00Z,San Francisco 49ers,Denver Broncos,betus,totals,Over,-110,46.5
2026-08-28T01:34:27Z,a7e7efb75a9792ac63480ae6328dca18,2026-10-04T20:25:00Z,San Francisco 49ers,Denver Broncos,betus,totals,Under,-110,46.5
2026-08-28T01:34:27Z,e0cbd266dcf997089203a1b33ba0333d,2026-10-04T20:25:00Z,Las Vegas Raiders,Kansas City Chiefs,draftkings,spreads,Kansas City Chiefs,-110,-5.5
2026-08-28T01:34:27Z,e0cbd266dcf997089203a1b33ba0333d,2026-10-04T20:25:00Z,Las Vegas Raiders,Kansas City Chiefs,draftkings,spreads,Las Vegas Raiders,-110,5.5
2026-08-28T01:34:27Z,e0cbd266dcf997089203a1b33ba0333d,2026-10-04T20:25:00Z,Las Vegas Raiders,Kansas City Chiefs,draftkings,totals,Over,-110,43.5
2026-08-28T01:34:27Z,e0cbd266dcf997089203a1b33ba0333d,2026-10-04T20:25:00Z,Las Vegas Raiders,Kansas City Chiefs,draftkings,totals,Under,-110,43.5
2026-08-28T01:34:27Z,96d2373cda647873b971f268482bced0,2026-10-04T20:25:00Z,Seattle Seahawks,Los Angeles Chargers,draftkings,spreads,Los Angeles Chargers,-105,3.0
2026-08-28T01:34:27Z,96d2373cda647873b971f268482bced0,2026-10-04T20:25:00Z,Seattle Seahawks,Los Angeles Chargers,draftkings,spreads,Seattle Seahawks,-115,-3.0
2026-08-28T01:34:27Z,96d2373cda647873b971f268482bced0,2026-10-04T20:25:00Z,Seattle Seahawks,Los Angeles Chargers,draftkings,totals,Over,-110,45.5
2026-08-28T01:34:27Z,96d2373cda647873b971f268482bced0,2026-10-04T20:25:00Z,Seattle Seahawks,Los Angeles Chargers,draftkings,totals,Under,-110,45.5
2026-08-28T01:34:27Z,96d2373cda647873b971f268482bced0,2026-10-04T20:25:00Z,Seattle Seahawks,Los Angeles Chargers,betus,spreads,Los Angeles Chargers,-110,3.0
2026-08-28T01:34:27Z,96d2373cda647873b971f268482bced0,2026-10-04T20:25:00Z,Seattle Seahawks,Los Angeles Chargers,betus,spreads,Seattle Seahawks,-110,-3.0
2026-08-28T01:34:27Z,96d2373cda647873b971f268482bced0,2026-10-04T20:25:00Z,Seattle Seahawks,Los Angeles Chargers,betus,totals,Over,-110,45.5
2026-08-28T01:34:27Z,96d2373cda647873b971f268482bced0,2026-10-04T20:25:00Z,Seattle Seahawks,Los Angeles Chargers,betus,totals,Under,-110,45.5
2026-08-28T01:34:27Z,a73a76599a4f3422803e57bd8f61b626,2026-10-05T00:20:00Z,Carolina Panthers,Detroit Lions,draftkings,spreads,Carolina Panthers,-110,3.0
2026-08-28T01:34:27Z,a73a76599a4f3422803e57bd8f61b626,2026-10-05T00:20:00Z,Carolina Panthers,Detroit Lions,draftkings,spreads,Detroit Lions,-110,-3.0
2026-08-28T01:34:27Z,a73a76599a4f3422803e57bd8f61b626,2026-10-05T00:20:00Z,Carolina Panthers,Detroit Lions,draftkings,totals,Over,-110,47.5
2026-08-28T01:34:27Z,a73a76599a4f3422803e57bd8f61b626,2026-10-05T00:20:00Z,Carolina Panthers,Detroit Lions,draftkings,totals,Under,-110,47.5
2026-08-28T01:34:27Z,8bd90781e17e6d97df3941063cedae1e,2026-10-06T00:15:00Z,New Orleans Saints,Atlanta Falcons,draftkings,spreads,Atlanta Falcons,-110,2.5
2026-08-28T01:34:27Z,8bd90781e17e6d97df3941063cedae1e,2026-10-06T00:15:00Z,New Orleans Saints,Atlanta Falcons,draftkings,spreads,New Orleans Saints,-110,-2.5
2026-08-28T01:34:27Z,8bd90781e17e6d97df3941063cedae1e,2026-10-06T00:15:00Z,New Orleans Saints,Atlanta Falcons,draftkings,totals,Over,-115,45.5
2026-08-28T01:34:27Z,8bd90781e17e6d97df3941063cedae1e,2026-10-06T00:15:00Z,New Orleans Saints,Atlanta Falcons,draftkings,totals,Under,-105,45.5
2026-08-28T01:34:27Z,8bd90781e17e6d97df3941063cedae1e,2026-10-06T00:15:00Z,New Orleans Saints,Atlanta Falcons,betus,spreads,Atlanta Falcons,-110,2.5
2026-08-28T01:34:27Z,8bd90781e17e6d97df3941063cedae1e,2026-10-06T00:15:00Z,New Orleans Saints,Atlanta Falcons,betus,spreads,New Orleans Saints,-110,-2.5
2026-08-28T01:34:27Z,8bd90781e17e6d97df3941063cedae1e,2026-10-06T00:15:00Z,New Orleans Saints,Atlanta Falcons,betus,totals,Over,-110,45.5
2026-08-28T01:34:27Z,8bd90781e17e6d97df3941063cedae1e,2026-10-06T00:15:00Z,New Orleans Saints,Atlanta Falcons,betus,totals,Under,-110,45.5
2026-08-28T01:34:27Z,259b5df9aa0d10257f56de78523495e0,2026-10-09T00:15:00Z,Dallas Cowboys,Tampa Bay Buccaneers,draftkings,spreads,Dallas Cowboys,-110,-3.5
2026-08-28T01:34:27Z,259b5df9aa0d10257f56de78523495e0,2026-10-09T00:15:00Z,Dallas Cowboys,Tampa Bay Buccaneers,draftkings,spreads,Tampa Bay Buccaneers,-110,3.5
2026-08-28T01:34:27Z,259b5df9aa0d10257f56de78523495e0,2026-10-09T00:15:00Z,Dallas Cowboys,Tampa Bay Buccaneers,draftkings,totals,Over,-110,52.5
2026-08-28T01:34:27Z,259b5df9aa0d10257f56de78523495e0,2026-10-09T00:15:00Z,Dallas Cowboys,Tampa Bay Buccaneers,draftkings,totals,Under,-110,52.5
2026-08-28T01:34:27Z,259b5df9aa0d10257f56de78523495e0,2026-10-09T00:15:00Z,Dallas Cowboys,Tampa Bay Buccaneers,betus,spreads,Dallas Cowboys,-110,-3.5
2026-08-28T01:34:27Z,259b5df9aa0d10257f56de78523495e0,2026-10-09T00:15:00Z,Dallas Cowboys,Tampa Bay Buccaneers,betus,spreads,Tampa Bay Buccaneers,-110,3.5
2026-08-28T01:34:27Z,259b5df9aa0d10257f56de78523495e0,2026-10-09T00:15:00Z,Dallas Cowboys,Tampa Bay Buccaneers,betus,totals,Over,-110,52.5
2026-08-28T01:34:27Z,259b5df9aa0d10257f56de78523495e0,2026-10-09T00:15:00Z,Dallas Cowboys,Tampa Bay Buccaneers,betus,totals,Under,-110,52.5
2026-08-28T01:34:27Z,21b26266f3d78af02eb672e606275d95,2026-10-11T13:30:00Z,Jacksonville Jaguars,Philadelphia Eagles,draftkings,spreads,Jacksonville Jaguars,-110,1.5
2026-08-28T01:34:27Z,21b26266f3d78af02eb672e606275d95,2026-10-11T13:30:00Z,Jacksonville Jaguars,Philadelphia Eagles,draftkings,spreads,Philadelphia Eagles,-110,-1.5
2026-08-28T01:34:27Z,21b26266f3d78af02eb672e606275d95,2026-10-11T13:30:00Z,Jacksonville Jaguars,Philadelphia Eagles,draftkings,totals,Over,-110,45.5
2026-08-28T01:34:27Z,21b26266f3d78af02eb672e606275d95,2026-10-11T13:30:00Z,Jacksonville Jaguars,Philadelphia Eagles,draftkings,totals,Under,-110,45.5
2026-08-28T01:34:27Z,21b26266f3d78af02eb672e606275d95,2026-10-11T13:30:00Z,Jacksonville Jaguars,Philadelphia Eagles,fanduel,spreads,Jacksonville Jaguars,-112,1.5
2026-08-28T01:34:27Z,21b26266f3d78af02eb672e606275d95,2026-10-11T13:30:00Z,Jacksonville Jaguars,Philadelphia Eagles,fanduel,spreads,Philadelphia Eagles,-108,-1.5
2026-08-28T01:34:27Z,21b26266f3d78af02eb672e606275d95,2026-10-11T13:30:00Z,Jacksonville Jaguars,Philadelphia Eagles,fanduel,totals,Over,-104,44.5
2026-08-28T01:34:27Z,21b26266f3d78af02eb672e606275d95,2026-10-11T13:30:00Z,Jacksonville Jaguars,Philadelphia Eagles,fanduel,totals,Under,-118,44.5
2026-08-28T01:34:27Z,21b26266f3d78af02eb672e606275d95,2026-10-11T13:30:00Z,Jacksonville Jaguars,Philadelphia Eagles,betus,spreads,Jacksonville Jaguars,-105,1.5
2026-08-28T01:34:27Z,21b26266f3d78af02eb672e606275d95,2026-10-11T13:30:00Z,Jacksonville Jaguars,Philadelphia Eagles,betus,spreads,Philadelphia Eagles,-115,-1.5
2026-08-28T01:34:27Z,21b26266f3d78af02eb672e606275d95,2026-10-11T13:30:00Z,Jacksonville Jaguars,Philadelphia Eagles,betus,totals,Over,-110,44.5
2026-08-28T01:34:27Z,21b26266f3d78af02eb672e606275d95,2026-10-11T13:30:00Z,Jacksonville Jaguars,Philadelphia Eagles,betus,totals,Under,-110,44.5
2026-08-28T01:34:27Z,c4647ca1201e6768501877267ca8251b,2026-10-11T17:00:00Z,Miami Dolphins,Cincinnati Bengals,draftkings,spreads,Cincinnati Bengals,-110,-6.0
2026-08-28T01:34:27Z,c4647ca1201e6768501877267ca8251b,2026-10-11T17:00:00Z,Miami Dolphins,Cincinnati Bengals,draftkings,spreads,Miami Dolphins,-110,6.0
2026-08-28T01:34:27Z,c4647ca1201e6768501877267ca8251b,2026-10-11T17:00:00Z,Miami Dolphins,Cincinnati Bengals,draftkings,totals,Over,-110,49.5
2026-08-28T01:34:27Z,c4647ca1201e6768501877267ca8251b,2026-10-11T17:00:00Z,Miami Dolphins,Cincinnati Bengals,draftkings,totals,Under,-110,49.5
2026-08-28T01:34:27Z,c4647ca1201e6768501877267ca8251b,2026-10-11T17:00:00Z,Miami Dolphins,Cincinnati Bengals,betus,spreads,Cincinnati Bengals,-110,-5.5
2026-08-28T01:34:27Z,c4647ca1201e6768501877267ca8251b,2026-10-11T17:00:00Z,Miami Dolphins,Cincinnati Bengals,betus,spreads,Miami Dolphins,-110,5.5
2026-08-28T01:34:27Z,c4647ca1201e6768501877267ca8251b,2026-10-11T17:00:00Z,Miami Dolphins,Cincinnati Bengals,betus,totals,Over,-110,49.5
2026-08-28T01:34:27Z,c4647ca1201e6768501877267ca8251b,2026-10-11T17:00:00Z,Miami Dolphins,Cincinnati Bengals,betus,totals,Under,-110,49.5
2026-08-28T01:34:27Z,9db4ed15fe34fca1fb62f040cd244591,2026-10-11T17:00:00Z,New York Jets,Cleveland Browns,draftkings,spreads,Cleveland Browns,-105,1.5
2026-08-28T01:34:27Z,9db4ed15fe34fca1fb62f040cd244591,2026-10-11T17:00:00Z,New York Jets,Cleveland Browns,draftkings,spreads,New York Jets,-115,-1.5
2026-08-28T01:34:27Z,9db4ed15fe34fca1fb62f040cd244591,2026-10-11T17:00:00Z,New York Jets,Cleveland Browns,draftkings,totals,Over,-110,39.5
2026-08-28T01:34:27Z,9db4ed15fe34fca1fb62f040cd244591,2026-10-11T17:00:00Z,New York Jets,Cleveland Browns,draftkings,totals,Under,-110,39.5
2026-08-28T01:34:27Z,cc52bba56e74f5cddbe9011046181c3d,2026-10-11T17:00:00Z,Tennessee Titans,Houston Texans,draftkings,spreads,Houston Texans,-110,-3.5
2026-08-28T01:34:27Z,cc52bba56e74f5cddbe9011046181c3d,2026-10-11T17:00:00Z,Tennessee Titans,Houston Texans,draftkings,spreads,Tennessee Titans,-110,3.5
2026-08-28T01:34:27Z,cc52bba56e74f5cddbe9011046181c3d,2026-10-11T17:00:00Z,Tennessee Titans,Houston Texans,draftkings,totals,Over,-110,43.5
2026-08-28T01:34:27Z,cc52bba56e74f5cddbe9011046181c3d,2026-10-11T17:00:00Z,Tennessee Titans,Houston Texans,draftkings,totals,Under,-110,43.5
2026-08-28T01:34:27Z,cc52bba56e74f5cddbe9011046181c3d,2026-10-11T17:00:00Z,Tennessee Titans,Houston Texans,betus,spreads,Houston Texans,-110,-3.5
2026-08-28T01:34:27Z,cc52bba56e74f5cddbe9011046181c3d,2026-10-11T17:00:00Z,Tennessee Titans,Houston Texans,betus,spreads,Tennessee Titans,-110,3.5
2026-08-28T01:34:27Z,cc52bba56e74f5cddbe9011046181c3d,2026-10-11T17:00:00Z,Tennessee Titans,Houston Texans,betus,totals,Over,-110,43.5
2026-08-28T01:34:27Z,cc52bba56e74f5cddbe9011046181c3d,2026-10-11T17:00:00Z,Tennessee Titans,Houston Texans,betus,totals,Under,-110,43.5
2026-08-28T01:34:27Z,448d7cf18c6db4c811ed82ded1b72867,2026-10-11T17:00:00Z,Pittsburgh Steelers,Indianapolis Colts,draftkings,spreads,Indianapolis Colts,-110,2.5
2026-08-28T01:34:27Z,448d7cf18c6db4c811ed82ded1b72867,2026-10-11T17:00:00Z,Pittsburgh Steelers,Indianapolis Colts,draftkings,spreads,Pittsburgh Steelers,-110,-2.5
2026-08-28T01:34:27Z,448d7cf18c6db4c811ed82ded1b72867,2026-10-11T17:00:00Z,Pittsburgh Steelers,Indianapolis Colts,draftkings,totals,Over,-110,47.5
2026-08-28T01:34:27Z,448d7cf18c6db4c811ed82ded1b72867,2026-10-11T17:00:00Z,Pittsburgh Steelers,Indianapolis Colts,draftkings,totals,Under,-110,47.5
2026-08-28T01:34:27Z,448d7cf18c6db4c811ed82ded1b72867,2026-10-11T17:00:00Z,Pittsburgh Steelers,Indianapolis Colts,betus,spreads,Indianapolis Colts,-110,2.5
2026-08-28T01:34:27Z,448d7cf18c6db4c811ed82ded1b72867,2026-10-11T17:00:00Z,Pittsburgh Steelers,Indianapolis Colts,betus,spreads,Pittsburgh Steelers,-110,-2.5
2026-08-28T01:34:27Z,448d7cf18c6db4c811ed82ded1b72867,2026-10-11T17:00:00Z,Pittsburgh Steelers,Indianapolis Colts,betus,totals,Over,-110,47.5
2026-08-28T01:34:27Z,448d7cf18c6db4c811ed82ded1b72867,2026-10-11T17:00:00Z,Pittsburgh Steelers,Indianapolis Colts,betus,totals,Under,-110,47.5
2026-08-28T01:34:27Z,6b024bad1abb54f597225e4ab9b39d89,2026-10-11T17:00:00Z,New England Patriots,Las Vegas Raiders,draftkings,spreads,Las Vegas Raiders,-110,8.5
2026-08-28T01:34:27Z,6b024bad1abb54f597225e4ab9b39d89,2026-10-11T17:00:00Z,New England Patriots,Las Vegas Raiders,draftkings,spreads,New England Patriots,-110,-8.5
2026-08-28T01:34:27Z,6b024bad1abb54f597225e4ab9b39d89,2026-10-11T17:00:00Z,New England Patriots,Las Vegas Raiders,draftkings,totals,Over,-110,44.5
2026-08-28T01:34:27Z,6b024bad1abb54f597225e4ab9b39d89,2026-10-11T17:00:00Z,New England Patriots,Las Vegas Raiders,draftkings,totals,Under,-110,44.5
2026-08-28T01:34:27Z,2cda9bf0fbe35a2735f0dd8aaafe9eff,2026-10-11T17:00:00Z,New Orleans Saints,Minnesota Vikings,draftkings,spreads,Minnesota Vikings,-110,-1.5
2026-08-28T01:34:27Z,2cda9bf0fbe35a2735f0dd8aaafe9eff,2026-10-11T17:00:00Z,New Orleans Saints,Minnesota Vikings,draftkings,spreads,New Orleans Saints,-110,1.5
2026-08-28T01:34:27Z,2cda9bf0fbe35a2735f0dd8aaafe9eff,2026-10-11T17:00:00Z,New Orleans Saints,Minnesota Vikings,draftkings,totals,Over,-110,44.5
2026-08-28T01:34:27Z,2cda9bf0fbe35a2735f0dd8aaafe9eff,2026-10-11T17:00:00Z,New Orleans Saints,Minnesota Vikings,draftkings,totals,Under,-110,44.5
2026-08-28T01:34:27Z,2cda9bf0fbe35a2735f0dd8aaafe9eff,2026-10-11T17:00:00Z,New Orleans Saints,Minnesota Vikings,betus,spreads,Minnesota Vikings,-105,-1.5
2026-08-28T01:34:27Z,2cda9bf0fbe35a2735f0dd8aaafe9eff,2026-10-11T17:00:00Z,New Orleans Saints,Minnesota Vikings,betus,spreads,New Orleans Saints,-115,1.5
2026-08-28T01:34:27Z,2cda9bf0fbe35a2735f0dd8aaafe9eff,2026-10-11T17:00:00Z,New Orleans Saints,Minnesota Vikings,betus,totals,Over,-110,44.5
2026-08-28T01:34:27Z,2cda9bf0fbe35a2735f0dd8aaafe9eff,2026-10-11T17:00:00Z,New Orleans Saints,Minnesota Vikings,betus,totals,Under,-110,44.5
2026-08-28T01:34:27Z,fbffd0b7722fd81d68d5d62472dc80e8,2026-10-11T17:00:00Z,Washington Commanders,New York Giants,draftkings,spreads,New York Giants,-105,1.5
2026-08-28T01:34:27Z,fbffd0b7722fd81d68d5d62472dc80e8,2026-10-11T17:00:00Z,Washington Commanders,New York Giants,draftkings,spreads,Washington Commanders,-115,-1.5
2026-08-28T01:34:27Z,fbffd0b7722fd81d68d5d62472dc80e8,2026-10-11T17:00:00Z,Washington Commanders,New York Giants,draftkings,totals,Over,-110,48.5
2026-08-28T01:34:27Z,fbffd0b7722fd81d68d5d62472dc80e8,2026-10-11T17:00:00Z,Washington Commanders,New York Giants,draftkings,totals,Under,-110,48.5
2026-08-28T01:34:27Z,fbffd0b7722fd81d68d5d62472dc80e8,2026-10-11T17:00:00Z,Washington Commanders,New York Giants,betus,spreads,New York Giants,-110,2.5
2026-08-28T01:34:27Z,fbffd0b7722fd81d68d5d62472dc80e8,2026-10-11T17:00:00Z,Washington Commanders,New York Giants,betus,spreads,Washington Commanders,-110,-2.5
2026-08-28T01:34:27Z,fbffd0b7722fd81d68d5d62472dc80e8,2026-10-11T17:00:00Z,Washington Commanders,New York Giants,betus,totals,Over,-110,48.5
2026-08-28T01:34:27Z,fbffd0b7722fd81d68d5d62472dc80e8,2026-10-11T17:00:00Z,Washington Commanders,New York Giants,betus,totals,Under,-110,48.5
2026-08-28T01:34:27Z,d1d408fdfd272046fb517fe992a1c5a0,2026-10-11T20:05:00Z,Los Angeles Chargers,Denver Broncos,draftkings,spreads,Denver Broncos,-110,2.5
2026-08-28T01:34:27Z,d1d408fdfd272046fb517fe992a1c5a0,2026-10-11T20:05:00Z,Los Angeles Chargers,Denver Broncos,draftkings,spreads,Los Angeles Chargers,-110,-2.5
2026-08-28T01:34:27Z,d1d408fdfd272046fb517fe992a1c5a0,2026-10-11T20:05:00Z,Los Angeles Chargers,Denver Broncos,draftkings,totals,Over,-110,44.5
2026-08-28T01:34:27Z,d1d408fdfd272046fb517fe992a1c5a0,2026-10-11T20:05:00Z,Los Angeles Chargers,Denver Broncos,draftkings,totals,Under,-110,44.5
2026-08-28T01:34:27Z,d1d408fdfd272046fb517fe992a1c5a0,2026-10-11T20:05:00Z,Los Angeles Chargers,Denver Broncos,betus,spreads,Denver Broncos,-110,2.5
2026-08-28T01:34:27Z,d1d408fdfd272046fb517fe992a1c5a0,2026-10-11T20:05:00Z,Los Angeles Chargers,Denver Broncos,betus,spreads,Los Angeles Chargers,-110,-2.5
2026-08-28T01:34:27Z,d1d408fdfd272046fb517fe992a1c5a0,2026-10-11T20:05:00Z,Los Angeles Chargers,Denver Broncos,betus,totals,Over,-110,44.5
2026-08-28T01:34:27Z,d1d408fdfd272046fb517fe992a1c5a0,2026-10-11T20:05:00Z,Los Angeles Chargers,Denver Broncos,betus,totals,Under,-110,44.5
2026-08-28T01:34:27Z,f8e7f43f73aa983c5c99c189587f0118,2026-10-11T20:25:00Z,Arizona Cardinals,Detroit Lions,draftkings,spreads,Arizona Cardinals,-110,8.5
2026-08-28T01:34:27Z,f8e7f43f73aa983c5c99c189587f0118,2026-10-11T20:25:00Z,Arizona Cardinals,Detroit Lions,draftkings,spreads,Detroit Lions,-110,-8.5
2026-08-28T01:34:27Z,f8e7f43f73aa983c5c99c189587f0118,2026-10-11T20:25:00Z,Arizona Cardinals,Detroit Lions,draftkings,totals,Over,-110,48.5
2026-08-28T01:34:27Z,f8e7f43f73aa983c5c99c189587f0118,2026-10-11T20:25:00Z,Arizona Cardinals,Detroit Lions,draftkings,totals,Under,-110,48.5
2026-08-28T01:34:27Z,2caea57b1e5cfbba1334cfbfd46f6771,2026-10-11T20:25:00Z,Green Bay Packers,Chicago Bears,draftkings,spreads,Chicago Bears,-110,3.0
2026-08-28T01:34:27Z,2caea57b1e5cfbba1334cfbfd46f6771,2026-10-11T20:25:00Z,Green Bay Packers,Chicago Bears,draftkings,spreads,Green Bay Packers,-110,-3.0
2026-08-28T01:34:27Z,2caea57b1e5cfbba1334cfbfd46f6771,2026-10-11T20:25:00Z,Green Bay Packers,Chicago Bears,draftkings,totals,Over,-110,49.5
2026-08-28T01:34:27Z,2caea57b1e5cfbba1334cfbfd46f6771,2026-10-11T20:25:00Z,Green Bay Packers,Chicago Bears,draftkings,totals,Under,-110,49.5
2026-08-28T01:34:27Z,8e5d515b10d8a5ffb324640ed60bcc55,2026-10-11T20:25:00Z,Seattle Seahawks,San Francisco 49ers,draftkings,spreads,San Francisco 49ers,-110,3.5
2026-08-28T01:34:27Z,8e5d515b10d8a5ffb324640ed60bcc55,2026-10-11T20:25:00Z,Seattle Seahawks,San Francisco 49ers,draftkings,spreads,Seattle Seahawks,-110,-3.5
2026-08-28T01:34:27Z,8e5d515b10d8a5ffb324640ed60bcc55,2026-10-11T20:25:00Z,Seattle Seahawks,San Francisco 49ers,draftkings,totals,Over,-110,48.5
2026-08-28T01:34:27Z,8e5d515b10d8a5ffb324640ed60bcc55,2026-10-11T20:25:00Z,Seattle Seahawks,San Francisco 49ers,draftkings,totals,Under,-110,48.5
2026-08-28T01:34:27Z,8e5d515b10d8a5ffb324640ed60bcc55,2026-10-11T20:25:00Z,Seattle Seahawks,San Francisco 49ers,betus,spreads,San Francisco 49ers,-110,3.5
2026-08-28T01:34:27Z,8e5d515b10d8a5ffb324640ed60bcc55,2026-10-11T20:25:00Z,Seattle Seahawks,San Francisco 49ers,betus,spreads,Seattle Seahawks,-110,-3.5
2026-08-28T01:34:27Z,8e5d515b10d8a5ffb324640ed60bcc55,2026-10-11T20:25:00Z,Seattle Seahawks,San Francisco 49ers,betus,totals,Over,-110,48.5
2026-08-28T01:34:27Z,8e5d515b10d8a5ffb324640ed60bcc55,2026-10-11T20:25:00Z,Seattle Seahawks,San Francisco 49ers,betus,totals,Under,-110,48.5
2026-08-28T01:34:27Z,86457f91112732f21ad4bb7d37bd291c,2026-10-12T00:20:00Z,Atlanta Falcons,Baltimore Ravens,draftkings,spreads,Atlanta Falcons,-110,4.5
2026-08-28T01:34:27Z,86457f91112732f21ad4bb7d37bd291c,2026-10-12T00:20:00Z,Atlanta Falcons,Baltimore Ravens,draftkings,spreads,Baltimore Ravens,-110,-4.5
2026-08-28T01:34:27Z,86457f91112732f21ad4bb7d37bd291c,2026-10-12T00:20:00Z,Atlanta Falcons,Baltimore Ravens,draftkings,totals,Over,-110,48.5
2026-08-28T01:34:27Z,86457f91112732f21ad4bb7d37bd291c,2026-10-12T00:20:00Z,Atlanta Falcons,Baltimore Ravens,draftkings,totals,Under,-110,48.5
2026-08-28T01:34:27Z,86457f91112732f21ad4bb7d37bd291c,2026-10-12T00:20:00Z,Atlanta Falcons,Baltimore Ravens,betus,spreads,Atlanta Falcons,-110,4.5
2026-08-28T01:34:27Z,86457f91112732f21ad4bb7d37bd291c,2026-10-12T00:20:00Z,Atlanta Falcons,Baltimore Ravens,betus,spreads,Baltimore Ravens,-110,-4.5
2026-08-28T01:34:27Z,86457f91112732f21ad4bb7d37bd291c,2026-10-12T00:20:00Z,Atlanta Falcons,Baltimore Ravens,betus,totals,Over,-110,48.5
2026-08-28T01:34:27Z,86457f91112732f21ad4bb7d37bd291c,2026-10-12T00:20:00Z,Atlanta Falcons,Baltimore Ravens,betus,totals,Under,-110,48.5
2026-08-28T01:34:27Z,e6d00eedd87d367e510314bd8cab8f6f,2026-10-13T00:15:00Z,Los Angeles Rams,Buffalo Bills,draftkings,spreads,Buffalo Bills,-110,3.0
2026-08-28T01:34:27Z,e6d00eedd87d367e510314bd8cab8f6f,2026-10-13T00:15:00Z,Los Angeles Rams,Buffalo Bills,draftkings,spreads,Los Angeles Rams,-110,-3.0
2026-08-28T01:34:27Z,e6d00eedd87d367e510314bd8cab8f6f,2026-10-13T00:15:00Z,Los Angeles Rams,Buffalo Bills,draftkings,totals,Over,-110,53.5
2026-08-28T01:34:27Z,e6d00eedd87d367e510314bd8cab8f6f,2026-10-13T00:15:00Z,Los Angeles Rams,Buffalo Bills,draftkings,totals,Under,-110,53.5
2026-08-28T01:34:27Z,855f58fad5f0f14b239f4f63df27998b,2026-10-16T00:15:00Z,Denver Broncos,Seattle Seahawks,draftkings,spreads,Denver Broncos,-105,1.5
2026-08-28T01:34:27Z,855f58fad5f0f14b239f4f63df27998b,2026-10-16T00:15:00Z,Denver Broncos,Seattle Seahawks,draftkings,spreads,Seattle Seahawks,-115,-1.5
2026-08-28T01:34:27Z,855f58fad5f0f14b239f4f63df27998b,2026-10-16T00:15:00Z,Denver Broncos,Seattle Seahawks,draftkings,totals,Over,-110,43.5
2026-08-28T01:34:27Z,855f58fad5f0f14b239f4f63df27998b,2026-10-16T00:15:00Z,Denver Broncos,Seattle Seahawks,draftkings,totals,Under,-110,43.5
2026-08-28T01:34:27Z,855f58fad5f0f14b239f4f63df27998b,2026-10-16T00:15:00Z,Denver Broncos,Seattle Seahawks,betus,spreads,Denver Broncos,-115,2.5
2026-08-28T01:34:27Z,855f58fad5f0f14b239f4f63df27998b,2026-10-16T00:15:00Z,Denver Broncos,Seattle Seahawks,betus,spreads,Seattle Seahawks,-105,-2.5
2026-08-28T01:34:27Z,855f58fad5f0f14b239f4f63df27998b,2026-10-16T00:15:00Z,Denver Broncos,Seattle Seahawks,betus,totals,Over,-110,43.5
2026-08-28T01:34:27Z,855f58fad5f0f14b239f4f63df27998b,2026-10-16T00:15:00Z,Denver Broncos,Seattle Seahawks,betus,totals,Under,-110,43.5
2026-08-28T01:34:27Z,57418b2cf5aca558b3c98eafac1e264a,2026-10-18T13:30:00Z,Jacksonville Jaguars,Houston Texans,draftkings,spreads,Houston Texans,-122,1.5
2026-08-28T01:34:27Z,57418b2cf5aca558b3c98eafac1e264a,2026-10-18T13:30:00Z,Jacksonville Jaguars,Houston Texans,draftkings,spreads,Jacksonville Jaguars,102,-1.5
2026-08-28T01:34:27Z,57418b2cf5aca558b3c98eafac1e264a,2026-10-18T13:30:00Z,Jacksonville Jaguars,Houston Texans,draftkings,totals,Over,-110,42.5
2026-08-28T01:34:27Z,57418b2cf5aca558b3c98eafac1e264a,2026-10-18T13:30:00Z,Jacksonville Jaguars,Houston Texans,draftkings,totals,Under,-110,42.5
2026-08-28T01:34:27Z,57418b2cf5aca558b3c98eafac1e264a,2026-10-18T13:30:00Z,Jacksonville Jaguars,Houston Texans,fanduel,spreads,Houston Texans,-104,-1.5
2026-08-28T01:34:27Z,57418b2cf5aca558b3c98eafac1e264a,2026-10-18T13:30:00Z,Jacksonville Jaguars,Houston Texans,fanduel,spreads,Jacksonville Jaguars,-118,1.5
2026-08-28T01:34:27Z,57418b2cf5aca558b3c98eafac1e264a,2026-10-18T13:30:00Z,Jacksonville Jaguars,Houston Texans,fanduel,totals,Over,-115,40.5
2026-08-28T01:34:27Z,57418b2cf5aca558b3c98eafac1e264a,2026-10-18T13:30:00Z,Jacksonville Jaguars,Houston Texans,fanduel,totals,Under,-105,40.5
2026-08-28T01:34:27Z,57418b2cf5aca558b3c98eafac1e264a,2026-10-18T13:30:00Z,Jacksonville Jaguars,Houston Texans,betus,spreads,Houston Texans,100,-1.5
2026-08-28T01:34:27Z,57418b2cf5aca558b3c98eafac1e264a,2026-10-18T13:30:00Z,Jacksonville Jaguars,Houston Texans,betus,spreads,Jacksonville Jaguars,-120,1.5
2026-08-28T01:34:27Z,57418b2cf5aca558b3c98eafac1e264a,2026-10-18T13:30:00Z,Jacksonville Jaguars,Houston Texans,betus,totals,Over,-110,41.5
2026-08-28T01:34:27Z,57418b2cf5aca558b3c98eafac1e264a,2026-10-18T13:30:00Z,Jacksonville Jaguars,Houston Texans,betus,totals,Under,-110,41.5
2026-08-28T01:34:27Z,7c312fdf24fb35f58b0e07c2932cc997,2026-10-18T17:00:00Z,Atlanta Falcons,Chicago Bears,draftkings,spreads,Atlanta Falcons,-110,3.0
2026-08-28T01:34:27Z,7c312fdf24fb35f58b0e07c2932cc997,2026-10-18T17:00:00Z,Atlanta Falcons,Chicago Bears,draftkings,spreads,Chicago Bears,-110,-3.0
2026-08-28T01:34:27Z,7c312fdf24fb35f58b0e07c2932cc997,2026-10-18T17:00:00Z,Atlanta Falcons,Chicago Bears,draftkings,totals,Over,-110,47.5
2026-08-28T01:34:27Z,7c312fdf24fb35f58b0e07c2932cc997,2026-10-18T17:00:00Z,Atlanta Falcons,Chicago Bears,draftkings,totals,Under,-110,47.5
2026-08-28T01:34:27Z,e86227938fd3cf008fc5648fb5128344,2026-10-18T17:00:00Z,Cleveland Browns,Baltimore Ravens,draftkings,spreads,Baltimore Ravens,-110,-6.5
2026-08-28T01:34:27Z,e86227938fd3cf008fc5648fb5128344,2026-10-18T17:00:00Z,Cleveland Browns,Baltimore Ravens,draftkings,spreads,Cleveland Browns,-110,6.5
2026-08-28T01:34:27Z,e86227938fd3cf008fc5648fb5128344,2026-10-18T17:00:00Z,Cleveland Browns,Baltimore Ravens,draftkings,totals,Over,-110,44.5
2026-08-28T01:34:27Z,e86227938fd3cf008fc5648fb5128344,2026-10-18T17:00:00Z,Cleveland Browns,Baltimore Ravens,draftkings,totals,Under,-110,44.5
2026-08-28T01:34:27Z,caca2d752fe1a1779029082e95332fcc,2026-10-18T17:00:00Z,Philadelphia Eagles,Carolina Panthers,draftkings,spreads,Carolina Panthers,-110,6.5
2026-08-28T01:34:27Z,caca2d752fe1a1779029082e95332fcc,2026-10-18T17:00:00Z,Philadelphia Eagles,Carolina Panthers,draftkings,spreads,Philadelphia Eagles,-110,-6.5
2026-08-28T01:34:27Z,caca2d752fe1a1779029082e95332fcc,2026-10-18T17:00:00Z,Philadelphia Eagles,Carolina Panthers,draftkings,totals,Over,-110,43.5
2026-08-28T01:34:27Z,caca2d752fe1a1779029082e95332fcc,2026-10-18T17:00:00Z,Philadelphia Eagles,Carolina Panthers,draftkings,totals,Under,-110,43.5
2026-08-28T01:34:27Z,caca2d752fe1a1779029082e95332fcc,2026-10-18T17:00:00Z,Philadelphia Eagles,Carolina Panthers,betus,spreads,Carolina Panthers,-110,6.5
2026-08-28T01:34:27Z,caca2d752fe1a1779029082e95332fcc,2026-10-18T17:00:00Z,Philadelphia Eagles,Carolina Panthers,betus,spreads,Philadelphia Eagles,-110,-6.5
2026-08-28T01:34:27Z,caca2d752fe1a1779029082e95332fcc,2026-10-18T17:00:00Z,Philadelphia Eagles,Carolina Panthers,betus,totals,Over,-110,43.5
2026-08-28T01:34:27Z,caca2d752fe1a1779029082e95332fcc,2026-10-18T17:00:00Z,Philadelphia Eagles,Carolina Panthers,betus,totals,Under,-110,43.5
2026-08-28T01:34:27Z,84aa9e190e625d7e9cd67e1f157a45b4,2026-10-18T17:00:00Z,Indianapolis Colts,Tennessee Titans,draftkings,spreads,Indianapolis Colts,-110,-3.5
2026-08-28T01:34:27Z,84aa9e190e625d7e9cd67e1f157a45b4,2026-10-18T17:00:00Z,Indianapolis Colts,Tennessee Titans,draftkings,spreads,Tennessee Titans,-110,3.5
2026-08-28T01:34:27Z,84aa9e190e625d7e9cd67e1f157a45b4,2026-10-18T17:00:00Z,Indianapolis Colts,Tennessee Titans,draftkings,totals,Over,-110,47.5
2026-08-28T01:34:27Z,84aa9e190e625d7e9cd67e1f157a45b4,2026-10-18T17:00:00Z,Indianapolis Colts,Tennessee Titans,draftkings,totals,Under,-110,47.5
2026-08-28T01:34:27Z,84aa9e190e625d7e9cd67e1f157a45b4,2026-10-18T17:00:00Z,Indianapolis Colts,Tennessee Titans,betus,spreads,Indianapolis Colts,-110,-3.5
2026-08-28T01:34:27Z,84aa9e190e625d7e9cd67e1f157a45b4,2026-10-18T17:00:00Z,Indianapolis Colts,Tennessee Titans,betus,spreads,Tennessee Titans,-110,3.5
2026-08-28T01:34:27Z,84aa9e190e625d7e9cd67e1f157a45b4,2026-10-18T17:00:00Z,Indianapolis Colts,Tennessee Titans,betus,totals,Over,-110,48.5
2026-08-28T01:34:27Z,84aa9e190e625d7e9cd67e1f157a45b4,2026-10-18T17:00:00Z,Indianapolis Colts,Tennessee Titans,betus,totals,Under,-110,48.5
2026-08-28T01:34:27Z,0b0b582b32b09ab6ff6664ffae0c9653,2026-10-18T17:00:00Z,New England Patriots,New York Jets,draftkings,spreads,New England Patriots,-110,-9.5
2026-08-28T01:34:27Z,0b0b582b32b09ab6ff6664ffae0c9653,2026-10-18T17:00:00Z,New England Patriots,New York Jets,draftkings,spreads,New York Jets,-110,9.5
2026-08-28T01:34:27Z,0b0b582b32b09ab6ff6664ffae0c9653,2026-10-18T17:00:00Z,New England Patriots,New York Jets,draftkings,totals,Over,-110,42.5
2026-08-28T01:34:27Z,0b0b582b32b09ab6ff6664ffae0c9653,2026-10-18T17:00:00Z,New England Patriots,New York Jets,draftkings,totals,Under,-110,42.5
2026-08-28T01:34:27Z,1cf74afd313e9fd300e1462012b174cb,2026-10-18T17:00:00Z,New York Giants,New Orleans Saints,draftkings,spreads,New Orleans Saints,-110,2.5
2026-08-28T01:34:27Z,1cf74afd313e9fd300e1462012b174cb,2026-10-18T17:00:00Z,New York Giants,New Orleans Saints,draftkings,spreads,New York Giants,-110,-2.5
2026-08-28T01:34:27Z,1cf74afd313e9fd300e1462012b174cb,2026-10-18T17:00:00Z,New York Giants,New Orleans Saints,draftkings,totals,Over,-110,44.5
2026-08-28T01:34:27Z,1cf74afd313e9fd300e1462012b174cb,2026-10-18T17:00:00Z,New York Giants,New Orleans Saints,draftkings,totals,Under,-110,44.5
2026-08-28T01:34:27Z,1cf74afd313e9fd300e1462012b174cb,2026-10-18T17:00:00Z,New York Giants,New Orleans Saints,betus,spreads,New Orleans Saints,-105,2.5
2026-08-28T01:34:27Z,1cf74afd313e9fd300e1462012b174cb,2026-10-18T17:00:00Z,New York Giants,New Orleans Saints,betus,spreads,New York Giants,-115,-2.5
2026-08-28T01:34:27Z,1cf74afd313e9fd300e1462012b174cb,2026-10-18T17:00:00Z,New York Giants,New Orleans Saints,betus,totals,Over,-110,45.5
2026-08-28T01:34:27Z,1cf74afd313e9fd300e1462012b174cb,2026-10-18T17:00:00Z,New York Giants,New Orleans Saints,betus,totals,Under,-110,45.5
2026-08-28T01:34:27Z,27f3994841ce8081c0b7349cf3d1e3d7,2026-10-18T17:00:00Z,Tampa Bay Buccaneers,Pittsburgh Steelers,draftkings,spreads,Pittsburgh Steelers,-110,1.5
2026-08-28T01:34:27Z,27f3994841ce8081c0b7349cf3d1e3d7,2026-10-18T17:00:00Z,Tampa Bay Buccaneers,Pittsburgh Steelers,draftkings,spreads,Tampa Bay Buccaneers,-110,-1.5
2026-08-28T01:34:27Z,27f3994841ce8081c0b7349cf3d1e3d7,2026-10-18T17:00:00Z,Tampa Bay Buccaneers,Pittsburgh Steelers,draftkings,totals,Over,-110,45.5
2026-08-28T01:34:27Z,27f3994841ce8081c0b7349cf3d1e3d7,2026-10-18T17:00:00Z,Tampa Bay Buccaneers,Pittsburgh Steelers,draftkings,totals,Under,-110,45.5
2026-08-28T01:34:27Z,27f3994841ce8081c0b7349cf3d1e3d7,2026-10-18T17:00:00Z,Tampa Bay Buccaneers,Pittsburgh Steelers,betus,spreads,Pittsburgh Steelers,-110,1.5
2026-08-28T01:34:27Z,27f3994841ce8081c0b7349cf3d1e3d7,2026-10-18T17:00:00Z,Tampa Bay Buccaneers,Pittsburgh Steelers,betus,spreads,Tampa Bay Buccaneers,-110,-1.5
2026-08-28T01:34:27Z,27f3994841ce8081c0b7349cf3d1e3d7,2026-10-18T17:00:00Z,Tampa Bay Buccaneers,Pittsburgh Steelers,betus,totals,Over,-110,45.5
2026-08-28T01:34:27Z,27f3994841ce8081c0b7349cf3d1e3d7,2026-10-18T17:00:00Z,Tampa Bay Buccaneers,Pittsburgh Steelers,betus,totals,Under,-110,45.5
2026-08-28T01:34:27Z,3729ac6d2a66b642850caf2044cdc658,2026-10-18T20:05:00Z,Los Angeles Rams,Arizona Cardinals,draftkings,spreads,Arizona Cardinals,-108,13.5
2026-08-28T01:34:27Z,3729ac6d2a66b642850caf2044cdc658,2026-10-18T20:05:00Z,Los Angeles Rams,Arizona Cardinals,draftkings,spreads,Los Angeles Rams,-112,-13.5
2026-08-28T01:34:27Z,3729ac6d2a66b642850caf2044cdc658,2026-10-18T20:05:00Z,Los Angeles Rams,Arizona Cardinals,draftkings,totals,Over,-110,47.5
2026-08-28T01:34:27Z,3729ac6d2a66b642850caf2044cdc658,2026-10-18T20:05:00Z,Los Angeles Rams,Arizona Cardinals,draftkings,totals,Under,-110,47.5
2026-08-28T01:34:27Z,45b2690b350ed45145c7a716b18e8e66,2026-10-18T20:25:00Z,Las Vegas Raiders,Buffalo Bills,draftkings,spreads,Buffalo Bills,-110,-6.5
2026-08-28T01:34:27Z,45b2690b350ed45145c7a716b18e8e66,2026-10-18T20:25:00Z,Las Vegas Raiders,Buffalo Bills,draftkings,spreads,Las Vegas Raiders,-110,6.5
2026-08-28T01:34:27Z,45b2690b350ed45145c7a716b18e8e66,2026-10-18T20:25:00Z,Las Vegas Raiders,Buffalo Bills,draftkings,totals,Over,-110,47.5
2026-08-28T01:34:27Z,45b2690b350ed45145c7a716b18e8e66,2026-10-18T20:25:00Z,Las Vegas Raiders,Buffalo Bills,draftkings,totals,Under,-110,47.5
2026-08-28T01:34:27Z,20fefae8c296247460ba5773caa42218,2026-10-18T20:25:00Z,Kansas City Chiefs,Los Angeles Chargers,draftkings,spreads,Kansas City Chiefs,-110,-2.5
2026-08-28T01:34:27Z,20fefae8c296247460ba5773caa42218,2026-10-18T20:25:00Z,Kansas City Chiefs,Los Angeles Chargers,draftkings,spreads,Los Angeles Chargers,-110,2.5
2026-08-28T01:34:27Z,20fefae8c296247460ba5773caa42218,2026-10-18T20:25:00Z,Kansas City Chiefs,Los Angeles Chargers,draftkings,totals,Over,-110,46.5
2026-08-28T01:34:27Z,20fefae8c296247460ba5773caa42218,2026-10-18T20:25:00Z,Kansas City Chiefs,Los Angeles Chargers,draftkings,totals,Under,-110,46.5
2026-08-28T01:34:27Z,20fefae8c296247460ba5773caa42218,2026-10-18T20:25:00Z,Kansas City Chiefs,Los Angeles Chargers,betus,spreads,Kansas City Chiefs,-110,-2.5
2026-08-28T01:34:27Z,20fefae8c296247460ba5773caa42218,2026-10-18T20:25:00Z,Kansas City Chiefs,Los Angeles Chargers,betus,spreads,Los Angeles Chargers,-110,2.5
2026-08-28T01:34:27Z,20fefae8c296247460ba5773caa42218,2026-10-18T20:25:00Z,Kansas City Chiefs,Los Angeles Chargers,betus,totals,Over,-110,46.5
2026-08-28T01:34:27Z,20fefae8c296247460ba5773caa42218,2026-10-18T20:25:00Z,Kansas City Chiefs,Los Angeles Chargers,betus,totals,Under,-110,46.5
2026-08-28T01:34:27Z,82fd5a159fa130e67abab93a9537f70b,2026-10-19T00:20:00Z,Green Bay Packers,Dallas Cowboys,draftkings,spreads,Dallas Cowboys,-110,3.0
2026-08-28T01:34:27Z,82fd5a159fa130e67abab93a9537f70b,2026-10-19T00:20:00Z,Green Bay Packers,Dallas Cowboys,draftkings,spreads,Green Bay Packers,-110,-3.0
2026-08-28T01:34:27Z,82fd5a159fa130e67abab93a9537f70b,2026-10-19T00:20:00Z,Green Bay Packers,Dallas Cowboys,draftkings,totals,Over,-110,51.5
2026-08-28T01:34:27Z,82fd5a159fa130e67abab93a9537f70b,2026-10-19T00:20:00Z,Green Bay Packers,Dallas Cowboys,draftkings,totals,Under,-110,51.5
2026-08-28T01:34:27Z,82fd5a159fa130e67abab93a9537f70b,2026-10-19T00:20:00Z,Green Bay Packers,Dallas Cowboys,betus,spreads,Dallas Cowboys,-110,3.0
2026-08-28T01:34:27Z,82fd5a159fa130e67abab93a9537f70b,2026-10-19T00:20:00Z,Green Bay Packers,Dallas Cowboys,betus,spreads,Green Bay Packers,-110,-3.0
2026-08-28T01:34:27Z,82fd5a159fa130e67abab93a9537f70b,2026-10-19T00:20:00Z,Green Bay Packers,Dallas Cowboys,betus,totals,Over,-110,51.5
2026-08-28T01:34:27Z,82fd5a159fa130e67abab93a9537f70b,2026-10-19T00:20:00Z,Green Bay Packers,Dallas Cowboys,betus,totals,Under,-110,51.5
2026-08-28T01:34:27Z,f122527f003276d3bca19efa48c902c1,2026-10-20T00:15:00Z,San Francisco 49ers,Washington Commanders,draftkings,spreads,San Francisco 49ers,-110,-5.5
2026-08-28T01:34:27Z,f122527f003276d3bca19efa48c902c1,2026-10-20T00:15:00Z,San Francisco 49ers,Washington Commanders,draftkings,spreads,Washington Commanders,-110,5.5
2026-08-28T01:34:27Z,f122527f003276d3bca19efa48c902c1,2026-10-20T00:15:00Z,San Francisco 49ers,Washington Commanders,draftkings,totals,Over,-110,50.5
2026-08-28T01:34:27Z,f122527f003276d3bca19efa48c902c1,2026-10-20T00:15:00Z,San Francisco 49ers,Washington Commanders,draftkings,totals,Under,-110,50.5
2026-08-28T01:34:27Z,f122527f003276d3bca19efa48c902c1,2026-10-20T00:15:00Z,San Francisco 49ers,Washington Commanders,betus,spreads,San Francisco 49ers,-110,-5.5
2026-08-28T01:34:27Z,f122527f003276d3bca19efa48c902c1,2026-10-20T00:15:00Z,San Francisco 49ers,Washington Commanders,betus,spreads,Washington Commanders,-110,5.5
2026-08-28T01:34:27Z,f122527f003276d3bca19efa48c902c1,2026-10-20T00:15:00Z,San Francisco 49ers,Washington Commanders,betus,totals,Over,-110,50.5
2026-08-28T01:34:27Z,f122527f003276d3bca19efa48c902c1,2026-10-20T00:15:00Z,San Francisco 49ers,Washington Commanders,betus,totals,Under,-110,50.5
2026-08-28T01:34:27Z,ffebea881c1d7b2dfb85b3e590c35985,2026-10-23T00:15:00Z,Chicago Bears,New England Patriots,draftkings,spreads,Chicago Bears,-110,-1.5
2026-08-28T01:34:27Z,ffebea881c1d7b2dfb85b3e590c35985,2026-10-23T00:15:00Z,Chicago Bears,New England Patriots,draftkings,spreads,New England Patriots,-110,1.5
2026-08-28T01:34:27Z,ffebea881c1d7b2dfb85b3e590c35985,2026-10-23T00:15:00Z,Chicago Bears,New England Patriots,draftkings,totals,Over,-110,47.5
2026-08-28T01:34:27Z,ffebea881c1d7b2dfb85b3e590c35985,2026-10-23T00:15:00Z,Chicago Bears,New England Patriots,draftkings,totals,Under,-110,47.5
2026-08-28T01:34:27Z,2e710ea5a306b614f0f966e3d78732f8,2026-10-25T13:30:00Z,New Orleans Saints,Pittsburgh Steelers,draftkings,spreads,New Orleans Saints,-110,2.5
2026-08-28T01:34:27Z,2e710ea5a306b614f0f966e3d78732f8,2026-10-25T13:30:00Z,New Orleans Saints,Pittsburgh Steelers,draftkings,spreads,Pittsburgh Steelers,-110,-2.5
2026-08-28T01:34:27Z,2e710ea5a306b614f0f966e3d78732f8,2026-10-25T13:30:00Z,New Orleans Saints,Pittsburgh Steelers,draftkings,totals,Over,-110,42.5
2026-08-28T01:34:27Z,2e710ea5a306b614f0f966e3d78732f8,2026-10-25T13:30:00Z,New Orleans Saints,Pittsburgh Steelers,draftkings,totals,Under,-110,42.5
2026-08-28T01:34:27Z,2e710ea5a306b614f0f966e3d78732f8,2026-10-25T13:30:00Z,New Orleans Saints,Pittsburgh Steelers,fanduel,spreads,New Orleans Saints,-105,1.5
2026-08-28T01:34:27Z,2e710ea5a306b614f0f966e3d78732f8,2026-10-25T13:30:00Z,New Orleans Saints,Pittsburgh Steelers,fanduel,spreads,Pittsburgh Steelers,-115,-1.5
2026-08-28T01:34:27Z,2e710ea5a306b614f0f966e3d78732f8,2026-10-25T13:30:00Z,New Orleans Saints,Pittsburgh Steelers,fanduel,totals,Over,-118,40.5
2026-08-28T01:34:27Z,2e710ea5a306b614f0f966e3d78732f8,2026-10-25T13:30:00Z,New Orleans Saints,Pittsburgh Steelers,fanduel,totals,Under,-104,40.5
2026-08-28T01:34:27Z,2e710ea5a306b614f0f966e3d78732f8,2026-10-25T13:30:00Z,New Orleans Saints,Pittsburgh Steelers,betus,spreads,New Orleans Saints,-115,2.5
2026-08-28T01:34:27Z,2e710ea5a306b614f0f966e3d78732f8,2026-10-25T13:30:00Z,New Orleans Saints,Pittsburgh Steelers,betus,spreads,Pittsburgh Steelers,-105,-2.5
2026-08-28T01:34:27Z,2e710ea5a306b614f0f966e3d78732f8,2026-10-25T13:30:00Z,New Orleans Saints,Pittsburgh Steelers,betus,totals,Over,-110,42.5
2026-08-28T01:34:27Z,2e710ea5a306b614f0f966e3d78732f8,2026-10-25T13:30:00Z,New Orleans Saints,Pittsburgh Steelers,betus,totals,Under,-110,42.5
2026-08-28T01:34:27Z,b1be064fb52a198a62109c279e7ab24c,2026-10-25T17:00:00Z,Atlanta Falcons,San Francisco 49ers,draftkings,spreads,Atlanta Falcons,-110,4.5
2026-08-28T01:34:27Z,b1be064fb52a198a62109c279e7ab24c,2026-10-25T17:00:00Z,Atlanta Falcons,San Francisco 49ers,draftkings,spreads,San Francisco 49ers,-110,-4.5
2026-08-28T01:34:27Z,b1be064fb52a198a62109c279e7ab24c,2026-10-25T17:00:00Z,Atlanta Falcons,San Francisco 49ers,draftkings,totals,Over,-110,47.5
2026-08-28T01:34:27Z,b1be064fb52a198a62109c279e7ab24c,2026-10-25T17:00:00Z,Atlanta Falcons,San Francisco 49ers,draftkings,totals,Under,-110,47.5
2026-08-28T01:34:27Z,b1be064fb52a198a62109c279e7ab24c,2026-10-25T17:00:00Z,Atlanta Falcons,San Francisco 49ers,betus,spreads,Atlanta Falcons,-110,4.5
2026-08-28T01:34:27Z,b1be064fb52a198a62109c279e7ab24c,2026-10-25T17:00:00Z,Atlanta Falcons,San Francisco 49ers,betus,spreads,San Francisco 49ers,-110,-4.5
2026-08-28T01:34:27Z,b1be064fb52a198a62109c279e7ab24c,2026-10-25T17:00:00Z,Atlanta Falcons,San Francisco 49ers,betus,totals,Over,-110,47.5
2026-08-28T01:34:27Z,b1be064fb52a198a62109c279e7ab24c,2026-10-25T17:00:00Z,Atlanta Falcons,San Francisco 49ers,betus,totals,Under,-110,47.5
2026-08-28T01:34:27Z,550ec5290f935d311995affbcb0b5c79,2026-10-25T17:00:00Z,Baltimore Ravens,Cincinnati Bengals,draftkings,spreads,Baltimore Ravens,-110,-3.5
2026-08-28T01:34:27Z,550ec5290f935d311995affbcb0b5c79,2026-10-25T17:00:00Z,Baltimore Ravens,Cincinnati Bengals,draftkings,spreads,Cincinnati Bengals,-110,3.5
2026-08-28T01:34:27Z,550ec5290f935d311995affbcb0b5c79,2026-10-25T17:00:00Z,Baltimore Ravens,Cincinnati Bengals,draftkings,totals,Over,-110,51.5
2026-08-28T01:34:27Z,550ec5290f935d311995affbcb0b5c79,2026-10-25T17:00:00Z,Baltimore Ravens,Cincinnati Bengals,draftkings,totals,Under,-110,51.5
2026-08-28T01:34:27Z,550ec5290f935d311995affbcb0b5c79,2026-10-25T17:00:00Z,Baltimore Ravens,Cincinnati Bengals,betus,spreads,Baltimore Ravens,-110,-3.5
2026-08-28T01:34:27Z,550ec5290f935d311995affbcb0b5c79,2026-10-25T17:00:00Z,Baltimore Ravens,Cincinnati Bengals,betus,spreads,Cincinnati Bengals,-110,3.5
2026-08-28T01:34:27Z,550ec5290f935d311995affbcb0b5c79,2026-10-25T17:00:00Z,Baltimore Ravens,Cincinnati Bengals,betus,totals,Over,-110,52.5
2026-08-28T01:34:27Z,550ec5290f935d311995affbcb0b5c79,2026-10-25T17:00:00Z,Baltimore Ravens,Cincinnati Bengals,betus,totals,Under,-110,52.5
2026-08-28T01:34:27Z,2823e986597c449ab94126cd5ed3fae9,2026-10-25T17:00:00Z,Carolina Panthers,Tampa Bay Buccaneers,draftkings,spreads,Carolina Panthers,-110,1.5
2026-08-28T01:34:27Z,2823e986597c449ab94126cd5ed3fae9,2026-10-25T17:00:00Z,Carolina Panthers,Tampa Bay Buccaneers,draftkings,spreads,Tampa Bay Buccaneers,-110,-1.5
2026-08-28T01:34:27Z,2823e986597c449ab94126cd5ed3fae9,2026-10-25T17:00:00Z,Carolina Panthers,Tampa Bay Buccaneers,draftkings,totals,Over,-110,45.5
2026-08-28T01:34:27Z,2823e986597c449ab94126cd5ed3fae9,2026-10-25T17:00:00Z,Carolina Panthers,Tampa Bay Buccaneers,draftkings,totals,Under,-110,45.5
2026-08-28T01:34:27Z,2823e986597c449ab94126cd5ed3fae9,2026-10-25T17:00:00Z,Carolina Panthers,Tampa Bay Buccaneers,betus,spreads,Carolina Panthers,-115,1.5
2026-08-28T01:34:27Z,2823e986597c449ab94126cd5ed3fae9,2026-10-25T17:00:00Z,Carolina Panthers,Tampa Bay Buccaneers,betus,spreads,Tampa Bay Buccaneers,-105,-1.5
2026-08-28T01:34:27Z,2823e986597c449ab94126cd5ed3fae9,2026-10-25T17:00:00Z,Carolina Panthers,Tampa Bay Buccaneers,betus,totals,Over,-110,45.5
2026-08-28T01:34:27Z,2823e986597c449ab94126cd5ed3fae9,2026-10-25T17:00:00Z,Carolina Panthers,Tampa Bay Buccaneers,betus,totals,Under,-110,45.5
2026-08-28T01:34:27Z,5dce18baccec5d3ad5fb3a3ce52f7619,2026-10-25T17:00:00Z,Tennessee Titans,Cleveland Browns,draftkings,spreads,Cleveland Browns,-110,2.5
2026-08-28T01:34:27Z,5dce18baccec5d3ad5fb3a3ce52f7619,2026-10-25T17:00:00Z,Tennessee Titans,Cleveland Browns,draftkings,spreads,Tennessee Titans,-110,-2.5
2026-08-28T01:34:27Z,5dce18baccec5d3ad5fb3a3ce52f7619,2026-10-25T17:00:00Z,Tennessee Titans,Cleveland Browns,draftkings,totals,Over,-110,40.5
2026-08-28T01:34:27Z,5dce18baccec5d3ad5fb3a3ce52f7619,2026-10-25T17:00:00Z,Tennessee Titans,Cleveland Browns,draftkings,totals,Under,-110,40.5
2026-08-28T01:34:27Z,2bba7fde6f97d0e54403d53676e4ab63,2026-10-25T17:00:00Z,Houston Texans,New York Giants,draftkings,spreads,Houston Texans,-110,-5.5
2026-08-28T01:34:27Z,2bba7fde6f97d0e54403d53676e4ab63,2026-10-25T17:00:00Z,Houston Texans,New York Giants,draftkings,spreads,New York Giants,-110,5.5
2026-08-28T01:34:27Z,2bba7fde6f97d0e54403d53676e4ab63,2026-10-25T17:00:00Z,Houston Texans,New York Giants,draftkings,totals,Over,-110,43.5
2026-08-28T01:34:27Z,2bba7fde6f97d0e54403d53676e4ab63,2026-10-25T17:00:00Z,Houston Texans,New York Giants,draftkings,totals,Under,-110,43.5
2026-08-28T01:34:27Z,2bba7fde6f97d0e54403d53676e4ab63,2026-10-25T17:00:00Z,Houston Texans,New York Giants,betus,spreads,Houston Texans,-110,-5.5
2026-08-28T01:34:27Z,2bba7fde6f97d0e54403d53676e4ab63,2026-10-25T17:00:00Z,Houston Texans,New York Giants,betus,spreads,New York Giants,-110,5.5
2026-08-28T01:34:27Z,2bba7fde6f97d0e54403d53676e4ab63,2026-10-25T17:00:00Z,Houston Texans,New York Giants,betus,totals,Over,-110,43.5
2026-08-28T01:34:27Z,2bba7fde6f97d0e54403d53676e4ab63,2026-10-25T17:00:00Z,Houston Texans,New York Giants,betus,totals,Under,-110,43.5
2026-08-28T01:34:27Z,f3992ad4496724baf7dcd1ef58245d6b,2026-10-25T17:00:00Z,Minnesota Vikings,Indianapolis Colts,draftkings,spreads,Indianapolis Colts,-110,2.5
2026-08-28T01:34:27Z,f3992ad4496724baf7dcd1ef58245d6b,2026-10-25T17:00:00Z,Minnesota Vikings,Indianapolis Colts,draftkings,spreads,Minnesota Vikings,-110,-2.5
2026-08-28T01:34:27Z,f3992ad4496724baf7dcd1ef58245d6b,2026-10-25T17:00:00Z,Minnesota Vikings,Indianapolis Colts,draftkings,totals,Over,-110,46.5
2026-08-28T01:34:27Z,f3992ad4496724baf7dcd1ef58245d6b,2026-10-25T17:00:00Z,Minnesota Vikings,Indianapolis Colts,draftkings,totals,Under,-110,46.5
2026-08-28T01:34:27Z,f3992ad4496724baf7dcd1ef58245d6b,2026-10-25T17:00:00Z,Minnesota Vikings,Indianapolis Colts,betus,spreads,Indianapolis Colts,-115,3.0
2026-08-28T01:34:27Z,f3992ad4496724baf7dcd1ef58245d6b,2026-10-25T17:00:00Z,Minnesota Vikings,Indianapolis Colts,betus,spreads,Minnesota Vikings,-105,-3.0
2026-08-28T01:34:27Z,f3992ad4496724baf7dcd1ef58245d6b,2026-10-25T17:00:00Z,Minnesota Vikings,Indianapolis Colts,betus,totals,Over,-110,47.5
2026-08-28T01:34:27Z,f3992ad4496724baf7dcd1ef58245d6b,2026-10-25T17:00:00Z,Minnesota Vikings,Indianapolis Colts,betus,totals,Under,-110,47.5
2026-08-28T01:34:27Z,be5dd120ca08b43d647b6caa8953500a,2026-10-25T17:00:00Z,New York Jets,Miami Dolphins,draftkings,spreads,Miami Dolphins,-110,2.5
2026-08-28T01:34:27Z,be5dd120ca08b43d647b6caa8953500a,2026-10-25T17:00:00Z,New York Jets,Miami Dolphins,draftkings,spreads,New York Jets,-110,-2.5
2026-08-28T01:34:27Z,be5dd120ca08b43d647b6caa8953500a,2026-10-25T17:00:00Z,New York Jets,Miami Dolphins,draftkings,totals,Over,-110,41.5
2026-08-28T01:34:27Z,be5dd120ca08b43d647b6caa8953500a,2026-10-25T17:00:00Z,New York Jets,Miami Dolphins,draftkings,totals,Under,-110,41.5
2026-08-28T01:34:27Z,436119bb3ccdaa6ed7808aa3ebd82b76,2026-10-25T20:05:00Z,Arizona Cardinals,Denver Broncos,draftkings,spreads,Arizona Cardinals,-110,7.5
2026-08-28T01:34:27Z,436119bb3ccdaa6ed7808aa3ebd82b76,2026-10-25T20:05:00Z,Arizona Cardinals,Denver Broncos,draftkings,spreads,Denver Broncos,-110,-7.5
2026-08-28T01:34:27Z,436119bb3ccdaa6ed7808aa3ebd82b76,2026-10-25T20:05:00Z,Arizona Cardinals,Denver Broncos,draftkings,totals,Over,-110,43.5
2026-08-28T01:34:27Z,436119bb3ccdaa6ed7808aa3ebd82b76,2026-10-25T20:05:00Z,Arizona Cardinals,Denver Broncos,draftkings,totals,Under,-110,43.5
2026-08-28T01:34:27Z,436119bb3ccdaa6ed7808aa3ebd82b76,2026-10-25T20:05:00Z,Arizona Cardinals,Denver Broncos,betus,spreads,Arizona Cardinals,-110,7.5
2026-08-28T01:34:27Z,436119bb3ccdaa6ed7808aa3ebd82b76,2026-10-25T20:05:00Z,Arizona Cardinals,Denver Broncos,betus,spreads,Denver Broncos,-110,-7.5
2026-08-28T01:34:27Z,436119bb3ccdaa6ed7808aa3ebd82b76,2026-10-25T20:05:00Z,Arizona Cardinals,Denver Broncos,betus,totals,Over,-110,43.5
2026-08-28T01:34:27Z,436119bb3ccdaa6ed7808aa3ebd82b76,2026-10-25T20:05:00Z,Arizona Cardinals,Denver Broncos,betus,totals,Under,-110,43.5
2026-08-28T01:34:27Z,e8e5715eefb6a9ce64765e9ddf49c0cc,2026-10-25T20:25:00Z,Detroit Lions,Green Bay Packers,draftkings,spreads,Detroit Lions,-110,-2.5
2026-08-28T01:34:27Z,e8e5715eefb6a9ce64765e9ddf49c0cc,2026-10-25T20:25:00Z,Detroit Lions,Green Bay Packers,draftkings,spreads,Green Bay Packers,-110,2.5
2026-08-28T01:34:27Z,e8e5715eefb6a9ce64765e9ddf49c0cc,2026-10-25T20:25:00Z,Detroit Lions,Green Bay Packers,draftkings,totals,Over,-110,50.5
2026-08-28T01:34:27Z,e8e5715eefb6a9ce64765e9ddf49c0cc,2026-10-25T20:25:00Z,Detroit Lions,Green Bay Packers,draftkings,totals,Under,-110,50.5
2026-08-28T01:34:27Z,f7679cf18454e4d88a8f2b990c3f08ac,2026-10-25T20:25:00Z,Las Vegas Raiders,Los Angeles Rams,draftkings,spreads,Las Vegas Raiders,-110,7.5
2026-08-28T01:34:27Z,f7679cf18454e4d88a8f2b990c3f08ac,2026-10-25T20:25:00Z,Las Vegas Raiders,Los Angeles Rams,draftkings,spreads,Los Angeles Rams,-110,-7.5
2026-08-28T01:34:27Z,f7679cf18454e4d88a8f2b990c3f08ac,2026-10-25T20:25:00Z,Las Vegas Raiders,Los Angeles Rams,draftkings,totals,Over,-110,46.5
2026-08-28T01:34:27Z,f7679cf18454e4d88a8f2b990c3f08ac,2026-10-25T20:25:00Z,Las Vegas Raiders,Los Angeles Rams,draftkings,totals,Under,-110,46.5
2026-08-28T01:34:27Z,176d474ed8b2bbf1eb4d7e9c56b4bf22,2026-10-26T00:20:00Z,Seattle Seahawks,Kansas City Chiefs,draftkings,spreads,Kansas City Chiefs,-110,3.0
2026-08-28T01:34:27Z,176d474ed8b2bbf1eb4d7e9c56b4bf22,2026-10-26T00:20:00Z,Seattle Seahawks,Kansas City Chiefs,draftkings,spreads,Seattle Seahawks,-110,-3.0
2026-08-28T01:34:27Z,176d474ed8b2bbf1eb4d7e9c56b4bf22,2026-10-26T00:20:00Z,Seattle Seahawks,Kansas City Chiefs,draftkings,totals,Over,-110,45.5
2026-08-28T01:34:27Z,176d474ed8b2bbf1eb4d7e9c56b4bf22,2026-10-26T00:20:00Z,Seattle Seahawks,Kansas City Chiefs,draftkings,totals,Under,-110,45.5
2026-08-28T01:34:27Z,176d474ed8b2bbf1eb4d7e9c56b4bf22,2026-10-26T00:20:00Z,Seattle Seahawks,Kansas City Chiefs,betus,spreads,Kansas City Chiefs,-115,3.0
2026-08-28T01:34:27Z,176d474ed8b2bbf1eb4d7e9c56b4bf22,2026-10-26T00:20:00Z,Seattle Seahawks,Kansas City Chiefs,betus,spreads,Seattle Seahawks,-105,-3.0
2026-08-28T01:34:27Z,176d474ed8b2bbf1eb4d7e9c56b4bf22,2026-10-26T00:20:00Z,Seattle Seahawks,Kansas City Chiefs,betus,totals,Over,-110,45.5
2026-08-28T01:34:27Z,176d474ed8b2bbf1eb4d7e9c56b4bf22,2026-10-26T00:20:00Z,Seattle Seahawks,Kansas City Chiefs,betus,totals,Under,-110,45.5
2026-08-28T01:34:27Z,4853610e63c246f2027a6a248e642c9a,2026-10-27T00:15:00Z,Philadelphia Eagles,Dallas Cowboys,draftkings,spreads,Dallas Cowboys,-110,3.0
2026-08-28T01:34:27Z,4853610e63c246f2027a6a248e642c9a,2026-10-27T00:15:00Z,Philadelphia Eagles,Dallas Cowboys,draftkings,spreads,Philadelphia Eagles,-110,-3.0
2026-08-28T01:34:27Z,4853610e63c246f2027a6a248e642c9a,2026-10-27T00:15:00Z,Philadelphia Eagles,Dallas Cowboys,draftkings,totals,Over,-110,48.5
2026-08-28T01:34:27Z,4853610e63c246f2027a6a248e642c9a,2026-10-27T00:15:00Z,Philadelphia Eagles,Dallas Cowboys,draftkings,totals,Under,-110,48.5
2026-08-28T01:34:27Z,4853610e63c246f2027a6a248e642c9a,2026-10-27T00:15:00Z,Philadelphia Eagles,Dallas Cowboys,betus,spreads,Dallas Cowboys,-110,3.0
2026-08-28T01:34:27Z,4853610e63c246f2027a6a248e642c9a,2026-10-27T00:15:00Z,Philadelphia Eagles,Dallas Cowboys,betus,spreads,Philadelphia Eagles,-110,-3.0
2026-08-28T01:34:27Z,4853610e63c246f2027a6a248e642c9a,2026-10-27T00:15:00Z,Philadelphia Eagles,Dallas Cowboys,betus,totals,Over,-110,48.5
2026-08-28T01:34:27Z,4853610e63c246f2027a6a248e642c9a,2026-10-27T00:15:00Z,Philadelphia Eagles,Dallas Cowboys,betus,totals,Under,-110,48.5
2026-08-28T01:34:27Z,ab2865e9f2d4b012de8bc6fb6de11a7c,2026-10-30T00:15:00Z,Green Bay Packers,Carolina Panthers,draftkings,spreads,Carolina Panthers,-110,7.0
2026-08-28T01:34:27Z,ab2865e9f2d4b012de8bc6fb6de11a7c,2026-10-30T00:15:00Z,Green Bay Packers,Carolina Panthers,draftkings,spreads,Green Bay Packers,-110,-7.0
2026-08-28T01:34:27Z,ab2865e9f2d4b012de8bc6fb6de11a7c,2026-10-30T00:15:00Z,Green Bay Packers,Carolina Panthers,draftkings,totals,Over,-110,45.5
2026-08-28T01:34:27Z,ab2865e9f2d4b012de8bc6fb6de11a7c,2026-10-30T00:15:00Z,Green Bay Packers,Carolina Panthers,draftkings,totals,Under,-110,45.5
2026-08-28T01:34:27Z,ab2865e9f2d4b012de8bc6fb6de11a7c,2026-10-30T00:15:00Z,Green Bay Packers,Carolina Panthers,betus,spreads,Carolina Panthers,-110,7.0
2026-08-28T01:34:27Z,ab2865e9f2d4b012de8bc6fb6de11a7c,2026-10-30T00:15:00Z,Green Bay Packers,Carolina Panthers,betus,spreads,Green Bay Packers,-110,-7.0
2026-08-28T01:34:27Z,ab2865e9f2d4b012de8bc6fb6de11a7c,2026-10-30T00:15:00Z,Green Bay Packers,Carolina Panthers,betus,totals,Over,-110,45.5
2026-08-28T01:34:27Z,ab2865e9f2d4b012de8bc6fb6de11a7c,2026-10-30T00:15:00Z,Green Bay Packers,Carolina Panthers,betus,totals,Under,-110,45.5
2026-08-28T01:34:27Z,9255ca8f32aea590d00aa57de79f6bb6,2026-11-01T18:00:00Z,Dallas Cowboys,Arizona Cardinals,draftkings,spreads,Arizona Cardinals,-110,10.5
2026-08-28T01:34:27Z,9255ca8f32aea590d00aa57de79f6bb6,2026-11-01T18:00:00Z,Dallas Cowboys,Arizona Cardinals,draftkings,spreads,Dallas Cowboys,-110,-10.5
2026-08-28T01:34:27Z,9255ca8f32aea590d00aa57de79f6bb6,2026-11-01T18:00:00Z,Dallas Cowboys,Arizona Cardinals,draftkings,totals,Over,-110,47.5
2026-08-28T01:34:27Z,9255ca8f32aea590d00aa57de79f6bb6,2026-11-01T18:00:00Z,Dallas Cowboys,Arizona Cardinals,draftkings,totals,Under,-110,47.5
2026-08-28T01:34:27Z,9255ca8f32aea590d00aa57de79f6bb6,2026-11-01T18:00:00Z,Dallas Cowboys,Arizona Cardinals,betus,spreads,Arizona Cardinals,-110,10.5
2026-08-28T01:34:27Z,9255ca8f32aea590d00aa57de79f6bb6,2026-11-01T18:00:00Z,Dallas Cowboys,Arizona Cardinals,betus,spreads,Dallas Cowboys,-110,-10.5
2026-08-28T01:34:27Z,9255ca8f32aea590d00aa57de79f6bb6,2026-11-01T18:00:00Z,Dallas Cowboys,Arizona Cardinals,betus,totals,Over,-110,49.5
2026-08-28T01:34:27Z,9255ca8f32aea590d00aa57de79f6bb6,2026-11-01T18:00:00Z,Dallas Cowboys,Arizona Cardinals,betus,totals,Under,-110,49.5
2026-08-28T01:34:27Z,921859689f5f8b3b8b1caf4248bdb1ec,2026-11-01T18:00:00Z,Tampa Bay Buccaneers,Atlanta Falcons,draftkings,spreads,Atlanta Falcons,-110,4.5
2026-08-28T01:34:27Z,921859689f5f8b3b8b1caf4248bdb1ec,2026-11-01T18:00:00Z,Tampa Bay Buccaneers,Atlanta Falcons,draftkings,spreads,Tampa Bay Buccaneers,-110,-4.5
2026-08-28T01:34:27Z,921859689f5f8b3b8b1caf4248bdb1ec,2026-11-01T18:00:00Z,Tampa Bay Buccaneers,Atlanta Falcons,draftkings,totals,Over,-110,46.5
2026-08-28T01:34:27Z,921859689f5f8b3b8b1caf4248bdb1ec,2026-11-01T18:00:00Z,Tampa Bay Buccaneers,Atlanta Falcons,draftkings,totals,Under,-110,46.5
2026-08-28T01:34:27Z,921859689f5f8b3b8b1caf4248bdb1ec,2026-11-01T18:00:00Z,Tampa Bay Buccaneers,Atlanta Falcons,betus,spreads,Atlanta Falcons,-110,4.5
2026-08-28T01:34:27Z,921859689f5f8b3b8b1caf4248bdb1ec,2026-11-01T18:00:00Z,Tampa Bay Buccaneers,Atlanta Falcons,betus,spreads,Tampa Bay Buccaneers,-110,-4.5
2026-08-28T01:34:27Z,921859689f5f8b3b8b1caf4248bdb1ec,2026-11-01T18:00:00Z,Tampa Bay Buccaneers,Atlanta Falcons,betus,totals,Over,-110,46.5
2026-08-28T01:34:27Z,921859689f5f8b3b8b1caf4248bdb1ec,2026-11-01T18:00:00Z,Tampa Bay Buccaneers,Atlanta Falcons,betus,totals,Under,-110,46.5
2026-08-28T01:34:27Z,c93c421e5fa46031a43162d111d981d0,2026-11-01T18:00:00Z,Buffalo Bills,Baltimore Ravens,draftkings,spreads,Baltimore Ravens,-110,2.5
2026-08-28T01:34:27Z,c93c421e5fa46031a43162d111d981d0,2026-11-01T18:00:00Z,Buffalo Bills,Baltimore Ravens,draftkings,spreads,Buffalo Bills,-110,-2.5
2026-08-28T01:34:27Z,c93c421e5fa46031a43162d111d981d0,2026-11-01T18:00:00Z,Buffalo Bills,Baltimore Ravens,draftkings,totals,Over,-110,51.5
2026-08-28T01:34:27Z,c93c421e5fa46031a43162d111d981d0,2026-11-01T18:00:00Z,Buffalo Bills,Baltimore Ravens,draftkings,totals,Under,-110,51.5
2026-08-28T01:34:27Z,9c5d8f57e0ba0fbd9ef436c1f0898f99,2026-11-01T18:00:00Z,Cincinnati Bengals,Tennessee Titans,draftkings,spreads,Cincinnati Bengals,-110,-6.5
2026-08-28T01:34:27Z,9c5d8f57e0ba0fbd9ef436c1f0898f99,2026-11-01T18:00:00Z,Cincinnati Bengals,Tennessee Titans,draftkings,spreads,Tennessee Titans,-110,6.5
2026-08-28T01:34:27Z,9c5d8f57e0ba0fbd9ef436c1f0898f99,2026-11-01T18:00:00Z,Cincinnati Bengals,Tennessee Titans,draftkings,totals,Over,-110,49.5
2026-08-28T01:34:27Z,9c5d8f57e0ba0fbd9ef436c1f0898f99,2026-11-01T18:00:00Z,Cincinnati Bengals,Tennessee Titans,draftkings,totals,Under,-110,49.5
2026-08-28T01:34:27Z,9c5d8f57e0ba0fbd9ef436c1f0898f99,2026-11-01T18:00:00Z,Cincinnati Bengals,Tennessee Titans,betus,spreads,Cincinnati Bengals,-115,-6.5
2026-08-28T01:34:27Z,9c5d8f57e0ba0fbd9ef436c1f0898f99,2026-11-01T18:00:00Z,Cincinnati Bengals,Tennessee Titans,betus,spreads,Tennessee Titans,-105,6.5
2026-08-28T01:34:27Z,9c5d8f57e0ba0fbd9ef436c1f0898f99,2026-11-01T18:00:00Z,Cincinnati Bengals,Tennessee Titans,betus,totals,Over,-110,49.5
2026-08-28T01:34:27Z,9c5d8f57e0ba0fbd9ef436c1f0898f99,2026-11-01T18:00:00Z,Cincinnati Bengals,Tennessee Titans,betus,totals,Under,-110,49.5
2026-08-28T01:34:27Z,ab5ab731ab655bd6308bc7a922275518,2026-11-01T18:00:00Z,Pittsburgh Steelers,Cleveland Browns,draftkings,spreads,Cleveland Browns,-110,6.0
2026-08-28T01:34:27Z,ab5ab731ab655bd6308bc7a922275518,2026-11-01T18:00:00Z,Pittsburgh Steelers,Cleveland Browns,draftkings,spreads,Pittsburgh Steelers,-110,-6.0
2026-08-28T01:34:27Z,ab5ab731ab655bd6308bc7a922275518,2026-11-01T18:00:00Z,Pittsburgh Steelers,Cleveland Browns,draftkings,totals,Over,-110,39.5
2026-08-28T01:34:27Z,ab5ab731ab655bd6308bc7a922275518,2026-11-01T18:00:00Z,Pittsburgh Steelers,Cleveland Browns,draftkings,totals,Under,-110,39.5
2026-08-28T01:34:27Z,52e7ee9c42525e6deec02da32dc2fad8,2026-11-01T18:00:00Z,Detroit Lions,Minnesota Vikings,draftkings,spreads,Detroit Lions,-110,-4.5
2026-08-28T01:34:27Z,52e7ee9c42525e6deec02da32dc2fad8,2026-11-01T18:00:00Z,Detroit Lions,Minnesota Vikings,draftkings,spreads,Minnesota Vikings,-110,4.5
2026-08-28T01:34:27Z,52e7ee9c42525e6deec02da32dc2fad8,2026-11-01T18:00:00Z,Detroit Lions,Minnesota Vikings,draftkings,totals,Over,-110,47.5
2026-08-28T01:34:27Z,52e7ee9c42525e6deec02da32dc2fad8,2026-11-01T18:00:00Z,Detroit Lions,Minnesota Vikings,draftkings,totals,Under,-110,47.5
2026-08-28T01:34:27Z,159dbf0253dd2038eda2212f84387f0c,2026-11-01T18:00:00Z,Jacksonville Jaguars,Indianapolis Colts,draftkings,spreads,Indianapolis Colts,-110,4.5
2026-08-28T01:34:27Z,159dbf0253dd2038eda2212f84387f0c,2026-11-01T18:00:00Z,Jacksonville Jaguars,Indianapolis Colts,draftkings,spreads,Jacksonville Jaguars,-110,-4.5
2026-08-28T01:34:27Z,159dbf0253dd2038eda2212f84387f0c,2026-11-01T18:00:00Z,Jacksonville Jaguars,Indianapolis Colts,draftkings,totals,Over,-110,49.5
2026-08-28T01:34:27Z,159dbf0253dd2038eda2212f84387f0c,2026-11-01T18:00:00Z,Jacksonville Jaguars,Indianapolis Colts,draftkings,totals,Under,-110,49.5
2026-08-28T01:34:27Z,159dbf0253dd2038eda2212f84387f0c,2026-11-01T18:00:00Z,Jacksonville Jaguars,Indianapolis Colts,betus,spreads,Indianapolis Colts,-110,4.5
2026-08-28T01:34:27Z,159dbf0253dd2038eda2212f84387f0c,2026-11-01T18:00:00Z,Jacksonville Jaguars,Indianapolis Colts,betus,spreads,Jacksonville Jaguars,-110,-4.5
2026-08-28T01:34:27Z,159dbf0253dd2038eda2212f84387f0c,2026-11-01T18:00:00Z,Jacksonville Jaguars,Indianapolis Colts,betus,totals,Over,-110,49.5
2026-08-28T01:34:27Z,159dbf0253dd2038eda2212f84387f0c,2026-11-01T18:00:00Z,Jacksonville Jaguars,Indianapolis Colts,betus,totals,Under,-110,49.5
2026-08-28T01:34:27Z,98f1b121b793977434c046e76c707145,2026-11-01T18:00:00Z,New York Jets,Las Vegas Raiders,draftkings,spreads,Las Vegas Raiders,-110,1.5
2026-08-28T01:34:27Z,98f1b121b793977434c046e76c707145,2026-11-01T18:00:00Z,New York Jets,Las Vegas Raiders,draftkings,spreads,New York Jets,-110,-1.5
2026-08-28T01:34:27Z,98f1b121b793977434c046e76c707145,2026-11-01T18:00:00Z,New York Jets,Las Vegas Raiders,draftkings,totals,Over,-110,40.5
2026-08-28T01:34:27Z,98f1b121b793977434c046e76c707145,2026-11-01T18:00:00Z,New York Jets,Las Vegas Raiders,draftkings,totals,Under,-110,40.5
2026-08-28T01:34:27Z,2ff84d3f6053d083c8c0a5bebf7cdd4c,2026-11-01T21:05:00Z,Los Angeles Rams,Los Angeles Chargers,draftkings,spreads,Los Angeles Chargers,-105,3.5
2026-08-28T01:34:27Z,2ff84d3f6053d083c8c0a5bebf7cdd4c,2026-11-01T21:05:00Z,Los Angeles Rams,Los Angeles Chargers,draftkings,spreads,Los Angeles Rams,-115,-3.5
2026-08-28T01:34:27Z,2ff84d3f6053d083c8c0a5bebf7cdd4c,2026-11-01T21:05:00Z,Los Angeles Rams,Los Angeles Chargers,draftkings,totals,Over,-110,48.5
2026-08-28T01:34:27Z,2ff84d3f6053d083c8c0a5bebf7cdd4c,2026-11-01T21:05:00Z,Los Angeles Rams,Los Angeles Chargers,draftkings,totals,Under,-110,48.5
2026-08-28T01:34:27Z,f2a036d5edf483a277880014861e78ad,2026-11-01T21:25:00Z,Denver Broncos,Kansas City Chiefs,draftkings,spreads,Denver Broncos,-110,-1.5
2026-08-28T01:34:27Z,f2a036d5edf483a277880014861e78ad,2026-11-01T21:25:00Z,Denver Broncos,Kansas City Chiefs,draftkings,spreads,Kansas City Chiefs,-110,1.5
2026-08-28T01:34:27Z,f2a036d5edf483a277880014861e78ad,2026-11-01T21:25:00Z,Denver Broncos,Kansas City Chiefs,draftkings,totals,Over,-110,43.5
2026-08-28T01:34:27Z,f2a036d5edf483a277880014861e78ad,2026-11-01T21:25:00Z,Denver Broncos,Kansas City Chiefs,draftkings,totals,Under,-110,43.5
2026-08-28T01:34:27Z,f2a036d5edf483a277880014861e78ad,2026-11-01T21:25:00Z,Denver Broncos,Kansas City Chiefs,betus,spreads,Denver Broncos,-105,-1.5
2026-08-28T01:34:27Z,f2a036d5edf483a277880014861e78ad,2026-11-01T21:25:00Z,Denver Broncos,Kansas City Chiefs,betus,spreads,Kansas City Chiefs,-115,1.5
2026-08-28T01:34:27Z,f2a036d5edf483a277880014861e78ad,2026-11-01T21:25:00Z,Denver Broncos,Kansas City Chiefs,betus,totals,Over,-110,43.5
2026-08-28T01:34:27Z,f2a036d5edf483a277880014861e78ad,2026-11-01T21:25:00Z,Denver Broncos,Kansas City Chiefs,betus,totals,Under,-110,43.5
2026-08-28T01:34:27Z,05405af79752f5e742cdf50b61f6745e,2026-11-01T21:25:00Z,Miami Dolphins,New England Patriots,draftkings,spreads,Miami Dolphins,-110,7.0
2026-08-28T01:34:27Z,05405af79752f5e742cdf50b61f6745e,2026-11-01T21:25:00Z,Miami Dolphins,New England Patriots,draftkings,spreads,New England Patriots,-110,-7.0
2026-08-28T01:34:27Z,05405af79752f5e742cdf50b61f6745e,2026-11-01T21:25:00Z,Miami Dolphins,New England Patriots,draftkings,totals,Over,-110,45.5
2026-08-28T01:34:27Z,05405af79752f5e742cdf50b61f6745e,2026-11-01T21:25:00Z,Miami Dolphins,New England Patriots,draftkings,totals,Under,-110,45.5
2026-08-28T01:34:27Z,05405af79752f5e742cdf50b61f6745e,2026-11-01T21:25:00Z,Miami Dolphins,New England Patriots,betus,spreads,Miami Dolphins,-110,7.0
2026-08-28T01:34:27Z,05405af79752f5e742cdf50b61f6745e,2026-11-01T21:25:00Z,Miami Dolphins,New England Patriots,betus,spreads,New England Patriots,-110,-7.0
2026-08-28T01:34:27Z,05405af79752f5e742cdf50b61f6745e,2026-11-01T21:25:00Z,Miami Dolphins,New England Patriots,betus,totals,Over,-110,45.5
2026-08-28T01:34:27Z,05405af79752f5e742cdf50b61f6745e,2026-11-01T21:25:00Z,Miami Dolphins,New England Patriots,betus,totals,Under,-110,45.5
2026-08-28T01:34:27Z,b9c60db63b1a19ad319f24b33c0defe8,2026-11-02T01:20:00Z,Washington Commanders,Philadelphia Eagles,draftkings,spreads,Philadelphia Eagles,-110,-1.5
2026-08-28T01:34:27Z,b9c60db63b1a19ad319f24b33c0defe8,2026-11-02T01:20:00Z,Washington Commanders,Philadelphia Eagles,draftkings,spreads,Washington Commanders,-110,1.5
2026-08-28T01:34:27Z,b9c60db63b1a19ad319f24b33c0defe8,2026-11-02T01:20:00Z,Washington Commanders,Philadelphia Eagles,draftkings,totals,Over,-110,46.5
2026-08-28T01:34:27Z,b9c60db63b1a19ad319f24b33c0defe8,2026-11-02T01:20:00Z,Washington Commanders,Philadelphia Eagles,draftkings,totals,Under,-110,46.5
2026-08-28T01:34:27Z,b9c60db63b1a19ad319f24b33c0defe8,2026-11-02T01:20:00Z,Washington Commanders,Philadelphia Eagles,betus,spreads,Philadelphia Eagles,-110,-2.5
2026-08-28T01:34:27Z,b9c60db63b1a19ad319f24b33c0defe8,2026-11-02T01:20:00Z,Washington Commanders,Philadelphia Eagles,betus,spreads,Washington Commanders,-110,2.5
2026-08-28T01:34:27Z,b9c60db63b1a19ad319f24b33c0defe8,2026-11-02T01:20:00Z,Washington Commanders,Philadelphia Eagles,betus,totals,Over,-110,46.5
2026-08-28T01:34:27Z,b9c60db63b1a19ad319f24b33c0defe8,2026-11-02T01:20:00Z,Washington Commanders,Philadelphia Eagles,betus,totals,Under,-110,46.5
2026-08-28T01:34:27Z,7d664fbcd39350e559d83c0068ba7169,2026-11-03T01:20:00Z,Seattle Seahawks,Chicago Bears,draftkings,spreads,Chicago Bears,-110,4.5
2026-08-28T01:34:27Z,7d664fbcd39350e559d83c0068ba7169,2026-11-03T01:20:00Z,Seattle Seahawks,Chicago Bears,draftkings,spreads,Seattle Seahawks,-110,-4.5
2026-08-28T01:34:27Z,7d664fbcd39350e559d83c0068ba7169,2026-11-03T01:20:00Z,Seattle Seahawks,Chicago Bears,draftkings,totals,Over,-110,47.5
2026-08-28T01:34:27Z,7d664fbcd39350e559d83c0068ba7169,2026-11-03T01:20:00Z,Seattle Seahawks,Chicago Bears,draftkings,totals,Under,-110,47.5
2026-08-28T01:34:27Z,c75744790b7acf6260c78ba5e739c0e5,2026-11-06T01:15:00Z,Baltimore Ravens,Jacksonville Jaguars,draftkings,spreads,Baltimore Ravens,-110,-4.5
2026-08-28T01:34:27Z,c75744790b7acf6260c78ba5e739c0e5,2026-11-06T01:15:00Z,Baltimore Ravens,Jacksonville Jaguars,draftkings,spreads,Jacksonville Jaguars,-110,4.5
2026-08-28T01:34:27Z,c75744790b7acf6260c78ba5e739c0e5,2026-11-06T01:15:00Z,Baltimore Ravens,Jacksonville Jaguars,draftkings,totals,Over,-110,49.5
2026-08-28T01:34:27Z,c75744790b7acf6260c78ba5e739c0e5,2026-11-06T01:15:00Z,Baltimore Ravens,Jacksonville Jaguars,draftkings,totals,Under,-110,49.5
2026-08-28T01:34:27Z,c75744790b7acf6260c78ba5e739c0e5,2026-11-06T01:15:00Z,Baltimore Ravens,Jacksonville Jaguars,betus,spreads,Baltimore Ravens,-110,-4.5
2026-08-28T01:34:27Z,c75744790b7acf6260c78ba5e739c0e5,2026-11-06T01:15:00Z,Baltimore Ravens,Jacksonville Jaguars,betus,spreads,Jacksonville Jaguars,-110,4.5
2026-08-28T01:34:27Z,c75744790b7acf6260c78ba5e739c0e5,2026-11-06T01:15:00Z,Baltimore Ravens,Jacksonville Jaguars,betus,totals,Over,-110,49.5
2026-08-28T01:34:27Z,c75744790b7acf6260c78ba5e739c0e5,2026-11-06T01:15:00Z,Baltimore Ravens,Jacksonville Jaguars,betus,totals,Under,-110,49.5
2026-08-28T01:34:27Z,dc56d980f527ffeef89940133b211b13,2026-11-08T14:30:00Z,Atlanta Falcons,Cincinnati Bengals,draftkings,spreads,Atlanta Falcons,-110,5.5
2026-08-28T01:34:27Z,dc56d980f527ffeef89940133b211b13,2026-11-08T14:30:00Z,Atlanta Falcons,Cincinnati Bengals,draftkings,spreads,Cincinnati Bengals,-110,-5.5
2026-08-28T01:34:27Z,dc56d980f527ffeef89940133b211b13,2026-11-08T14:30:00Z,Atlanta Falcons,Cincinnati Bengals,draftkings,totals,Over,-110,49.5
2026-08-28T01:34:27Z,dc56d980f527ffeef89940133b211b13,2026-11-08T14:30:00Z,Atlanta Falcons,Cincinnati Bengals,draftkings,totals,Under,-110,49.5
2026-08-28T01:34:27Z,dc56d980f527ffeef89940133b211b13,2026-11-08T14:30:00Z,Atlanta Falcons,Cincinnati Bengals,fanduel,spreads,Atlanta Falcons,-118,4.5
2026-08-28T01:34:27Z,dc56d980f527ffeef89940133b211b13,2026-11-08T14:30:00Z,Atlanta Falcons,Cincinnati Bengals,fanduel,spreads,Cincinnati Bengals,-104,-4.5
2026-08-28T01:34:27Z,dc56d980f527ffeef89940133b211b13,2026-11-08T14:30:00Z,Atlanta Falcons,Cincinnati Bengals,fanduel,totals,Over,-105,49.5
2026-08-28T01:34:27Z,dc56d980f527ffeef89940133b211b13,2026-11-08T14:30:00Z,Atlanta Falcons,Cincinnati Bengals,fanduel,totals,Under,-115,49.5
2026-08-28T01:34:27Z,dc56d980f527ffeef89940133b211b13,2026-11-08T14:30:00Z,Atlanta Falcons,Cincinnati Bengals,betus,spreads,Atlanta Falcons,-105,4.5
2026-08-28T01:34:27Z,dc56d980f527ffeef89940133b211b13,2026-11-08T14:30:00Z,Atlanta Falcons,Cincinnati Bengals,betus,spreads,Cincinnati Bengals,-115,-4.5
2026-08-28T01:34:27Z,dc56d980f527ffeef89940133b211b13,2026-11-08T14:30:00Z,Atlanta Falcons,Cincinnati Bengals,betus,totals,Over,-110,48.5
2026-08-28T01:34:27Z,dc56d980f527ffeef89940133b211b13,2026-11-08T14:30:00Z,Atlanta Falcons,Cincinnati Bengals,betus,totals,Under,-110,48.5
2026-08-28T01:34:27Z,014282b888c741b7d70c857c09f40aa7,2026-11-08T18:00:00Z,Carolina Panthers,Denver Broncos,draftkings,spreads,Carolina Panthers,-110,3.0
2026-08-28T01:34:27Z,014282b888c741b7d70c857c09f40aa7,2026-11-08T18:00:00Z,Carolina Panthers,Denver Broncos,draftkings,spreads,Denver Broncos,-110,-3.0
2026-08-28T01:34:27Z,014282b888c741b7d70c857c09f40aa7,2026-11-08T18:00:00Z,Carolina Panthers,Denver Broncos,draftkings,totals,Over,-110,42.5
2026-08-28T01:34:27Z,014282b888c741b7d70c857c09f40aa7,2026-11-08T18:00:00Z,Carolina Panthers,Denver Broncos,draftkings,totals,Under,-110,42.5
2026-08-28T01:34:27Z,014282b888c741b7d70c857c09f40aa7,2026-11-08T18:00:00Z,Carolina Panthers,Denver Broncos,betus,spreads,Carolina Panthers,-110,3.0
2026-08-28T01:34:27Z,014282b888c741b7d70c857c09f40aa7,2026-11-08T18:00:00Z,Carolina Panthers,Denver Broncos,betus,spreads,Denver Broncos,-110,-3.0
2026-08-28T01:34:27Z,014282b888c741b7d70c857c09f40aa7,2026-11-08T18:00:00Z,Carolina Panthers,Denver Broncos,betus,totals,Over,-110,42.5
2026-08-28T01:34:27Z,014282b888c741b7d70c857c09f40aa7,2026-11-08T18:00:00Z,Carolina Panthers,Denver Broncos,betus,totals,Under,-110,42.5
2026-08-28T01:34:27Z,e571bab6736f9338130a78a4f75c3231,2026-11-08T18:00:00Z,New Orleans Saints,Cleveland Browns,draftkings,spreads,Cleveland Browns,-105,3.5
2026-08-28T01:34:27Z,e571bab6736f9338130a78a4f75c3231,2026-11-08T18:00:00Z,New Orleans Saints,Cleveland Browns,draftkings,spreads,New Orleans Saints,-115,-3.5
2026-08-28T01:34:27Z,e571bab6736f9338130a78a4f75c3231,2026-11-08T18:00:00Z,New Orleans Saints,Cleveland Browns,draftkings,totals,Over,-110,41.5
2026-08-28T01:34:27Z,e571bab6736f9338130a78a4f75c3231,2026-11-08T18:00:00Z,New Orleans Saints,Cleveland Browns,draftkings,totals,Under,-110,41.5
2026-08-28T01:34:27Z,415fc42e72888c63e82f7bce24c65391,2026-11-08T18:00:00Z,Indianapolis Colts,Dallas Cowboys,draftkings,spreads,Dallas Cowboys,-110,-1.5
2026-08-28T01:34:27Z,415fc42e72888c63e82f7bce24c65391,2026-11-08T18:00:00Z,Indianapolis Colts,Dallas Cowboys,draftkings,spreads,Indianapolis Colts,-110,1.5
2026-08-28T01:34:27Z,415fc42e72888c63e82f7bce24c65391,2026-11-08T18:00:00Z,Indianapolis Colts,Dallas Cowboys,draftkings,totals,Over,-110,52.5
2026-08-28T01:34:27Z,415fc42e72888c63e82f7bce24c65391,2026-11-08T18:00:00Z,Indianapolis Colts,Dallas Cowboys,draftkings,totals,Under,-110,52.5
2026-08-28T01:34:27Z,415fc42e72888c63e82f7bce24c65391,2026-11-08T18:00:00Z,Indianapolis Colts,Dallas Cowboys,betus,spreads,Dallas Cowboys,-110,-1.5
2026-08-28T01:34:27Z,415fc42e72888c63e82f7bce24c65391,2026-11-08T18:00:00Z,Indianapolis Colts,Dallas Cowboys,betus,spreads,Indianapolis Colts,-110,1.5
2026-08-28T01:34:27Z,415fc42e72888c63e82f7bce24c65391,2026-11-08T18:00:00Z,Indianapolis Colts,Dallas Cowboys,betus,totals,Over,-110,52.5
2026-08-28T01:34:27Z,415fc42e72888c63e82f7bce24c65391,2026-11-08T18:00:00Z,Indianapolis Colts,Dallas Cowboys,betus,totals,Under,-110,52.5
2026-08-28T01:34:27Z,44d8c37868b700e90f816db7c5df5cdd,2026-11-08T18:00:00Z,Miami Dolphins,Detroit Lions,draftkings,spreads,Detroit Lions,-110,-6.5
2026-08-28T01:34:27Z,44d8c37868b700e90f816db7c5df5cdd,2026-11-08T18:00:00Z,Miami Dolphins,Detroit Lions,draftkings,spreads,Miami Dolphins,-110,6.5
2026-08-28T01:34:27Z,44d8c37868b700e90f816db7c5df5cdd,2026-11-08T18:00:00Z,Miami Dolphins,Detroit Lions,draftkings,totals,Over,-110,47.5
2026-08-28T01:34:27Z,44d8c37868b700e90f816db7c5df5cdd,2026-11-08T18:00:00Z,Miami Dolphins,Detroit Lions,draftkings,totals,Under,-110,47.5
2026-08-28T01:34:27Z,e354e6a04b1cb9c96e549b863debb92e,2026-11-08T18:00:00Z,Kansas City Chiefs,New York Jets,draftkings,spreads,Kansas City Chiefs,-110,-9.5
2026-08-28T01:34:27Z,e354e6a04b1cb9c96e549b863debb92e,2026-11-08T18:00:00Z,Kansas City Chiefs,New York Jets,draftkings,spreads,New York Jets,-110,9.5
2026-08-28T01:34:27Z,e354e6a04b1cb9c96e549b863debb92e,2026-11-08T18:00:00Z,Kansas City Chiefs,New York Jets,draftkings,totals,Over,-110,41.5
2026-08-28T01:34:27Z,e354e6a04b1cb9c96e549b863debb92e,2026-11-08T18:00:00Z,Kansas City Chiefs,New York Jets,draftkings,totals,Under,-110,41.5
2026-08-28T01:34:27Z,89de07377e0aa8ffaa2ae6a7dc0855cc,2026-11-08T18:00:00Z,Washington Commanders,Los Angeles Rams,draftkings,spreads,Los Angeles Rams,-115,-4.5
2026-08-28T01:34:27Z,89de07377e0aa8ffaa2ae6a7dc0855cc,2026-11-08T18:00:00Z,Washington Commanders,Los Angeles Rams,draftkings,spreads,Washington Commanders,-105,4.5
2026-08-28T01:34:27Z,89de07377e0aa8ffaa2ae6a7dc0855cc,2026-11-08T18:00:00Z,Washington Commanders,Los Angeles Rams,draftkings,totals,Over,-110,50.5
2026-08-28T01:34:27Z,89de07377e0aa8ffaa2ae6a7dc0855cc,2026-11-08T18:00:00Z,Washington Commanders,Los Angeles Rams,draftkings,totals,Under,-110,50.5
2026-08-28T01:34:27Z,fe93e6ab1e553c0169936a0a983c324f,2026-11-08T18:00:00Z,Philadelphia Eagles,New York Giants,draftkings,spreads,New York Giants,-110,5.5
2026-08-28T01:34:27Z,fe93e6ab1e553c0169936a0a983c324f,2026-11-08T18:00:00Z,Philadelphia Eagles,New York Giants,draftkings,spreads,Philadelphia Eagles,-110,-5.5
2026-08-28T01:34:27Z,fe93e6ab1e553c0169936a0a983c324f,2026-11-08T18:00:00Z,Philadelphia Eagles,New York Giants,draftkings,totals,Over,-110,44.5
2026-08-28T01:34:27Z,fe93e6ab1e553c0169936a0a983c324f,2026-11-08T18:00:00Z,Philadelphia Eagles,New York Giants,draftkings,totals,Under,-110,44.5
2026-08-28T01:34:27Z,fe93e6ab1e553c0169936a0a983c324f,2026-11-08T18:00:00Z,Philadelphia Eagles,New York Giants,betus,spreads,New York Giants,-110,5.5
2026-08-28T01:34:27Z,fe93e6ab1e553c0169936a0a983c324f,2026-11-08T18:00:00Z,Philadelphia Eagles,New York Giants,betus,spreads,Philadelphia Eagles,-110,-5.5
2026-08-28T01:34:27Z,fe93e6ab1e553c0169936a0a983c324f,2026-11-08T18:00:00Z,Philadelphia Eagles,New York Giants,betus,totals,Over,-110,44.5
2026-08-28T01:34:27Z,fe93e6ab1e553c0169936a0a983c324f,2026-11-08T18:00:00Z,Philadelphia Eagles,New York Giants,betus,totals,Under,-110,44.5
2026-08-28T01:34:27Z,39aeac43cea7b12558b91cdab1255a10,2026-11-08T21:05:00Z,Los Angeles Chargers,Houston Texans,draftkings,spreads,Houston Texans,-110,2.5
2026-08-28T01:34:27Z,39aeac43cea7b12558b91cdab1255a10,2026-11-08T21:05:00Z,Los Angeles Chargers,Houston Texans,draftkings,spreads,Los Angeles Chargers,-110,-2.5
2026-08-28T01:34:27Z,39aeac43cea7b12558b91cdab1255a10,2026-11-08T21:05:00Z,Los Angeles Chargers,Houston Texans,draftkings,totals,Over,-110,43.5
2026-08-28T01:34:27Z,39aeac43cea7b12558b91cdab1255a10,2026-11-08T21:05:00Z,Los Angeles Chargers,Houston Texans,draftkings,totals,Under,-110,43.5
2026-08-28T01:34:27Z,39aeac43cea7b12558b91cdab1255a10,2026-11-08T21:05:00Z,Los Angeles Chargers,Houston Texans,betus,spreads,Houston Texans,-105,1.5
2026-08-28T01:34:27Z,39aeac43cea7b12558b91cdab1255a10,2026-11-08T21:05:00Z,Los Angeles Chargers,Houston Texans,betus,spreads,Los Angeles Chargers,-115,-1.5
2026-08-28T01:34:27Z,39aeac43cea7b12558b91cdab1255a10,2026-11-08T21:05:00Z,Los Angeles Chargers,Houston Texans,betus,totals,Over,-110,43.5
2026-08-28T01:34:27Z,39aeac43cea7b12558b91cdab1255a10,2026-11-08T21:05:00Z,Los Angeles Chargers,Houston Texans,betus,totals,Under,-110,43.5
2026-08-28T01:34:27Z,ac9d38a18d5c92814233a31aa9a48d78,2026-11-08T21:05:00Z,San Francisco 49ers,Las Vegas Raiders,draftkings,spreads,Las Vegas Raiders,-110,8.5
2026-08-28T01:34:27Z,ac9d38a18d5c92814233a31aa9a48d78,2026-11-08T21:05:00Z,San Francisco 49ers,Las Vegas Raiders,draftkings,spreads,San Francisco 49ers,-110,-8.5
2026-08-28T01:34:27Z,ac9d38a18d5c92814233a31aa9a48d78,2026-11-08T21:05:00Z,San Francisco 49ers,Las Vegas Raiders,draftkings,totals,Over,-110,46.5
2026-08-28T01:34:27Z,ac9d38a18d5c92814233a31aa9a48d78,2026-11-08T21:05:00Z,San Francisco 49ers,Las Vegas Raiders,draftkings,totals,Under,-110,46.5
2026-08-28T01:34:27Z,240e23b02b1e3fef655d04a286b5a623,2026-11-08T21:25:00Z,Seattle Seahawks,Arizona Cardinals,draftkings,spreads,Arizona Cardinals,-110,13.5
2026-08-28T01:34:27Z,240e23b02b1e3fef655d04a286b5a623,2026-11-08T21:25:00Z,Seattle Seahawks,Arizona Cardinals,draftkings,spreads,Seattle Seahawks,-110,-13.5
2026-08-28T01:34:27Z,240e23b02b1e3fef655d04a286b5a623,2026-11-08T21:25:00Z,Seattle Seahawks,Arizona Cardinals,draftkings,totals,Over,-110,45.5
2026-08-28T01:34:27Z,240e23b02b1e3fef655d04a286b5a623,2026-11-08T21:25:00Z,Seattle Seahawks,Arizona Cardinals,draftkings,totals,Under,-110,45.5
2026-08-28T01:34:27Z,240e23b02b1e3fef655d04a286b5a623,2026-11-08T21:25:00Z,Seattle Seahawks,Arizona Cardinals,betus,spreads,Arizona Cardinals,-110,13.5
2026-08-28T01:34:27Z,240e23b02b1e3fef655d04a286b5a623,2026-11-08T21:25:00Z,Seattle Seahawks,Arizona Cardinals,betus,spreads,Seattle Seahawks,-110,-13.5
2026-08-28T01:34:27Z,240e23b02b1e3fef655d04a286b5a623,2026-11-08T21:25:00Z,Seattle Seahawks,Arizona Cardinals,betus,totals,Over,-110,45.5
2026-08-28T01:34:27Z,240e23b02b1e3fef655d04a286b5a623,2026-11-08T21:25:00Z,Seattle Seahawks,Arizona Cardinals,betus,totals,Under,-110,45.5
2026-08-28T01:34:27Z,2922c573ec3df8466c4a34975e446898,2026-11-08T21:25:00Z,New England Patriots,Green Bay Packers,draftkings,spreads,Green Bay Packers,-110,1.5
2026-08-28T01:34:27Z,2922c573ec3df8466c4a34975e446898,2026-11-08T21:25:00Z,New England Patriots,Green Bay Packers,draftkings,spreads,New England Patriots,-110,-1.5
2026-08-28T01:34:27Z,2922c573ec3df8466c4a34975e446898,2026-11-08T21:25:00Z,New England Patriots,Green Bay Packers,draftkings,totals,Over,-110,46.5
2026-08-28T01:34:27Z,2922c573ec3df8466c4a34975e446898,2026-11-08T21:25:00Z,New England Patriots,Green Bay Packers,draftkings,totals,Under,-110,46.5
2026-08-28T01:34:27Z,2922c573ec3df8466c4a34975e446898,2026-11-08T21:25:00Z,New England Patriots,Green Bay Packers,betus,spreads,Green Bay Packers,-110,1.5
2026-08-28T01:34:27Z,2922c573ec3df8466c4a34975e446898,2026-11-08T21:25:00Z,New England Patriots,Green Bay Packers,betus,spreads,New England Patriots,-110,-1.5
2026-08-28T01:34:27Z,2922c573ec3df8466c4a34975e446898,2026-11-08T21:25:00Z,New England Patriots,Green Bay Packers,betus,totals,Over,-110,46.5
2026-08-28T01:34:27Z,2922c573ec3df8466c4a34975e446898,2026-11-08T21:25:00Z,New England Patriots,Green Bay Packers,betus,totals,Under,-110,46.5
2026-08-28T01:34:27Z,9760d8f19f84bfee300a74ceb656c95d,2026-11-09T01:20:00Z,Chicago Bears,Tampa Bay Buccaneers,draftkings,spreads,Chicago Bears,-110,-3.5
2026-08-28T01:34:27Z,9760d8f19f84bfee300a74ceb656c95d,2026-11-09T01:20:00Z,Chicago Bears,Tampa Bay Buccaneers,draftkings,spreads,Tampa Bay Buccaneers,-110,3.5
2026-08-28T01:34:27Z,9760d8f19f84bfee300a74ceb656c95d,2026-11-09T01:20:00Z,Chicago Bears,Tampa Bay Buccaneers,draftkings,totals,Over,-110,48.5
2026-08-28T01:34:27Z,9760d8f19f84bfee300a74ceb656c95d,2026-11-09T01:20:00Z,Chicago Bears,Tampa Bay Buccaneers,draftkings,totals,Under,-110,48.5
2026-08-28T01:34:27Z,17ad7eff2f7875e20a8109abe40470e3,2026-11-10T01:15:00Z,Minnesota Vikings,Buffalo Bills,draftkings,spreads,Buffalo Bills,-110,-3.0
2026-08-28T01:34:27Z,17ad7eff2f7875e20a8109abe40470e3,2026-11-10T01:15:00Z,Minnesota Vikings,Buffalo Bills,draftkings,spreads,Minnesota Vikings,-110,3.0
2026-08-28T01:34:27Z,17ad7eff2f7875e20a8109abe40470e3,2026-11-10T01:15:00Z,Minnesota Vikings,Buffalo Bills,draftkings,totals,Over,-110,48.5
2026-08-28T01:34:27Z,17ad7eff2f7875e20a8109abe40470e3,2026-11-10T01:15:00Z,Minnesota Vikings,Buffalo Bills,draftkings,totals,Under,-110,48.5
2026-08-28T01:34:27Z,74d39e19225caf211ad2c8eb4110179f,2026-11-13T01:15:00Z,New York Giants,Washington Commanders,draftkings,spreads,New York Giants,-110,-1.5
2026-08-28T01:34:27Z,74d39e19225caf211ad2c8eb4110179f,2026-11-13T01:15:00Z,New York Giants,Washington Commanders,draftkings,spreads,Washington Commanders,-110,1.5
2026-08-28T01:34:27Z,74d39e19225caf211ad2c8eb4110179f,2026-11-13T01:15:00Z,New York Giants,Washington Commanders,draftkings,totals,Over,-110,47.5
2026-08-28T01:34:27Z,74d39e19225caf211ad2c8eb4110179f,2026-11-13T01:15:00Z,New York Giants,Washington Commanders,draftkings,totals,Under,-110,47.5
2026-08-28T01:34:27Z,b8c10fdf1e0ac4e13deee7f7c0af0b0b,2026-11-15T14:30:00Z,Detroit Lions,New England Patriots,draftkings,spreads,Detroit Lions,-112,-1.5
2026-08-28T01:34:27Z,b8c10fdf1e0ac4e13deee7f7c0af0b0b,2026-11-15T14:30:00Z,Detroit Lions,New England Patriots,draftkings,spreads,New England Patriots,-108,1.5
2026-08-28T01:34:27Z,b8c10fdf1e0ac4e13deee7f7c0af0b0b,2026-11-15T14:30:00Z,Detroit Lions,New England Patriots,draftkings,totals,Over,-112,48.5
2026-08-28T01:34:27Z,b8c10fdf1e0ac4e13deee7f7c0af0b0b,2026-11-15T14:30:00Z,Detroit Lions,New England Patriots,draftkings,totals,Under,-108,48.5
2026-08-28T01:34:27Z,b8c10fdf1e0ac4e13deee7f7c0af0b0b,2026-11-15T14:30:00Z,Detroit Lions,New England Patriots,fanduel,spreads,Detroit Lions,-102,-1.5
2026-08-28T01:34:27Z,b8c10fdf1e0ac4e13deee7f7c0af0b0b,2026-11-15T14:30:00Z,Detroit Lions,New England Patriots,fanduel,spreads,New England Patriots,-120,1.5
2026-08-28T01:34:27Z,b8c10fdf1e0ac4e13deee7f7c0af0b0b,2026-11-15T14:30:00Z,Detroit Lions,New England Patriots,fanduel,totals,Over,-118,49.5
2026-08-28T01:34:27Z,b8c10fdf1e0ac4e13deee7f7c0af0b0b,2026-11-15T14:30:00Z,Detroit Lions,New England Patriots,fanduel,totals,Under,-104,49.5
2026-08-28T01:34:27Z,3c71d515b726f1096aabb435badb83fd,2026-11-15T18:00:00Z,Atlanta Falcons,Kansas City Chiefs,draftkings,spreads,Atlanta Falcons,-110,4.5
2026-08-28T01:34:27Z,3c71d515b726f1096aabb435badb83fd,2026-11-15T18:00:00Z,Atlanta Falcons,Kansas City Chiefs,draftkings,spreads,Kansas City Chiefs,-110,-4.5
2026-08-28T01:34:27Z,3c71d515b726f1096aabb435badb83fd,2026-11-15T18:00:00Z,Atlanta Falcons,Kansas City Chiefs,draftkings,totals,Over,-110,45.5
2026-08-28T01:34:27Z,3c71d515b726f1096aabb435badb83fd,2026-11-15T18:00:00Z,Atlanta Falcons,Kansas City Chiefs,draftkings,totals,Under,-110,45.5
2026-08-28T01:34:27Z,1057d50949844ddf483da9c8c20354be,2026-11-15T18:00:00Z,New York Jets,Buffalo Bills,draftkings,spreads,Buffalo Bills,-115,-7.0
2026-08-28T01:34:27Z,1057d50949844ddf483da9c8c20354be,2026-11-15T18:00:00Z,New York Jets,Buffalo Bills,draftkings,spreads,New York Jets,-105,7.0
2026-08-28T01:34:27Z,1057d50949844ddf483da9c8c20354be,2026-11-15T18:00:00Z,New York Jets,Buffalo Bills,draftkings,totals,Over,-110,46.5
2026-08-28T01:34:27Z,1057d50949844ddf483da9c8c20354be,2026-11-15T18:00:00Z,New York Jets,Buffalo Bills,draftkings,totals,Under,-110,46.5
2026-08-28T01:34:27Z,e5aa20e1364dd639f042af1c2281bbe2,2026-11-15T18:00:00Z,New Orleans Saints,Carolina Panthers,draftkings,spreads,Carolina Panthers,-115,1.5
2026-08-28T01:34:27Z,e5aa20e1364dd639f042af1c2281bbe2,2026-11-15T18:00:00Z,New Orleans Saints,Carolina Panthers,draftkings,spreads,New Orleans Saints,-105,-1.5
2026-08-28T01:34:27Z,e5aa20e1364dd639f042af1c2281bbe2,2026-11-15T18:00:00Z,New Orleans Saints,Carolina Panthers,draftkings,totals,Over,-110,43.5
2026-08-28T01:34:27Z,e5aa20e1364dd639f042af1c2281bbe2,2026-11-15T18:00:00Z,New Orleans Saints,Carolina Panthers,draftkings,totals,Under,-110,43.5
2026-08-28T01:34:27Z,e5aa20e1364dd639f042af1c2281bbe2,2026-11-15T18:00:00Z,New Orleans Saints,Carolina Panthers,betus,spreads,Carolina Panthers,-110,1.5
2026-08-28T01:34:27Z,e5aa20e1364dd639f042af1c2281bbe2,2026-11-15T18:00:00Z,New Orleans Saints,Carolina Panthers,betus,spreads,New Orleans Saints,-110,-1.5
2026-08-28T01:34:27Z,e5aa20e1364dd639f042af1c2281bbe2,2026-11-15T18:00:00Z,New Orleans Saints,Carolina Panthers,betus,totals,Over,-110,43.5
2026-08-28T01:34:27Z,e5aa20e1364dd639f042af1c2281bbe2,2026-11-15T18:00:00Z,New Orleans Saints,Carolina Panthers,betus,totals,Under,-110,43.5
2026-08-28T01:34:27Z,be0e03cc42fbc9b6962467b22c7bf9dd,2026-11-15T18:00:00Z,Cleveland Browns,Houston Texans,draftkings,spreads,Cleveland Browns,-110,4.5
2026-08-28T01:34:27Z,be0e03cc42fbc9b6962467b22c7bf9dd,2026-11-15T18:00:00Z,Cleveland Browns,Houston Texans,draftkings,spreads,Houston Texans,-110,-4.5
2026-08-28T01:34:27Z,be0e03cc42fbc9b6962467b22c7bf9dd,2026-11-15T18:00:00Z,Cleveland Browns,Houston Texans,draftkings,totals,Over,-110,38.5
2026-08-28T01:34:27Z,be0e03cc42fbc9b6962467b22c7bf9dd,2026-11-15T18:00:00Z,Cleveland Browns,Houston Texans,draftkings,totals,Under,-110,38.5
2026-08-28T01:34:27Z,5d8d85473b87f772a979ecf294acab94,2026-11-15T18:00:00Z,Green Bay Packers,Minnesota Vikings,draftkings,spreads,Green Bay Packers,-110,-4.5
2026-08-28T01:34:27Z,5d8d85473b87f772a979ecf294acab94,2026-11-15T18:00:00Z,Green Bay Packers,Minnesota Vikings,draftkings,spreads,Minnesota Vikings,-110,4.5
2026-08-28T01:34:27Z,5d8d85473b87f772a979ecf294acab94,2026-11-15T18:00:00Z,Green Bay Packers,Minnesota Vikings,draftkings,totals,Over,-110,45.5
2026-08-28T01:34:27Z,5d8d85473b87f772a979ecf294acab94,2026-11-15T18:00:00Z,Green Bay Packers,Minnesota Vikings,draftkings,totals,Under,-110,45.5
2026-08-28T01:34:27Z,5d8d85473b87f772a979ecf294acab94,2026-11-15T18:00:00Z,Green Bay Packers,Minnesota Vikings,betus,spreads,Green Bay Packers,-110,-4.5
2026-08-28T01:34:27Z,5d8d85473b87f772a979ecf294acab94,2026-11-15T18:00:00Z,Green Bay Packers,Minnesota Vikings,betus,spreads,Minnesota Vikings,-110,4.5
2026-08-28T01:34:27Z,5d8d85473b87f772a979ecf294acab94,2026-11-15T18:00:00Z,Green Bay Packers,Minnesota Vikings,betus,totals,Over,-110,45.5
2026-08-28T01:34:27Z,5d8d85473b87f772a979ecf294acab94,2026-11-15T18:00:00Z,Green Bay Packers,Minnesota Vikings,betus,totals,Under,-110,45.5
2026-08-28T01:34:27Z,b5700b4d938fd94429f60d4622cc9c0a,2026-11-15T18:00:00Z,Indianapolis Colts,Miami Dolphins,draftkings,spreads,Indianapolis Colts,-110,-6.5
2026-08-28T01:34:27Z,b5700b4d938fd94429f60d4622cc9c0a,2026-11-15T18:00:00Z,Indianapolis Colts,Miami Dolphins,draftkings,spreads,Miami Dolphins,-110,6.5
2026-08-28T01:34:27Z,b5700b4d938fd94429f60d4622cc9c0a,2026-11-15T18:00:00Z,Indianapolis Colts,Miami Dolphins,draftkings,totals,Over,-110,47.5
2026-08-28T01:34:27Z,b5700b4d938fd94429f60d4622cc9c0a,2026-11-15T18:00:00Z,Indianapolis Colts,Miami Dolphins,draftkings,totals,Under,-110,47.5
2026-08-28T01:34:27Z,28800df7e768ecec14f116454d560f9b,2026-11-15T18:00:00Z,Tennessee Titans,Jacksonville Jaguars,draftkings,spreads,Jacksonville Jaguars,-110,-2.5
2026-08-28T01:34:27Z,28800df7e768ecec14f116454d560f9b,2026-11-15T18:00:00Z,Tennessee Titans,Jacksonville Jaguars,draftkings,spreads,Tennessee Titans,-110,2.5
2026-08-28T01:34:27Z,28800df7e768ecec14f116454d560f9b,2026-11-15T18:00:00Z,Tennessee Titans,Jacksonville Jaguars,draftkings,totals,Over,-110,45.5
2026-08-28T01:34:27Z,28800df7e768ecec14f116454d560f9b,2026-11-15T18:00:00Z,Tennessee Titans,Jacksonville Jaguars,draftkings,totals,Under,-110,45.5
2026-08-28T01:34:27Z,28800df7e768ecec14f116454d560f9b,2026-11-15T18:00:00Z,Tennessee Titans,Jacksonville Jaguars,betus,spreads,Jacksonville Jaguars,-110,-2.5
2026-08-28T01:34:27Z,28800df7e768ecec14f116454d560f9b,2026-11-15T18:00:00Z,Tennessee Titans,Jacksonville Jaguars,betus,spreads,Tennessee Titans,-110,2.5
2026-08-28T01:34:27Z,28800df7e768ecec14f116454d560f9b,2026-11-15T18:00:00Z,Tennessee Titans,Jacksonville Jaguars,betus,totals,Over,-110,45.5
2026-08-28T01:34:27Z,28800df7e768ecec14f116454d560f9b,2026-11-15T18:00:00Z,Tennessee Titans,Jacksonville Jaguars,betus,totals,Under,-110,45.5
2026-08-28T01:34:27Z,6c932a965110f3f89ec4a5f1a6ac256e,2026-11-15T21:05:00Z,Arizona Cardinals,Los Angeles Rams,draftkings,spreads,Arizona Cardinals,-110,10.5
2026-08-28T01:34:27Z,6c932a965110f3f89ec4a5f1a6ac256e,2026-11-15T21:05:00Z,Arizona Cardinals,Los Angeles Rams,draftkings,spreads,Los Angeles Rams,-110,-10.5
2026-08-28T01:34:27Z,6c932a965110f3f89ec4a5f1a6ac256e,2026-11-15T21:05:00Z,Arizona Cardinals,Los Angeles Rams,draftkings,totals,Over,-110,47.5
2026-08-28T01:34:27Z,6c932a965110f3f89ec4a5f1a6ac256e,2026-11-15T21:05:00Z,Arizona Cardinals,Los Angeles Rams,draftkings,totals,Under,-110,47.5
2026-08-28T01:34:27Z,6079a5cbabf99b265a17edfc92a1da60,2026-11-15T21:05:00Z,Las Vegas Raiders,Seattle Seahawks,draftkings,spreads,Las Vegas Raiders,-110,7.0
2026-08-28T01:34:27Z,6079a5cbabf99b265a17edfc92a1da60,2026-11-15T21:05:00Z,Las Vegas Raiders,Seattle Seahawks,draftkings,spreads,Seattle Seahawks,-110,-7.0
2026-08-28T01:34:27Z,6079a5cbabf99b265a17edfc92a1da60,2026-11-15T21:05:00Z,Las Vegas Raiders,Seattle Seahawks,draftkings,totals,Over,-110,43.5
2026-08-28T01:34:27Z,6079a5cbabf99b265a17edfc92a1da60,2026-11-15T21:05:00Z,Las Vegas Raiders,Seattle Seahawks,draftkings,totals,Under,-110,43.5
2026-08-28T01:34:27Z,6079a5cbabf99b265a17edfc92a1da60,2026-11-15T21:05:00Z,Las Vegas Raiders,Seattle Seahawks,betus,spreads,Las Vegas Raiders,-110,7.0
2026-08-28T01:34:27Z,6079a5cbabf99b265a17edfc92a1da60,2026-11-15T21:05:00Z,Las Vegas Raiders,Seattle Seahawks,betus,spreads,Seattle Seahawks,-110,-7.0
2026-08-28T01:34:27Z,6079a5cbabf99b265a17edfc92a1da60,2026-11-15T21:05:00Z,Las Vegas Raiders,Seattle Seahawks,betus,totals,Over,-110,43.5
2026-08-28T01:34:27Z,6079a5cbabf99b265a17edfc92a1da60,2026-11-15T21:05:00Z,Las Vegas Raiders,Seattle Seahawks,betus,totals,Under,-110,43.5
2026-08-28T01:34:27Z,7627192fd89b05120ab6c712aa23fd81,2026-11-15T21:25:00Z,Dallas Cowboys,San Francisco 49ers,draftkings,spreads,Dallas Cowboys,-105,-1.5
2026-08-28T01:34:27Z,7627192fd89b05120ab6c712aa23fd81,2026-11-15T21:25:00Z,Dallas Cowboys,San Francisco 49ers,draftkings,spreads,San Francisco 49ers,-115,1.5
2026-08-28T01:34:27Z,7627192fd89b05120ab6c712aa23fd81,2026-11-15T21:25:00Z,Dallas Cowboys,San Francisco 49ers,draftkings,totals,Over,-110,52.5
2026-08-28T01:34:27Z,7627192fd89b05120ab6c712aa23fd81,2026-11-15T21:25:00Z,Dallas Cowboys,San Francisco 49ers,draftkings,totals,Under,-110,52.5
2026-08-28T01:34:27Z,48e497c230e6c9afcb3b600091d28e17,2026-11-16T01:20:00Z,Cincinnati Bengals,Pittsburgh Steelers,draftkings,spreads,Cincinnati Bengals,-110,-3.5
2026-08-28T01:34:27Z,48e497c230e6c9afcb3b600091d28e17,2026-11-16T01:20:00Z,Cincinnati Bengals,Pittsburgh Steelers,draftkings,spreads,Pittsburgh Steelers,-110,3.5
2026-08-28T01:34:27Z,48e497c230e6c9afcb3b600091d28e17,2026-11-16T01:20:00Z,Cincinnati Bengals,Pittsburgh Steelers,draftkings,totals,Over,-110,47.5
2026-08-28T01:34:27Z,48e497c230e6c9afcb3b600091d28e17,2026-11-16T01:20:00Z,Cincinnati Bengals,Pittsburgh Steelers,draftkings,totals,Under,-110,47.5
2026-08-28T01:34:27Z,48e497c230e6c9afcb3b600091d28e17,2026-11-16T01:20:00Z,Cincinnati Bengals,Pittsburgh Steelers,betus,spreads,Cincinnati Bengals,-110,-3.5
2026-08-28T01:34:27Z,48e497c230e6c9afcb3b600091d28e17,2026-11-16T01:20:00Z,Cincinnati Bengals,Pittsburgh Steelers,betus,spreads,Pittsburgh Steelers,-110,3.5
2026-08-28T01:34:27Z,48e497c230e6c9afcb3b600091d28e17,2026-11-16T01:20:00Z,Cincinnati Bengals,Pittsburgh Steelers,betus,totals,Over,-110,47.5
2026-08-28T01:34:27Z,48e497c230e6c9afcb3b600091d28e17,2026-11-16T01:20:00Z,Cincinnati Bengals,Pittsburgh Steelers,betus,totals,Under,-110,47.5
2026-08-28T01:34:27Z,35e3bdff558b5d1506251e814986f164,2026-11-17T01:15:00Z,Baltimore Ravens,Los Angeles Chargers,draftkings,spreads,Baltimore Ravens,-110,-3.5
2026-08-28T01:34:27Z,35e3bdff558b5d1506251e814986f164,2026-11-17T01:15:00Z,Baltimore Ravens,Los Angeles Chargers,draftkings,spreads,Los Angeles Chargers,-110,3.5
2026-08-28T01:34:27Z,35e3bdff558b5d1506251e814986f164,2026-11-17T01:15:00Z,Baltimore Ravens,Los Angeles Chargers,draftkings,totals,Over,-110,47.5
2026-08-28T01:34:27Z,35e3bdff558b5d1506251e814986f164,2026-11-17T01:15:00Z,Baltimore Ravens,Los Angeles Chargers,draftkings,totals,Under,-110,47.5
2026-08-28T01:34:27Z,35e3bdff558b5d1506251e814986f164,2026-11-17T01:15:00Z,Baltimore Ravens,Los Angeles Chargers,betus,spreads,Baltimore Ravens,-110,-2.5
2026-08-28T01:34:27Z,35e3bdff558b5d1506251e814986f164,2026-11-17T01:15:00Z,Baltimore Ravens,Los Angeles Chargers,betus,spreads,Los Angeles Chargers,-110,2.5
2026-08-28T01:34:27Z,35e3bdff558b5d1506251e814986f164,2026-11-17T01:15:00Z,Baltimore Ravens,Los Angeles Chargers,betus,totals,Over,-110,48.5
2026-08-28T01:34:27Z,35e3bdff558b5d1506251e814986f164,2026-11-17T01:15:00Z,Baltimore Ravens,Los Angeles Chargers,betus,totals,Under,-110,48.5
2026-08-28T01:34:27Z,66f9e83cf025d58acee12bce18661fb3,2026-11-20T01:15:00Z,Houston Texans,Indianapolis Colts,draftkings,spreads,Houston Texans,-110,-5.5
2026-08-28T01:34:27Z,66f9e83cf025d58acee12bce18661fb3,2026-11-20T01:15:00Z,Houston Texans,Indianapolis Colts,draftkings,spreads,Indianapolis Colts,-110,5.5
2026-08-28T01:34:27Z,66f9e83cf025d58acee12bce18661fb3,2026-11-20T01:15:00Z,Houston Texans,Indianapolis Colts,draftkings,totals,Over,-110,45.5
2026-08-28T01:34:27Z,66f9e83cf025d58acee12bce18661fb3,2026-11-20T01:15:00Z,Houston Texans,Indianapolis Colts,draftkings,totals,Under,-110,45.5
2026-08-28T01:34:27Z,403a88701352da05b0710a9e883b803e,2026-11-22T18:00:00Z,Kansas City Chiefs,Arizona Cardinals,draftkings,spreads,Arizona Cardinals,-110,11.5
2026-08-28T01:34:27Z,403a88701352da05b0710a9e883b803e,2026-11-22T18:00:00Z,Kansas City Chiefs,Arizona Cardinals,draftkings,spreads,Kansas City Chiefs,-110,-11.5
2026-08-28T01:34:27Z,403a88701352da05b0710a9e883b803e,2026-11-22T18:00:00Z,Kansas City Chiefs,Arizona Cardinals,draftkings,totals,Over,-110,44.5
2026-08-28T01:34:27Z,403a88701352da05b0710a9e883b803e,2026-11-22T18:00:00Z,Kansas City Chiefs,Arizona Cardinals,draftkings,totals,Under,-110,44.5
2026-08-28T01:34:27Z,403a88701352da05b0710a9e883b803e,2026-11-22T18:00:00Z,Kansas City Chiefs,Arizona Cardinals,betus,spreads,Arizona Cardinals,-110,11.5
2026-08-28T01:34:27Z,403a88701352da05b0710a9e883b803e,2026-11-22T18:00:00Z,Kansas City Chiefs,Arizona Cardinals,betus,spreads,Kansas City Chiefs,-110,-11.5
2026-08-28T01:34:27Z,403a88701352da05b0710a9e883b803e,2026-11-22T18:00:00Z,Kansas City Chiefs,Arizona Cardinals,betus,totals,Over,-110,44.5
2026-08-28T01:34:27Z,403a88701352da05b0710a9e883b803e,2026-11-22T18:00:00Z,Kansas City Chiefs,Arizona Cardinals,betus,totals,Under,-110,44.5
2026-08-28T01:34:27Z,4527f57f5bc32742d8194af1ccf7da7e,2026-11-22T18:00:00Z,Carolina Panthers,Baltimore Ravens,draftkings,spreads,Baltimore Ravens,-110,-4.5
2026-08-28T01:34:27Z,4527f57f5bc32742d8194af1ccf7da7e,2026-11-22T18:00:00Z,Carolina Panthers,Baltimore Ravens,draftkings,spreads,Carolina Panthers,-110,4.5
2026-08-28T01:34:27Z,4527f57f5bc32742d8194af1ccf7da7e,2026-11-22T18:00:00Z,Carolina Panthers,Baltimore Ravens,draftkings,totals,Over,-110,46.5
2026-08-28T01:34:27Z,4527f57f5bc32742d8194af1ccf7da7e,2026-11-22T18:00:00Z,Carolina Panthers,Baltimore Ravens,draftkings,totals,Under,-110,46.5
2026-08-28T01:34:27Z,4527f57f5bc32742d8194af1ccf7da7e,2026-11-22T18:00:00Z,Carolina Panthers,Baltimore Ravens,betus,spreads,Baltimore Ravens,-110,-4.5
2026-08-28T01:34:27Z,4527f57f5bc32742d8194af1ccf7da7e,2026-11-22T18:00:00Z,Carolina Panthers,Baltimore Ravens,betus,spreads,Carolina Panthers,-110,4.5
2026-08-28T01:34:27Z,4527f57f5bc32742d8194af1ccf7da7e,2026-11-22T18:00:00Z,Carolina Panthers,Baltimore Ravens,betus,totals,Over,-110,46.5
2026-08-28T01:34:27Z,4527f57f5bc32742d8194af1ccf7da7e,2026-11-22T18:00:00Z,Carolina Panthers,Baltimore Ravens,betus,totals,Under,-110,46.5
2026-08-28T01:34:27Z,4c5b1c0843a260278e95eb93e7787576,2026-11-22T18:00:00Z,Buffalo Bills,Miami Dolphins,draftkings,spreads,Buffalo Bills,-110,-11.5
2026-08-28T01:34:27Z,4c5b1c0843a260278e95eb93e7787576,2026-11-22T18:00:00Z,Buffalo Bills,Miami Dolphins,draftkings,spreads,Miami Dolphins,-110,11.5
2026-08-28T01:34:27Z,4c5b1c0843a260278e95eb93e7787576,2026-11-22T18:00:00Z,Buffalo Bills,Miami Dolphins,draftkings,totals,Over,-110,47.5
2026-08-28T01:34:27Z,4c5b1c0843a260278e95eb93e7787576,2026-11-22T18:00:00Z,Buffalo Bills,Miami Dolphins,draftkings,totals,Under,-110,47.5
2026-08-28T01:34:27Z,3ea90704fb576633bd1e2fa5aafd9ea3,2026-11-22T18:00:00Z,Chicago Bears,New Orleans Saints,draftkings,spreads,Chicago Bears,-110,-6.5
2026-08-28T01:34:27Z,3ea90704fb576633bd1e2fa5aafd9ea3,2026-11-22T18:00:00Z,Chicago Bears,New Orleans Saints,draftkings,spreads,New Orleans Saints,-110,6.5
2026-08-28T01:34:27Z,3ea90704fb576633bd1e2fa5aafd9ea3,2026-11-22T18:00:00Z,Chicago Bears,New Orleans Saints,draftkings,totals,Over,-110,46.5
2026-08-28T01:34:27Z,3ea90704fb576633bd1e2fa5aafd9ea3,2026-11-22T18:00:00Z,Chicago Bears,New Orleans Saints,draftkings,totals,Under,-110,46.5
2026-08-28T01:34:27Z,5e63079b678f8c13419adc169fff02d3,2026-11-22T18:00:00Z,Dallas Cowboys,Tennessee Titans,draftkings,spreads,Dallas Cowboys,-110,-6.5
2026-08-28T01:34:27Z,5e63079b678f8c13419adc169fff02d3,2026-11-22T18:00:00Z,Dallas Cowboys,Tennessee Titans,draftkings,spreads,Tennessee Titans,-110,6.5
2026-08-28T01:34:27Z,5e63079b678f8c13419adc169fff02d3,2026-11-22T18:00:00Z,Dallas Cowboys,Tennessee Titans,draftkings,totals,Over,-110,48.5
2026-08-28T01:34:27Z,5e63079b678f8c13419adc169fff02d3,2026-11-22T18:00:00Z,Dallas Cowboys,Tennessee Titans,draftkings,totals,Under,-110,48.5
2026-08-28T01:34:27Z,41e2dd69bddd65d7e823d9ed61cc2afc,2026-11-22T18:00:00Z,Detroit Lions,Tampa Bay Buccaneers,draftkings,spreads,Detroit Lions,-110,-4.5
2026-08-28T01:34:27Z,41e2dd69bddd65d7e823d9ed61cc2afc,2026-11-22T18:00:00Z,Detroit Lions,Tampa Bay Buccaneers,draftkings,spreads,Tampa Bay Buccaneers,-110,4.5
2026-08-28T01:34:27Z,41e2dd69bddd65d7e823d9ed61cc2afc,2026-11-22T18:00:00Z,Detroit Lions,Tampa Bay Buccaneers,draftkings,totals,Over,-110,49.5
2026-08-28T01:34:27Z,41e2dd69bddd65d7e823d9ed61cc2afc,2026-11-22T18:00:00Z,Detroit Lions,Tampa Bay Buccaneers,draftkings,totals,Under,-110,49.5
2026-08-28T01:34:27Z,8ba112fabf4e87639338a5f437c5abfe,2026-11-22T18:00:00Z,New York Giants,Jacksonville Jaguars,draftkings,spreads,Jacksonville Jaguars,-110,-1.5
2026-08-28T01:34:27Z,8ba112fabf4e87639338a5f437c5abfe,2026-11-22T18:00:00Z,New York Giants,Jacksonville Jaguars,draftkings,spreads,New York Giants,-110,1.5
2026-08-28T01:34:27Z,8ba112fabf4e87639338a5f437c5abfe,2026-11-22T18:00:00Z,New York Giants,Jacksonville Jaguars,draftkings,totals,Over,-110,46.5
2026-08-28T01:34:27Z,8ba112fabf4e87639338a5f437c5abfe,2026-11-22T18:00:00Z,New York Giants,Jacksonville Jaguars,draftkings,totals,Under,-110,46.5
2026-08-28T01:34:27Z,4b20b742b6168aaca4f25d87f11b1526,2026-11-22T21:05:00Z,Los Angeles Chargers,New York Jets,draftkings,spreads,Los Angeles Chargers,-110,-9.5
2026-08-28T01:34:27Z,4b20b742b6168aaca4f25d87f11b1526,2026-11-22T21:05:00Z,Los Angeles Chargers,New York Jets,draftkings,spreads,New York Jets,-110,9.5
2026-08-28T01:34:27Z,4b20b742b6168aaca4f25d87f11b1526,2026-11-22T21:05:00Z,Los Angeles Chargers,New York Jets,draftkings,totals,Over,-110,41.5
2026-08-28T01:34:27Z,4b20b742b6168aaca4f25d87f11b1526,2026-11-22T21:05:00Z,Los Angeles Chargers,New York Jets,draftkings,totals,Under,-110,41.5
2026-08-28T01:34:27Z,1940706a79cbcbafacdcbf231069716b,2026-11-22T21:25:00Z,Denver Broncos,Las Vegas Raiders,draftkings,spreads,Denver Broncos,-110,-7.5
2026-08-28T01:34:27Z,1940706a79cbcbafacdcbf231069716b,2026-11-22T21:25:00Z,Denver Broncos,Las Vegas Raiders,draftkings,spreads,Las Vegas Raiders,-110,7.5
2026-08-28T01:34:27Z,1940706a79cbcbafacdcbf231069716b,2026-11-22T21:25:00Z,Denver Broncos,Las Vegas Raiders,draftkings,totals,Over,-110,41.5
2026-08-28T01:34:27Z,1940706a79cbcbafacdcbf231069716b,2026-11-22T21:25:00Z,Denver Broncos,Las Vegas Raiders,draftkings,totals,Under,-110,41.5
2026-08-28T01:34:27Z,cbe45bafcc2615fc1d96cbc12840377a,2026-11-22T21:25:00Z,Philadelphia Eagles,Pittsburgh Steelers,draftkings,spreads,Philadelphia Eagles,-110,-5.5
2026-08-28T01:34:27Z,cbe45bafcc2615fc1d96cbc12840377a,2026-11-22T21:25:00Z,Philadelphia Eagles,Pittsburgh Steelers,draftkings,spreads,Pittsburgh Steelers,-110,5.5
2026-08-28T01:34:27Z,cbe45bafcc2615fc1d96cbc12840377a,2026-11-22T21:25:00Z,Philadelphia Eagles,Pittsburgh Steelers,draftkings,totals,Over,-110,42.5
2026-08-28T01:34:27Z,cbe45bafcc2615fc1d96cbc12840377a,2026-11-22T21:25:00Z,Philadelphia Eagles,Pittsburgh Steelers,draftkings,totals,Under,-110,42.5
2026-08-28T01:34:27Z,cbe45bafcc2615fc1d96cbc12840377a,2026-11-22T21:25:00Z,Philadelphia Eagles,Pittsburgh Steelers,betus,spreads,Philadelphia Eagles,-110,-5.5
2026-08-28T01:34:27Z,cbe45bafcc2615fc1d96cbc12840377a,2026-11-22T21:25:00Z,Philadelphia Eagles,Pittsburgh Steelers,betus,spreads,Pittsburgh Steelers,-110,5.5
2026-08-28T01:34:27Z,cbe45bafcc2615fc1d96cbc12840377a,2026-11-22T21:25:00Z,Philadelphia Eagles,Pittsburgh Steelers,betus,totals,Over,-110,42.5
2026-08-28T01:34:27Z,cbe45bafcc2615fc1d96cbc12840377a,2026-11-22T21:25:00Z,Philadelphia Eagles,Pittsburgh Steelers,betus,totals,Under,-110,42.5
2026-08-28T01:34:27Z,60e1d27b083a335b722c2c852ea85612,2026-11-23T01:20:00Z,San Francisco 49ers,Minnesota Vikings,draftkings,spreads,Minnesota Vikings,-110,3.5
2026-08-28T01:34:27Z,60e1d27b083a335b722c2c852ea85612,2026-11-23T01:20:00Z,San Francisco 49ers,Minnesota Vikings,draftkings,spreads,San Francisco 49ers,-110,-3.5
2026-08-28T01:34:27Z,60e1d27b083a335b722c2c852ea85612,2026-11-23T01:20:00Z,San Francisco 49ers,Minnesota Vikings,draftkings,totals,Over,-110,46.5
2026-08-28T01:34:27Z,60e1d27b083a335b722c2c852ea85612,2026-11-23T01:20:00Z,San Francisco 49ers,Minnesota Vikings,draftkings,totals,Under,-110,46.5
2026-08-28T01:34:27Z,60e1d27b083a335b722c2c852ea85612,2026-11-23T01:20:00Z,San Francisco 49ers,Minnesota Vikings,fanduel,spreads,Minnesota Vikings,-115,4.5
2026-08-28T01:34:27Z,60e1d27b083a335b722c2c852ea85612,2026-11-23T01:20:00Z,San Francisco 49ers,Minnesota Vikings,fanduel,spreads,San Francisco 49ers,-105,-4.5
2026-08-28T01:34:27Z,60e1d27b083a335b722c2c852ea85612,2026-11-23T01:20:00Z,San Francisco 49ers,Minnesota Vikings,fanduel,totals,Over,-105,47.5
2026-08-28T01:34:27Z,60e1d27b083a335b722c2c852ea85612,2026-11-23T01:20:00Z,San Francisco 49ers,Minnesota Vikings,fanduel,totals,Under,-115,47.5
2026-08-28T01:34:27Z,60e1d27b083a335b722c2c852ea85612,2026-11-23T01:20:00Z,San Francisco 49ers,Minnesota Vikings,betus,spreads,Minnesota Vikings,-110,3.5
2026-08-28T01:34:27Z,60e1d27b083a335b722c2c852ea85612,2026-11-23T01:20:00Z,San Francisco 49ers,Minnesota Vikings,betus,spreads,San Francisco 49ers,-110,-3.5
2026-08-28T01:34:27Z,60e1d27b083a335b722c2c852ea85612,2026-11-23T01:20:00Z,San Francisco 49ers,Minnesota Vikings,betus,totals,Over,-110,46.5
2026-08-28T01:34:27Z,60e1d27b083a335b722c2c852ea85612,2026-11-23T01:20:00Z,San Francisco 49ers,Minnesota Vikings,betus,totals,Under,-110,46.5
2026-08-28T01:34:27Z,3a60ed1d20004aa4d4772b2c1a2272e7,2026-11-24T01:15:00Z,Washington Commanders,Cincinnati Bengals,draftkings,spreads,Cincinnati Bengals,-110,-1.5
2026-08-28T01:34:27Z,3a60ed1d20004aa4d4772b2c1a2272e7,2026-11-24T01:15:00Z,Washington Commanders,Cincinnati Bengals,draftkings,spreads,Washington Commanders,-110,1.5
2026-08-28T01:34:27Z,3a60ed1d20004aa4d4772b2c1a2272e7,2026-11-24T01:15:00Z,Washington Commanders,Cincinnati Bengals,draftkings,totals,Over,-110,52.5
2026-08-28T01:34:27Z,3a60ed1d20004aa4d4772b2c1a2272e7,2026-11-24T01:15:00Z,Washington Commanders,Cincinnati Bengals,draftkings,totals,Under,-110,52.5
2026-08-28T01:34:27Z,3a60ed1d20004aa4d4772b2c1a2272e7,2026-11-24T01:15:00Z,Washington Commanders,Cincinnati Bengals,betus,spreads,Cincinnati Bengals,-110,-1.5
2026-08-28T01:34:27Z,3a60ed1d20004aa4d4772b2c1a2272e7,2026-11-24T01:15:00Z,Washington Commanders,Cincinnati Bengals,betus,spreads,Washington Commanders,-110,1.5
2026-08-28T01:34:27Z,3a60ed1d20004aa4d4772b2c1a2272e7,2026-11-24T01:15:00Z,Washington Commanders,Cincinnati Bengals,betus,totals,Over,-110,52.5
2026-08-28T01:34:27Z,3a60ed1d20004aa4d4772b2c1a2272e7,2026-11-24T01:15:00Z,Washington Commanders,Cincinnati Bengals,betus,totals,Under,-110,52.5
2026-08-28T01:34:27Z,5b612899d6dcdf998107f2c6c6e49a58,2026-11-26T01:00:00Z,Los Angeles Rams,Green Bay Packers,draftkings,spreads,Green Bay Packers,-105,4.5
2026-08-28T01:34:27Z,5b612899d6dcdf998107f2c6c6e49a58,2026-11-26T01:00:00Z,Los Angeles Rams,Green Bay Packers,draftkings,spreads,Los Angeles Rams,-115,-4.5
2026-08-28T01:34:27Z,5b612899d6dcdf998107f2c6c6e49a58,2026-11-26T01:00:00Z,Los Angeles Rams,Green Bay Packers,draftkings,totals,Over,-110,48.5
2026-08-28T01:34:27Z,5b612899d6dcdf998107f2c6c6e49a58,2026-11-26T01:00:00Z,Los Angeles Rams,Green Bay Packers,draftkings,totals,Under,-110,48.5
2026-08-28T01:34:27Z,5b612899d6dcdf998107f2c6c6e49a58,2026-11-26T01:00:00Z,Los Angeles Rams,Green Bay Packers,fanduel,spreads,Green Bay Packers,-115,5.5
2026-08-28T01:34:27Z,5b612899d6dcdf998107f2c6c6e49a58,2026-11-26T01:00:00Z,Los Angeles Rams,Green Bay Packers,fanduel,spreads,Los Angeles Rams,-105,-5.5
2026-08-28T01:34:27Z,5b612899d6dcdf998107f2c6c6e49a58,2026-11-26T01:00:00Z,Los Angeles Rams,Green Bay Packers,fanduel,totals,Over,-105,48.5
2026-08-28T01:34:27Z,5b612899d6dcdf998107f2c6c6e49a58,2026-11-26T01:00:00Z,Los Angeles Rams,Green Bay Packers,fanduel,totals,Under,-115,48.5
2026-08-28T01:34:27Z,9b825e6518156008da499be041975fdd,2026-11-26T18:00:00Z,Detroit Lions,Chicago Bears,draftkings,spreads,Chicago Bears,-105,2.5
2026-08-28T01:34:27Z,9b825e6518156008da499be041975fdd,2026-11-26T18:00:00Z,Detroit Lions,Chicago Bears,draftkings,spreads,Detroit Lions,-115,-2.5
2026-08-28T01:34:27Z,9b825e6518156008da499be041975fdd,2026-11-26T18:00:00Z,Detroit Lions,Chicago Bears,draftkings,totals,Over,-110,52.5
2026-08-28T01:34:27Z,9b825e6518156008da499be041975fdd,2026-11-26T18:00:00Z,Detroit Lions,Chicago Bears,draftkings,totals,Under,-110,52.5
2026-08-28T01:34:27Z,9b825e6518156008da499be041975fdd,2026-11-26T18:00:00Z,Detroit Lions,Chicago Bears,fanduel,spreads,Chicago Bears,-110,2.5
2026-08-28T01:34:27Z,9b825e6518156008da499be041975fdd,2026-11-26T18:00:00Z,Detroit Lions,Chicago Bears,fanduel,spreads,Detroit Lions,-110,-2.5
2026-08-28T01:34:27Z,9b825e6518156008da499be041975fdd,2026-11-26T18:00:00Z,Detroit Lions,Chicago Bears,fanduel,totals,Over,-115,53.5
2026-08-28T01:34:27Z,9b825e6518156008da499be041975fdd,2026-11-26T18:00:00Z,Detroit Lions,Chicago Bears,fanduel,totals,Under,-105,53.5
2026-08-28T01:34:27Z,ffaa06af56a7137d4b078c5c46c0b730,2026-11-26T20:30:00Z,Dallas Cowboys,Philadelphia Eagles,draftkings,spreads,Dallas Cowboys,-110,-1.5
2026-08-28T01:34:27Z,ffaa06af56a7137d4b078c5c46c0b730,2026-11-26T20:30:00Z,Dallas Cowboys,Philadelphia Eagles,draftkings,spreads,Philadelphia Eagles,-110,1.5
2026-08-28T01:34:27Z,ffaa06af56a7137d4b078c5c46c0b730,2026-11-26T20:30:00Z,Dallas Cowboys,Philadelphia Eagles,draftkings,totals,Over,-110,49.5
2026-08-28T01:34:27Z,ffaa06af56a7137d4b078c5c46c0b730,2026-11-26T20:30:00Z,Dallas Cowboys,Philadelphia Eagles,draftkings,totals,Under,-110,49.5
2026-08-28T01:34:27Z,ffaa06af56a7137d4b078c5c46c0b730,2026-11-26T20:30:00Z,Dallas Cowboys,Philadelphia Eagles,fanduel,spreads,Dallas Cowboys,-110,-1.5
2026-08-28T01:34:27Z,ffaa06af56a7137d4b078c5c46c0b730,2026-11-26T20:30:00Z,Dallas Cowboys,Philadelphia Eagles,fanduel,spreads,Philadelphia Eagles,-110,1.5
2026-08-28T01:34:27Z,ffaa06af56a7137d4b078c5c46c0b730,2026-11-26T20:30:00Z,Dallas Cowboys,Philadelphia Eagles,fanduel,totals,Over,-115,49.5
2026-08-28T01:34:27Z,ffaa06af56a7137d4b078c5c46c0b730,2026-11-26T20:30:00Z,Dallas Cowboys,Philadelphia Eagles,fanduel,totals,Under,-105,49.5
2026-08-28T01:34:27Z,ffaa06af56a7137d4b078c5c46c0b730,2026-11-26T20:30:00Z,Dallas Cowboys,Philadelphia Eagles,betonlineag,spreads,Dallas Cowboys,-115,-1.0
2026-08-28T01:34:27Z,ffaa06af56a7137d4b078c5c46c0b730,2026-11-26T20:30:00Z,Dallas Cowboys,Philadelphia Eagles,betonlineag,spreads,Philadelphia Eagles,-105,1.0
2026-08-28T01:34:27Z,ffaa06af56a7137d4b078c5c46c0b730,2026-11-26T20:30:00Z,Dallas Cowboys,Philadelphia Eagles,betonlineag,totals,Over,-115,49.5
2026-08-28T01:34:27Z,ffaa06af56a7137d4b078c5c46c0b730,2026-11-26T20:30:00Z,Dallas Cowboys,Philadelphia Eagles,betonlineag,totals,Under,-105,49.5
2026-08-28T01:34:27Z,ffaa06af56a7137d4b078c5c46c0b730,2026-11-26T20:30:00Z,Dallas Cowboys,Philadelphia Eagles,lowvig,spreads,Dallas Cowboys,-110,-1.0
2026-08-28T01:34:27Z,ffaa06af56a7137d4b078c5c46c0b730,2026-11-26T20:30:00Z,Dallas Cowboys,Philadelphia Eagles,lowvig,spreads,Philadelphia Eagles,100,1.0
2026-08-28T01:34:27Z,ffaa06af56a7137d4b078c5c46c0b730,2026-11-26T20:30:00Z,Dallas Cowboys,Philadelphia Eagles,lowvig,totals,Over,-113,49.5
2026-08-28T01:34:27Z,ffaa06af56a7137d4b078c5c46c0b730,2026-11-26T20:30:00Z,Dallas Cowboys,Philadelphia Eagles,lowvig,totals,Under,-102,49.5
2026-08-28T01:34:27Z,f36f518585aec40e8cb40e071c0844aa,2026-11-27T01:20:00Z,Buffalo Bills,Kansas City Chiefs,draftkings,spreads,Buffalo Bills,-115,-2.5
2026-08-28T01:34:27Z,f36f518585aec40e8cb40e071c0844aa,2026-11-27T01:20:00Z,Buffalo Bills,Kansas City Chiefs,draftkings,spreads,Kansas City Chiefs,-105,2.5
2026-08-28T01:34:27Z,f36f518585aec40e8cb40e071c0844aa,2026-11-27T01:20:00Z,Buffalo Bills,Kansas City Chiefs,draftkings,totals,Over,-110,50.5
2026-08-28T01:34:27Z,f36f518585aec40e8cb40e071c0844aa,2026-11-27T01:20:00Z,Buffalo Bills,Kansas City Chiefs,draftkings,totals,Under,-110,50.5
2026-08-28T01:34:27Z,f36f518585aec40e8cb40e071c0844aa,2026-11-27T01:20:00Z,Buffalo Bills,Kansas City Chiefs,fanduel,spreads,Buffalo Bills,-118,-2.5
2026-08-28T01:34:27Z,f36f518585aec40e8cb40e071c0844aa,2026-11-27T01:20:00Z,Buffalo Bills,Kansas City Chiefs,fanduel,spreads,Kansas City Chiefs,-104,2.5
2026-08-28T01:34:27Z,f36f518585aec40e8cb40e071c0844aa,2026-11-27T01:20:00Z,Buffalo Bills,Kansas City Chiefs,fanduel,totals,Over,-104,50.5
2026-08-28T01:34:27Z,f36f518585aec40e8cb40e071c0844aa,2026-11-27T01:20:00Z,Buffalo Bills,Kansas City Chiefs,fanduel,totals,Under,-118,50.5
2026-08-28T01:34:27Z,44a3bcf5bd002583ddef2207a92dd977,2026-11-27T20:00:00Z,Pittsburgh Steelers,Denver Broncos,draftkings,spreads,Denver Broncos,-110,-1.5
2026-08-28T01:34:27Z,44a3bcf5bd002583ddef2207a92dd977,2026-11-27T20:00:00Z,Pittsburgh Steelers,Denver Broncos,draftkings,spreads,Pittsburgh Steelers,-110,1.5
2026-08-28T01:34:27Z,44a3bcf5bd002583ddef2207a92dd977,2026-11-27T20:00:00Z,Pittsburgh Steelers,Denver Broncos,draftkings,totals,Over,-110,39.5
2026-08-28T01:34:27Z,44a3bcf5bd002583ddef2207a92dd977,2026-11-27T20:00:00Z,Pittsburgh Steelers,Denver Broncos,draftkings,totals,Under,-110,39.5
2026-08-28T01:34:27Z,44a3bcf5bd002583ddef2207a92dd977,2026-11-27T20:00:00Z,Pittsburgh Steelers,Denver Broncos,fanduel,spreads,Denver Broncos,-118,-1.5
2026-08-28T01:34:27Z,44a3bcf5bd002583ddef2207a92dd977,2026-11-27T20:00:00Z,Pittsburgh Steelers,Denver Broncos,fanduel,spreads,Pittsburgh Steelers,-104,1.5
2026-08-28T01:34:27Z,44a3bcf5bd002583ddef2207a92dd977,2026-11-27T20:00:00Z,Pittsburgh Steelers,Denver Broncos,fanduel,totals,Over,-110,39.5
2026-08-28T01:34:27Z,44a3bcf5bd002583ddef2207a92dd977,2026-11-27T20:00:00Z,Pittsburgh Steelers,Denver Broncos,fanduel,totals,Under,-110,39.5
2026-08-28T01:34:27Z,6a05021bdb6bab24b9bb381ffff10f0c,2026-11-29T18:00:00Z,Minnesota Vikings,Atlanta Falcons,draftkings,spreads,Atlanta Falcons,-110,4.5
2026-08-28T01:34:27Z,6a05021bdb6bab24b9bb381ffff10f0c,2026-11-29T18:00:00Z,Minnesota Vikings,Atlanta Falcons,draftkings,spreads,Minnesota Vikings,-110,-4.5
2026-08-28T01:34:27Z,6a05021bdb6bab24b9bb381ffff10f0c,2026-11-29T18:00:00Z,Minnesota Vikings,Atlanta Falcons,draftkings,totals,Over,-110,43.5
2026-08-28T01:34:27Z,6a05021bdb6bab24b9bb381ffff10f0c,2026-11-29T18:00:00Z,Minnesota Vikings,Atlanta Falcons,draftkings,totals,Under,-110,43.5
2026-08-28T01:34:27Z,60d0c074801985c1062795362a24200e,2026-11-29T18:00:00Z,Houston Texans,Baltimore Ravens,draftkings,spreads,Baltimore Ravens,-110,1.5
2026-08-28T01:34:27Z,60d0c074801985c1062795362a24200e,2026-11-29T18:00:00Z,Houston Texans,Baltimore Ravens,draftkings,spreads,Houston Texans,-110,-1.5
2026-08-28T01:34:27Z,60d0c074801985c1062795362a24200e,2026-11-29T18:00:00Z,Houston Texans,Baltimore Ravens,draftkings,totals,Over,-110,45.5
2026-08-28T01:34:27Z,60d0c074801985c1062795362a24200e,2026-11-29T18:00:00Z,Houston Texans,Baltimore Ravens,draftkings,totals,Under,-110,45.5
2026-08-28T01:34:27Z,f7d3ae7a8fe2438cef7d7d7bc67e31db,2026-11-29T18:00:00Z,Cincinnati Bengals,New Orleans Saints,draftkings,spreads,Cincinnati Bengals,-110,-6.5
2026-08-28T01:34:27Z,f7d3ae7a8fe2438cef7d7d7bc67e31db,2026-11-29T18:00:00Z,Cincinnati Bengals,New Orleans Saints,draftkings,spreads,New Orleans Saints,-110,6.5
2026-08-28T01:34:27Z,f7d3ae7a8fe2438cef7d7d7bc67e31db,2026-11-29T18:00:00Z,Cincinnati Bengals,New Orleans Saints,draftkings,totals,Over,-110,48.5
2026-08-28T01:34:27Z,f7d3ae7a8fe2438cef7d7d7bc67e31db,2026-11-29T18:00:00Z,Cincinnati Bengals,New Orleans Saints,draftkings,totals,Under,-110,48.5
2026-08-28T01:34:27Z,f7d3ae7a8fe2438cef7d7d7bc67e31db,2026-11-29T18:00:00Z,Cincinnati Bengals,New Orleans Saints,betus,spreads,Cincinnati Bengals,-110,-6.5
2026-08-28T01:34:27Z,f7d3ae7a8fe2438cef7d7d7bc67e31db,2026-11-29T18:00:00Z,Cincinnati Bengals,New Orleans Saints,betus,spreads,New Orleans Saints,-110,6.5
2026-08-28T01:34:27Z,f7d3ae7a8fe2438cef7d7d7bc67e31db,2026-11-29T18:00:00Z,Cincinnati Bengals,New Orleans Saints,betus,totals,Over,-110,48.5
2026-08-28T01:34:27Z,f7d3ae7a8fe2438cef7d7d7bc67e31db,2026-11-29T18:00:00Z,Cincinnati Bengals,New Orleans Saints,betus,totals,Under,-110,48.5
2026-08-28T01:34:27Z,eaa993c3d62d6b5aeb6142cdd7862fd5,2026-11-29T18:00:00Z,Cleveland Browns,Las Vegas Raiders,draftkings,spreads,Cleveland Browns,-110,-1.5
2026-08-28T01:34:27Z,eaa993c3d62d6b5aeb6142cdd7862fd5,2026-11-29T18:00:00Z,Cleveland Browns,Las Vegas Raiders,draftkings,spreads,Las Vegas Raiders,-110,1.5
2026-08-28T01:34:27Z,eaa993c3d62d6b5aeb6142cdd7862fd5,2026-11-29T18:00:00Z,Cleveland Browns,Las Vegas Raiders,draftkings,totals,Over,-110,39.5
2026-08-28T01:34:27Z,eaa993c3d62d6b5aeb6142cdd7862fd5,2026-11-29T18:00:00Z,Cleveland Browns,Las Vegas Raiders,draftkings,totals,Under,-110,39.5
2026-08-28T01:34:27Z,e9da808e36e1b7475698a57465ad4519,2026-11-29T18:00:00Z,Indianapolis Colts,New York Giants,draftkings,spreads,Indianapolis Colts,-110,-2.5
2026-08-28T01:34:27Z,e9da808e36e1b7475698a57465ad4519,2026-11-29T18:00:00Z,Indianapolis Colts,New York Giants,draftkings,spreads,New York Giants,-110,2.5
2026-08-28T01:34:27Z,e9da808e36e1b7475698a57465ad4519,2026-11-29T18:00:00Z,Indianapolis Colts,New York Giants,draftkings,totals,Over,-110,47.5
2026-08-28T01:34:27Z,e9da808e36e1b7475698a57465ad4519,2026-11-29T18:00:00Z,Indianapolis Colts,New York Giants,draftkings,totals,Under,-110,47.5
2026-08-28T01:34:27Z,81a8fee5b649a3ad5ad59e9528f2f376,2026-11-29T18:00:00Z,Jacksonville Jaguars,Tennessee Titans,draftkings,spreads,Jacksonville Jaguars,-110,-5.5
2026-08-28T01:34:27Z,81a8fee5b649a3ad5ad59e9528f2f376,2026-11-29T18:00:00Z,Jacksonville Jaguars,Tennessee Titans,draftkings,spreads,Tennessee Titans,-110,5.5
2026-08-28T01:34:27Z,81a8fee5b649a3ad5ad59e9528f2f376,2026-11-29T18:00:00Z,Jacksonville Jaguars,Tennessee Titans,draftkings,totals,Over,-110,45.5
2026-08-28T01:34:27Z,81a8fee5b649a3ad5ad59e9528f2f376,2026-11-29T18:00:00Z,Jacksonville Jaguars,Tennessee Titans,draftkings,totals,Under,-110,45.5
2026-08-28T01:34:27Z,81a8fee5b649a3ad5ad59e9528f2f376,2026-11-29T18:00:00Z,Jacksonville Jaguars,Tennessee Titans,betus,spreads,Jacksonville Jaguars,-110,-5.5
2026-08-28T01:34:27Z,81a8fee5b649a3ad5ad59e9528f2f376,2026-11-29T18:00:00Z,Jacksonville Jaguars,Tennessee Titans,betus,spreads,Tennessee Titans,-110,5.5
2026-08-28T01:34:27Z,81a8fee5b649a3ad5ad59e9528f2f376,2026-11-29T18:00:00Z,Jacksonville Jaguars,Tennessee Titans,betus,totals,Over,-110,45.5
2026-08-28T01:34:27Z,81a8fee5b649a3ad5ad59e9528f2f376,2026-11-29T18:00:00Z,Jacksonville Jaguars,Tennessee Titans,betus,totals,Under,-110,45.5
2026-08-28T01:34:27Z,5ea0e3ea5944b0ad5169f21c0787b331,2026-11-29T18:00:00Z,Miami Dolphins,New York Jets,draftkings,spreads,Miami Dolphins,-110,-1.5
2026-08-28T01:34:27Z,5ea0e3ea5944b0ad5169f21c0787b331,2026-11-29T18:00:00Z,Miami Dolphins,New York Jets,draftkings,spreads,New York Jets,-110,1.5
2026-08-28T01:34:27Z,5ea0e3ea5944b0ad5169f21c0787b331,2026-11-29T18:00:00Z,Miami Dolphins,New York Jets,draftkings,totals,Over,-110,40.5
2026-08-28T01:34:27Z,5ea0e3ea5944b0ad5169f21c0787b331,2026-11-29T18:00:00Z,Miami Dolphins,New York Jets,draftkings,totals,Under,-110,40.5
2026-08-28T01:34:27Z,69a1dbe9de3d3212c3a7a55be5d204ab,2026-11-29T21:25:00Z,Arizona Cardinals,Washington Commanders,draftkings,spreads,Arizona Cardinals,-110,4.5
2026-08-28T01:34:27Z,69a1dbe9de3d3212c3a7a55be5d204ab,2026-11-29T21:25:00Z,Arizona Cardinals,Washington Commanders,draftkings,spreads,Washington Commanders,-110,-4.5
2026-08-28T01:34:27Z,69a1dbe9de3d3212c3a7a55be5d204ab,2026-11-29T21:25:00Z,Arizona Cardinals,Washington Commanders,draftkings,totals,Over,-110,47.5
2026-08-28T01:34:27Z,69a1dbe9de3d3212c3a7a55be5d204ab,2026-11-29T21:25:00Z,Arizona Cardinals,Washington Commanders,draftkings,totals,Under,-110,47.5
2026-08-28T01:34:27Z,69a1dbe9de3d3212c3a7a55be5d204ab,2026-11-29T21:25:00Z,Arizona Cardinals,Washington Commanders,betus,spreads,Arizona Cardinals,-110,4.5
2026-08-28T01:34:27Z,69a1dbe9de3d3212c3a7a55be5d204ab,2026-11-29T21:25:00Z,Arizona Cardinals,Washington Commanders,betus,spreads,Washington Commanders,-110,-4.5
2026-08-28T01:34:27Z,69a1dbe9de3d3212c3a7a55be5d204ab,2026-11-29T21:25:00Z,Arizona Cardinals,Washington Commanders,betus,totals,Over,-110,47.5
2026-08-28T01:34:27Z,69a1dbe9de3d3212c3a7a55be5d204ab,2026-11-29T21:25:00Z,Arizona Cardinals,Washington Commanders,betus,totals,Under,-110,47.5
2026-08-28T01:34:27Z,d68dced0b26726890b9c79bd19a5ffe5,2026-11-29T21:25:00Z,San Francisco 49ers,Seattle Seahawks,draftkings,spreads,San Francisco 49ers,-125,1.5
2026-08-28T01:34:27Z,d68dced0b26726890b9c79bd19a5ffe5,2026-11-29T21:25:00Z,San Francisco 49ers,Seattle Seahawks,draftkings,spreads,Seattle Seahawks,105,-1.5
2026-08-28T01:34:27Z,d68dced0b26726890b9c79bd19a5ffe5,2026-11-29T21:25:00Z,San Francisco 49ers,Seattle Seahawks,draftkings,totals,Over,-110,46.5
2026-08-28T01:34:27Z,d68dced0b26726890b9c79bd19a5ffe5,2026-11-29T21:25:00Z,San Francisco 49ers,Seattle Seahawks,draftkings,totals,Under,-110,46.5
2026-08-28T01:34:27Z,d68dced0b26726890b9c79bd19a5ffe5,2026-11-29T21:25:00Z,San Francisco 49ers,Seattle Seahawks,betus,spreads,San Francisco 49ers,100,-1.5
2026-08-28T01:34:27Z,d68dced0b26726890b9c79bd19a5ffe5,2026-11-29T21:25:00Z,San Francisco 49ers,Seattle Seahawks,betus,spreads,Seattle Seahawks,-120,1.5
2026-08-28T01:34:27Z,d68dced0b26726890b9c79bd19a5ffe5,2026-11-29T21:25:00Z,San Francisco 49ers,Seattle Seahawks,betus,totals,Over,-110,46.5
2026-08-28T01:34:27Z,d68dced0b26726890b9c79bd19a5ffe5,2026-11-29T21:25:00Z,San Francisco 49ers,Seattle Seahawks,betus,totals,Under,-110,46.5
2026-08-28T01:34:27Z,c64ceba13ede564e8658693e3171e7f9,2026-11-30T01:20:00Z,Los Angeles Chargers,New England Patriots,draftkings,spreads,Los Angeles Chargers,-110,-1.5
2026-08-28T01:34:27Z,c64ceba13ede564e8658693e3171e7f9,2026-11-30T01:20:00Z,Los Angeles Chargers,New England Patriots,draftkings,spreads,New England Patriots,-110,1.5
2026-08-28T01:34:27Z,c64ceba13ede564e8658693e3171e7f9,2026-11-30T01:20:00Z,Los Angeles Chargers,New England Patriots,draftkings,totals,Over,-110,45.5
2026-08-28T01:34:27Z,c64ceba13ede564e8658693e3171e7f9,2026-11-30T01:20:00Z,Los Angeles Chargers,New England Patriots,draftkings,totals,Under,-110,45.5
2026-08-28T01:34:27Z,c64ceba13ede564e8658693e3171e7f9,2026-11-30T01:20:00Z,Los Angeles Chargers,New England Patriots,betus,spreads,Los Angeles Chargers,-110,-2.5
2026-08-28T01:34:27Z,c64ceba13ede564e8658693e3171e7f9,2026-11-30T01:20:00Z,Los Angeles Chargers,New England Patriots,betus,spreads,New England Patriots,-110,2.5
2026-08-28T01:34:27Z,c64ceba13ede564e8658693e3171e7f9,2026-11-30T01:20:00Z,Los Angeles Chargers,New England Patriots,betus,totals,Over,-110,45.5
2026-08-28T01:34:27Z,c64ceba13ede564e8658693e3171e7f9,2026-11-30T01:20:00Z,Los Angeles Chargers,New England Patriots,betus,totals,Under,-110,45.5
2026-08-28T01:34:27Z,2cdaecba7c0bff9b58a48a82e6ee17a7,2026-12-01T01:15:00Z,Tampa Bay Buccaneers,Carolina Panthers,draftkings,spreads,Carolina Panthers,-110,3.5
2026-08-28T01:34:27Z,2cdaecba7c0bff9b58a48a82e6ee17a7,2026-12-01T01:15:00Z,Tampa Bay Buccaneers,Carolina Panthers,draftkings,spreads,Tampa Bay Buccaneers,-110,-3.5
2026-08-28T01:34:27Z,2cdaecba7c0bff9b58a48a82e6ee17a7,2026-12-01T01:15:00Z,Tampa Bay Buccaneers,Carolina Panthers,draftkings,totals,Over,-110,44.5
2026-08-28T01:34:27Z,2cdaecba7c0bff9b58a48a82e6ee17a7,2026-12-01T01:15:00Z,Tampa Bay Buccaneers,Carolina Panthers,draftkings,totals,Under,-110,44.5
2026-08-28T01:34:27Z,2cdaecba7c0bff9b58a48a82e6ee17a7,2026-12-01T01:15:00Z,Tampa Bay Buccaneers,Carolina Panthers,betus,spreads,Carolina Panthers,-110,3.5
2026-08-28T01:34:27Z,2cdaecba7c0bff9b58a48a82e6ee17a7,2026-12-01T01:15:00Z,Tampa Bay Buccaneers,Carolina Panthers,betus,spreads,Tampa Bay Buccaneers,-110,-3.5
2026-08-28T01:34:27Z,2cdaecba7c0bff9b58a48a82e6ee17a7,2026-12-01T01:15:00Z,Tampa Bay Buccaneers,Carolina Panthers,betus,totals,Over,-110,44.5
2026-08-28T01:34:27Z,2cdaecba7c0bff9b58a48a82e6ee17a7,2026-12-01T01:15:00Z,Tampa Bay Buccaneers,Carolina Panthers,betus,totals,Under,-110,44.5
2026-08-28T01:34:27Z,06e52a676b516186989e3b181a37c8a7,2026-12-04T01:15:00Z,Los Angeles Rams,Kansas City Chiefs,draftkings,spreads,Kansas City Chiefs,-118,4.5
2026-08-28T01:34:27Z,06e52a676b516186989e3b181a37c8a7,2026-12-04T01:15:00Z,Los Angeles Rams,Kansas City Chiefs,draftkings,spreads,Los Angeles Rams,-102,-4.5
2026-08-28T01:34:27Z,06e52a676b516186989e3b181a37c8a7,2026-12-04T01:15:00Z,Los Angeles Rams,Kansas City Chiefs,draftkings,totals,Over,-110,47.5
2026-08-28T01:34:27Z,06e52a676b516186989e3b181a37c8a7,2026-12-04T01:15:00Z,Los Angeles Rams,Kansas City Chiefs,draftkings,totals,Under,-110,47.5
2026-08-28T01:34:27Z,c94419ba8fb818fc36a5b21b526aab75,2026-12-06T18:00:00Z,Atlanta Falcons,Detroit Lions,draftkings,spreads,Atlanta Falcons,-110,3.5
2026-08-28T01:34:27Z,c94419ba8fb818fc36a5b21b526aab75,2026-12-06T18:00:00Z,Atlanta Falcons,Detroit Lions,draftkings,spreads,Detroit Lions,-110,-3.5
2026-08-28T01:34:27Z,c94419ba8fb818fc36a5b21b526aab75,2026-12-06T18:00:00Z,Atlanta Falcons,Detroit Lions,draftkings,totals,Over,-110,48.5
2026-08-28T01:34:27Z,c94419ba8fb818fc36a5b21b526aab75,2026-12-06T18:00:00Z,Atlanta Falcons,Detroit Lions,draftkings,totals,Under,-110,48.5
2026-08-28T01:34:27Z,0236f9aa68d65ea03bd1ca025b749c20,2026-12-06T18:00:00Z,Chicago Bears,Jacksonville Jaguars,draftkings,spreads,Chicago Bears,-105,-3.0
2026-08-28T01:34:27Z,0236f9aa68d65ea03bd1ca025b749c20,2026-12-06T18:00:00Z,Chicago Bears,Jacksonville Jaguars,draftkings,spreads,Jacksonville Jaguars,-115,3.0
2026-08-28T01:34:27Z,0236f9aa68d65ea03bd1ca025b749c20,2026-12-06T18:00:00Z,Chicago Bears,Jacksonville Jaguars,draftkings,totals,Over,-110,47.5
2026-08-28T01:34:27Z,0236f9aa68d65ea03bd1ca025b749c20,2026-12-06T18:00:00Z,Chicago Bears,Jacksonville Jaguars,draftkings,totals,Under,-110,47.5
2026-08-28T01:34:27Z,b447fab53534af892f98a74eae26c1c6,2026-12-06T18:00:00Z,Cleveland Browns,Cincinnati Bengals,draftkings,spreads,Cincinnati Bengals,-110,-4.5
2026-08-28T01:34:27Z,b447fab53534af892f98a74eae26c1c6,2026-12-06T18:00:00Z,Cleveland Browns,Cincinnati Bengals,draftkings,spreads,Cleveland Browns,-110,4.5
2026-08-28T01:34:27Z,b447fab53534af892f98a74eae26c1c6,2026-12-06T18:00:00Z,Cleveland Browns,Cincinnati Bengals,draftkings,totals,Over,-110,45.5
2026-08-28T01:34:27Z,b447fab53534af892f98a74eae26c1c6,2026-12-06T18:00:00Z,Cleveland Browns,Cincinnati Bengals,draftkings,totals,Under,-110,45.5
2026-08-28T01:34:27Z,9a55467e1cd6310ae2af20d8154612e1,2026-12-06T18:00:00Z,Denver Broncos,Miami Dolphins,draftkings,spreads,Denver Broncos,-110,-9.5
2026-08-28T01:34:27Z,9a55467e1cd6310ae2af20d8154612e1,2026-12-06T18:00:00Z,Denver Broncos,Miami Dolphins,draftkings,spreads,Miami Dolphins,-110,9.5
2026-08-28T01:34:27Z,9a55467e1cd6310ae2af20d8154612e1,2026-12-06T18:00:00Z,Denver Broncos,Miami Dolphins,draftkings,totals,Over,-110,42.5
2026-08-28T01:34:27Z,9a55467e1cd6310ae2af20d8154612e1,2026-12-06T18:00:00Z,Denver Broncos,Miami Dolphins,draftkings,totals,Under,-110,42.5
2026-08-28T01:34:27Z,1ccb61b811b7aae4270df22a67e6459f,2026-12-06T18:00:00Z,New Orleans Saints,Green Bay Packers,draftkings,spreads,Green Bay Packers,-110,-4.5
2026-08-28T01:34:27Z,1ccb61b811b7aae4270df22a67e6459f,2026-12-06T18:00:00Z,New Orleans Saints,Green Bay Packers,draftkings,spreads,New Orleans Saints,-110,4.5
2026-08-28T01:34:27Z,1ccb61b811b7aae4270df22a67e6459f,2026-12-06T18:00:00Z,New Orleans Saints,Green Bay Packers,draftkings,totals,Over,-110,45.5
2026-08-28T01:34:27Z,1ccb61b811b7aae4270df22a67e6459f,2026-12-06T18:00:00Z,New Orleans Saints,Green Bay Packers,draftkings,totals,Under,-110,45.5
2026-08-28T01:34:27Z,1ccb61b811b7aae4270df22a67e6459f,2026-12-06T18:00:00Z,New Orleans Saints,Green Bay Packers,betus,spreads,Green Bay Packers,-110,-4.5
2026-08-28T01:34:27Z,1ccb61b811b7aae4270df22a67e6459f,2026-12-06T18:00:00Z,New Orleans Saints,Green Bay Packers,betus,spreads,New Orleans Saints,-110,4.5
2026-08-28T01:34:27Z,1ccb61b811b7aae4270df22a67e6459f,2026-12-06T18:00:00Z,New Orleans Saints,Green Bay Packers,betus,totals,Over,-110,45.5
2026-08-28T01:34:27Z,1ccb61b811b7aae4270df22a67e6459f,2026-12-06T18:00:00Z,New Orleans Saints,Green Bay Packers,betus,totals,Under,-110,45.5
2026-08-28T01:34:27Z,f8a92363386bd337975650879086cca6,2026-12-06T18:00:00Z,Tampa Bay Buccaneers,Los Angeles Chargers,draftkings,spreads,Los Angeles Chargers,-110,-2.5
2026-08-28T01:34:27Z,f8a92363386bd337975650879086cca6,2026-12-06T18:00:00Z,Tampa Bay Buccaneers,Los Angeles Chargers,draftkings,spreads,Tampa Bay Buccaneers,-110,2.5
2026-08-28T01:34:27Z,f8a92363386bd337975650879086cca6,2026-12-06T18:00:00Z,Tampa Bay Buccaneers,Los Angeles Chargers,draftkings,totals,Over,-110,46.5
2026-08-28T01:34:27Z,f8a92363386bd337975650879086cca6,2026-12-06T18:00:00Z,Tampa Bay Buccaneers,Los Angeles Chargers,draftkings,totals,Under,-110,46.5
2026-08-28T01:34:27Z,f8a92363386bd337975650879086cca6,2026-12-06T18:00:00Z,Tampa Bay Buccaneers,Los Angeles Chargers,betus,spreads,Los Angeles Chargers,-110,-1.5
2026-08-28T01:34:27Z,f8a92363386bd337975650879086cca6,2026-12-06T18:00:00Z,Tampa Bay Buccaneers,Los Angeles Chargers,betus,spreads,Tampa Bay Buccaneers,-110,1.5
2026-08-28T01:34:27Z,f8a92363386bd337975650879086cca6,2026-12-06T18:00:00Z,Tampa Bay Buccaneers,Los Angeles Chargers,betus,totals,Over,-110,46.5
2026-08-28T01:34:27Z,f8a92363386bd337975650879086cca6,2026-12-06T18:00:00Z,Tampa Bay Buccaneers,Los Angeles Chargers,betus,totals,Under,-110,46.5
2026-08-28T01:34:27Z,a5495c3360b3bb13da76ba23a675c9ef,2026-12-06T18:00:00Z,New York Giants,San Francisco 49ers,draftkings,spreads,New York Giants,-110,3.0
2026-08-28T01:34:27Z,a5495c3360b3bb13da76ba23a675c9ef,2026-12-06T18:00:00Z,New York Giants,San Francisco 49ers,draftkings,spreads,San Francisco 49ers,-110,-3.0
2026-08-28T01:34:27Z,a5495c3360b3bb13da76ba23a675c9ef,2026-12-06T18:00:00Z,New York Giants,San Francisco 49ers,draftkings,totals,Over,-110,47.5
2026-08-28T01:34:27Z,a5495c3360b3bb13da76ba23a675c9ef,2026-12-06T18:00:00Z,New York Giants,San Francisco 49ers,draftkings,totals,Under,-110,47.5
2026-08-28T01:34:27Z,ae3429e95ee704c7fd001cade20072d0,2026-12-06T18:00:00Z,Tennessee Titans,Washington Commanders,draftkings,spreads,Tennessee Titans,-110,1.5
2026-08-28T01:34:27Z,ae3429e95ee704c7fd001cade20072d0,2026-12-06T18:00:00Z,Tennessee Titans,Washington Commanders,draftkings,spreads,Washington Commanders,-110,-1.5
2026-08-28T01:34:27Z,ae3429e95ee704c7fd001cade20072d0,2026-12-06T18:00:00Z,Tennessee Titans,Washington Commanders,draftkings,totals,Over,-110,46.5
2026-08-28T01:34:27Z,ae3429e95ee704c7fd001cade20072d0,2026-12-06T18:00:00Z,Tennessee Titans,Washington Commanders,draftkings,totals,Under,-110,46.5
2026-08-28T01:34:27Z,ae3429e95ee704c7fd001cade20072d0,2026-12-06T18:00:00Z,Tennessee Titans,Washington Commanders,betus,spreads,Tennessee Titans,-120,1.5
2026-08-28T01:34:27Z,ae3429e95ee704c7fd001cade20072d0,2026-12-06T18:00:00Z,Tennessee Titans,Washington Commanders,betus,spreads,Washington Commanders,100,-1.5
2026-08-28T01:34:27Z,ae3429e95ee704c7fd001cade20072d0,2026-12-06T18:00:00Z,Tennessee Titans,Washington Commanders,betus,totals,Over,-110,46.5
2026-08-28T01:34:27Z,ae3429e95ee704c7fd001cade20072d0,2026-12-06T18:00:00Z,Tennessee Titans,Washington Commanders,betus,totals,Under,-110,46.5
2026-08-28T01:34:27Z,f4897f48a5351881280f7598bd826408,2026-12-06T21:05:00Z,Arizona Cardinals,Philadelphia Eagles,draftkings,spreads,Arizona Cardinals,-110,8.5
2026-08-28T01:34:27Z,f4897f48a5351881280f7598bd826408,2026-12-06T21:05:00Z,Arizona Cardinals,Philadelphia Eagles,draftkings,spreads,Philadelphia Eagles,-110,-8.5
2026-08-28T01:34:27Z,f4897f48a5351881280f7598bd826408,2026-12-06T21:05:00Z,Arizona Cardinals,Philadelphia Eagles,draftkings,totals,Over,-110,43.5
2026-08-28T01:34:27Z,f4897f48a5351881280f7598bd826408,2026-12-06T21:05:00Z,Arizona Cardinals,Philadelphia Eagles,draftkings,totals,Under,-110,43.5
2026-08-28T01:34:27Z,f4897f48a5351881280f7598bd826408,2026-12-06T21:05:00Z,Arizona Cardinals,Philadelphia Eagles,betus,spreads,Arizona Cardinals,-110,8.5
2026-08-28T01:34:27Z,f4897f48a5351881280f7598bd826408,2026-12-06T21:05:00Z,Arizona Cardinals,Philadelphia Eagles,betus,spreads,Philadelphia Eagles,-110,-8.5
2026-08-28T01:34:27Z,f4897f48a5351881280f7598bd826408,2026-12-06T21:05:00Z,Arizona Cardinals,Philadelphia Eagles,betus,totals,Over,-110,43.5
2026-08-28T01:34:27Z,f4897f48a5351881280f7598bd826408,2026-12-06T21:05:00Z,Arizona Cardinals,Philadelphia Eagles,betus,totals,Under,-110,43.5
2026-08-28T01:34:27Z,4116dbff75ab7957b69c2152f204b74d,2026-12-06T21:25:00Z,New England Patriots,Buffalo Bills,draftkings,spreads,Buffalo Bills,-112,1.5
2026-08-28T01:34:27Z,4116dbff75ab7957b69c2152f204b74d,2026-12-06T21:25:00Z,New England Patriots,Buffalo Bills,draftkings,spreads,New England Patriots,-108,-1.5
2026-08-28T01:34:27Z,4116dbff75ab7957b69c2152f204b74d,2026-12-06T21:25:00Z,New England Patriots,Buffalo Bills,draftkings,totals,Over,-110,48.5
2026-08-28T01:34:27Z,4116dbff75ab7957b69c2152f204b74d,2026-12-06T21:25:00Z,New England Patriots,Buffalo Bills,draftkings,totals,Under,-110,48.5
2026-08-28T01:34:27Z,c186c605febd6370b292469c9151cfb3,2026-12-06T21:25:00Z,Minnesota Vikings,Carolina Panthers,draftkings,spreads,Carolina Panthers,-110,3.5
2026-08-28T01:34:27Z,c186c605febd6370b292469c9151cfb3,2026-12-06T21:25:00Z,Minnesota Vikings,Carolina Panthers,draftkings,spreads,Minnesota Vikings,-110,-3.5
2026-08-28T01:34:27Z,c186c605febd6370b292469c9151cfb3,2026-12-06T21:25:00Z,Minnesota Vikings,Carolina Panthers,draftkings,totals,Over,-110,42.5
2026-08-28T01:34:27Z,c186c605febd6370b292469c9151cfb3,2026-12-06T21:25:00Z,Minnesota Vikings,Carolina Panthers,draftkings,totals,Under,-110,42.5
2026-08-28T01:34:27Z,c186c605febd6370b292469c9151cfb3,2026-12-06T21:25:00Z,Minnesota Vikings,Carolina Panthers,betus,spreads,Carolina Panthers,-110,3.5
2026-08-28T01:34:27Z,c186c605febd6370b292469c9151cfb3,2026-12-06T21:25:00Z,Minnesota Vikings,Carolina Panthers,betus,spreads,Minnesota Vikings,-110,-3.5
2026-08-28T01:34:27Z,c186c605febd6370b292469c9151cfb3,2026-12-06T21:25:00Z,Minnesota Vikings,Carolina Panthers,betus,totals,Over,-110,42.5
2026-08-28T01:34:27Z,c186c605febd6370b292469c9151cfb3,2026-12-06T21:25:00Z,Minnesota Vikings,Carolina Panthers,betus,totals,Under,-110,42.5
2026-08-28T01:34:27Z,26bf8e165d2d273ed0772a355f07ab16,2026-12-07T01:20:00Z,Pittsburgh Steelers,Houston Texans,draftkings,spreads,Houston Texans,-110,-1.5
2026-08-28T01:34:27Z,26bf8e165d2d273ed0772a355f07ab16,2026-12-07T01:20:00Z,Pittsburgh Steelers,Houston Texans,draftkings,spreads,Pittsburgh Steelers,-110,1.5
2026-08-28T01:34:27Z,26bf8e165d2d273ed0772a355f07ab16,2026-12-07T01:20:00Z,Pittsburgh Steelers,Houston Texans,draftkings,totals,Over,-110,41.5
2026-08-28T01:34:27Z,26bf8e165d2d273ed0772a355f07ab16,2026-12-07T01:20:00Z,Pittsburgh Steelers,Houston Texans,draftkings,totals,Under,-110,41.5
2026-08-28T01:34:27Z,0db4646c964ecdff19957373fe707546,2026-12-08T01:15:00Z,Seattle Seahawks,Dallas Cowboys,draftkings,spreads,Dallas Cowboys,-110,4.5
2026-08-28T01:34:27Z,0db4646c964ecdff19957373fe707546,2026-12-08T01:15:00Z,Seattle Seahawks,Dallas Cowboys,draftkings,spreads,Seattle Seahawks,-110,-4.5
2026-08-28T01:34:27Z,0db4646c964ecdff19957373fe707546,2026-12-08T01:15:00Z,Seattle Seahawks,Dallas Cowboys,draftkings,totals,Over,-110,48.5
2026-08-28T01:34:27Z,0db4646c964ecdff19957373fe707546,2026-12-08T01:15:00Z,Seattle Seahawks,Dallas Cowboys,draftkings,totals,Under,-110,48.5
2026-08-28T01:34:27Z,01548e41e7ba5318bb25c9bc2a32f73d,2026-12-11T01:15:00Z,New England Patriots,Minnesota Vikings,draftkings,spreads,Minnesota Vikings,-110,4.5
2026-08-28T01:34:27Z,01548e41e7ba5318bb25c9bc2a32f73d,2026-12-11T01:15:00Z,New England Patriots,Minnesota Vikings,draftkings,spreads,New England Patriots,-110,-4.5
2026-08-28T01:34:27Z,01548e41e7ba5318bb25c9bc2a32f73d,2026-12-11T01:15:00Z,New England Patriots,Minnesota Vikings,draftkings,totals,Over,-110,43.5
2026-08-28T01:34:27Z,01548e41e7ba5318bb25c9bc2a32f73d,2026-12-11T01:15:00Z,New England Patriots,Minnesota Vikings,draftkings,totals,Under,-110,43.5
2026-08-28T01:34:27Z,01548e41e7ba5318bb25c9bc2a32f73d,2026-12-11T01:15:00Z,New England Patriots,Minnesota Vikings,betus,spreads,Minnesota Vikings,-110,4.5
2026-08-28T01:34:27Z,01548e41e7ba5318bb25c9bc2a32f73d,2026-12-11T01:15:00Z,New England Patriots,Minnesota Vikings,betus,spreads,New England Patriots,-110,-4.5
2026-08-28T01:34:27Z,01548e41e7ba5318bb25c9bc2a32f73d,2026-12-11T01:15:00Z,New England Patriots,Minnesota Vikings,betus,totals,Over,-110,43.5
2026-08-28T01:34:27Z,01548e41e7ba5318bb25c9bc2a32f73d,2026-12-11T01:15:00Z,New England Patriots,Minnesota Vikings,betus,totals,Under,-110,43.5
2026-08-28T01:34:27Z,f7fba6b1804e02292ee0ce4738484258,2026-12-13T18:00:00Z,Cleveland Browns,Atlanta Falcons,draftkings,spreads,Atlanta Falcons,-110,1.5
2026-08-28T01:34:27Z,f7fba6b1804e02292ee0ce4738484258,2026-12-13T18:00:00Z,Cleveland Browns,Atlanta Falcons,draftkings,spreads,Cleveland Browns,-110,-1.5
2026-08-28T01:34:27Z,f7fba6b1804e02292ee0ce4738484258,2026-12-13T18:00:00Z,Cleveland Browns,Atlanta Falcons,draftkings,totals,Over,-110,40.5
2026-08-28T01:34:27Z,f7fba6b1804e02292ee0ce4738484258,2026-12-13T18:00:00Z,Cleveland Browns,Atlanta Falcons,draftkings,totals,Under,-110,40.5
2026-08-28T01:34:27Z,bec99e2f2b4c80e345731d69ee38d831,2026-12-13T18:00:00Z,Baltimore Ravens,Tampa Bay Buccaneers,draftkings,spreads,Baltimore Ravens,-110,-6.0
2026-08-28T01:34:27Z,bec99e2f2b4c80e345731d69ee38d831,2026-12-13T18:00:00Z,Baltimore Ravens,Tampa Bay Buccaneers,draftkings,spreads,Tampa Bay Buccaneers,-110,6.0
2026-08-28T01:34:27Z,bec99e2f2b4c80e345731d69ee38d831,2026-12-13T18:00:00Z,Baltimore Ravens,Tampa Bay Buccaneers,draftkings,totals,Over,-110,48.5
2026-08-28T01:34:27Z,bec99e2f2b4c80e345731d69ee38d831,2026-12-13T18:00:00Z,Baltimore Ravens,Tampa Bay Buccaneers,draftkings,totals,Under,-110,48.5
2026-08-28T01:34:27Z,bec99e2f2b4c80e345731d69ee38d831,2026-12-13T18:00:00Z,Baltimore Ravens,Tampa Bay Buccaneers,betus,spreads,Baltimore Ravens,-110,-6.0
2026-08-28T01:34:27Z,bec99e2f2b4c80e345731d69ee38d831,2026-12-13T18:00:00Z,Baltimore Ravens,Tampa Bay Buccaneers,betus,spreads,Tampa Bay Buccaneers,-110,6.0
2026-08-28T01:34:27Z,bec99e2f2b4c80e345731d69ee38d831,2026-12-13T18:00:00Z,Baltimore Ravens,Tampa Bay Buccaneers,betus,totals,Over,-110,48.5
2026-08-28T01:34:27Z,bec99e2f2b4c80e345731d69ee38d831,2026-12-13T18:00:00Z,Baltimore Ravens,Tampa Bay Buccaneers,betus,totals,Under,-110,48.5
2026-08-28T01:34:27Z,dcc7b377d3b3ec990304612bbef47d3d,2026-12-13T18:00:00Z,Carolina Panthers,New Orleans Saints,draftkings,spreads,Carolina Panthers,-110,-2.5
2026-08-28T01:34:27Z,dcc7b377d3b3ec990304612bbef47d3d,2026-12-13T18:00:00Z,Carolina Panthers,New Orleans Saints,draftkings,spreads,New Orleans Saints,-110,2.5
2026-08-28T01:34:27Z,dcc7b377d3b3ec990304612bbef47d3d,2026-12-13T18:00:00Z,Carolina Panthers,New Orleans Saints,draftkings,totals,Over,-110,43.5
2026-08-28T01:34:27Z,dcc7b377d3b3ec990304612bbef47d3d,2026-12-13T18:00:00Z,Carolina Panthers,New Orleans Saints,draftkings,totals,Under,-110,43.5
2026-08-28T01:34:27Z,dcc7b377d3b3ec990304612bbef47d3d,2026-12-13T18:00:00Z,Carolina Panthers,New Orleans Saints,betus,spreads,Carolina Panthers,-110,-2.5
2026-08-28T01:34:27Z,dcc7b377d3b3ec990304612bbef47d3d,2026-12-13T18:00:00Z,Carolina Panthers,New Orleans Saints,betus,spreads,New Orleans Saints,-110,2.5
2026-08-28T01:34:27Z,dcc7b377d3b3ec990304612bbef47d3d,2026-12-13T18:00:00Z,Carolina Panthers,New Orleans Saints,betus,totals,Over,-110,43.5
2026-08-28T01:34:27Z,dcc7b377d3b3ec990304612bbef47d3d,2026-12-13T18:00:00Z,Carolina Panthers,New Orleans Saints,betus,totals,Under,-110,43.5
2026-08-28T01:34:27Z,2c6added7199a59f1e9dae8492c29da4,2026-12-13T18:00:00Z,Miami Dolphins,Chicago Bears,draftkings,spreads,Chicago Bears,-110,-5.5
2026-08-28T01:34:27Z,2c6added7199a59f1e9dae8492c29da4,2026-12-13T18:00:00Z,Miami Dolphins,Chicago Bears,draftkings,spreads,Miami Dolphins,-110,5.5
2026-08-28T01:34:27Z,2c6added7199a59f1e9dae8492c29da4,2026-12-13T18:00:00Z,Miami Dolphins,Chicago Bears,draftkings,totals,Over,-110,46.5
2026-08-28T01:34:27Z,2c6added7199a59f1e9dae8492c29da4,2026-12-13T18:00:00Z,Miami Dolphins,Chicago Bears,draftkings,totals,Under,-110,46.5
2026-08-28T01:34:27Z,5185ace33aebc87d39074147940f2fa5,2026-12-13T18:00:00Z,New York Jets,Denver Broncos,draftkings,spreads,Denver Broncos,-110,-5.5
2026-08-28T01:34:27Z,5185ace33aebc87d39074147940f2fa5,2026-12-13T18:00:00Z,New York Jets,Denver Broncos,draftkings,spreads,New York Jets,-110,5.5
2026-08-28T01:34:27Z,5185ace33aebc87d39074147940f2fa5,2026-12-13T18:00:00Z,New York Jets,Denver Broncos,draftkings,totals,Over,-110,39.5
2026-08-28T01:34:27Z,5185ace33aebc87d39074147940f2fa5,2026-12-13T18:00:00Z,New York Jets,Denver Broncos,draftkings,totals,Under,-110,39.5
2026-08-28T01:34:27Z,a31f461ccd92e1072f23ccfae281ae9a,2026-12-13T18:00:00Z,Detroit Lions,Tennessee Titans,draftkings,spreads,Detroit Lions,-110,-7.5
2026-08-28T01:34:27Z,a31f461ccd92e1072f23ccfae281ae9a,2026-12-13T18:00:00Z,Detroit Lions,Tennessee Titans,draftkings,spreads,Tennessee Titans,-110,7.5
2026-08-28T01:34:27Z,a31f461ccd92e1072f23ccfae281ae9a,2026-12-13T18:00:00Z,Detroit Lions,Tennessee Titans,draftkings,totals,Over,-110,47.5
2026-08-28T01:34:27Z,a31f461ccd92e1072f23ccfae281ae9a,2026-12-13T18:00:00Z,Detroit Lions,Tennessee Titans,draftkings,totals,Under,-110,47.5
2026-08-28T01:34:27Z,5dc9cb8fba610d682dc670ae4e7d59f3,2026-12-13T18:00:00Z,Washington Commanders,Houston Texans,draftkings,spreads,Houston Texans,-110,-1.5
2026-08-28T01:34:27Z,5dc9cb8fba610d682dc670ae4e7d59f3,2026-12-13T18:00:00Z,Washington Commanders,Houston Texans,draftkings,spreads,Washington Commanders,-110,1.5
2026-08-28T01:34:27Z,5dc9cb8fba610d682dc670ae4e7d59f3,2026-12-13T18:00:00Z,Washington Commanders,Houston Texans,draftkings,totals,Over,-110,44.5
2026-08-28T01:34:27Z,5dc9cb8fba610d682dc670ae4e7d59f3,2026-12-13T18:00:00Z,Washington Commanders,Houston Texans,draftkings,totals,Under,-110,44.5
2026-08-28T01:34:27Z,45203f985f8d1567ad19b0617dd267f8,2026-12-13T18:00:00Z,Philadelphia Eagles,Indianapolis Colts,draftkings,spreads,Indianapolis Colts,-110,5.5
2026-08-28T01:34:27Z,45203f985f8d1567ad19b0617dd267f8,2026-12-13T18:00:00Z,Philadelphia Eagles,Indianapolis Colts,draftkings,spreads,Philadelphia Eagles,-110,-5.5
2026-08-28T01:34:27Z,45203f985f8d1567ad19b0617dd267f8,2026-12-13T18:00:00Z,Philadelphia Eagles,Indianapolis Colts,draftkings,totals,Over,-110,46.5
2026-08-28T01:34:27Z,45203f985f8d1567ad19b0617dd267f8,2026-12-13T18:00:00Z,Philadelphia Eagles,Indianapolis Colts,draftkings,totals,Under,-110,46.5
2026-08-28T01:34:27Z,45203f985f8d1567ad19b0617dd267f8,2026-12-13T18:00:00Z,Philadelphia Eagles,Indianapolis Colts,betus,spreads,Indianapolis Colts,-110,5.5
2026-08-28T01:34:27Z,45203f985f8d1567ad19b0617dd267f8,2026-12-13T18:00:00Z,Philadelphia Eagles,Indianapolis Colts,betus,spreads,Philadelphia Eagles,-110,-5.5
2026-08-28T01:34:27Z,45203f985f8d1567ad19b0617dd267f8,2026-12-13T18:00:00Z,Philadelphia Eagles,Indianapolis Colts,betus,totals,Over,-110,46.5
2026-08-28T01:34:27Z,45203f985f8d1567ad19b0617dd267f8,2026-12-13T18:00:00Z,Philadelphia Eagles,Indianapolis Colts,betus,totals,Under,-110,46.5
2026-08-28T01:34:27Z,484c491dc1dee090d740ba077b7d9709,2026-12-13T21:05:00Z,Las Vegas Raiders,Los Angeles Chargers,draftkings,spreads,Las Vegas Raiders,-110,5.5
2026-08-28T01:34:27Z,484c491dc1dee090d740ba077b7d9709,2026-12-13T21:05:00Z,Las Vegas Raiders,Los Angeles Chargers,draftkings,spreads,Los Angeles Chargers,-110,-5.5
2026-08-28T01:34:27Z,484c491dc1dee090d740ba077b7d9709,2026-12-13T21:05:00Z,Las Vegas Raiders,Los Angeles Chargers,draftkings,totals,Over,-110,43.5
2026-08-28T01:34:27Z,484c491dc1dee090d740ba077b7d9709,2026-12-13T21:05:00Z,Las Vegas Raiders,Los Angeles Chargers,draftkings,totals,Under,-110,43.5
2026-08-28T01:34:27Z,180b5fa7ea6bd0d2d9ddb9ba5ee38cc0,2026-12-13T21:25:00Z,Cincinnati Bengals,Kansas City Chiefs,draftkings,spreads,Cincinnati Bengals,-110,-1.5
2026-08-28T01:34:27Z,180b5fa7ea6bd0d2d9ddb9ba5ee38cc0,2026-12-13T21:25:00Z,Cincinnati Bengals,Kansas City Chiefs,draftkings,spreads,Kansas City Chiefs,-110,1.5
2026-08-28T01:34:27Z,180b5fa7ea6bd0d2d9ddb9ba5ee38cc0,2026-12-13T21:25:00Z,Cincinnati Bengals,Kansas City Chiefs,draftkings,totals,Over,-110,48.5
2026-08-28T01:34:27Z,180b5fa7ea6bd0d2d9ddb9ba5ee38cc0,2026-12-13T21:25:00Z,Cincinnati Bengals,Kansas City Chiefs,draftkings,totals,Under,-110,48.5
2026-08-28T01:34:27Z,180b5fa7ea6bd0d2d9ddb9ba5ee38cc0,2026-12-13T21:25:00Z,Cincinnati Bengals,Kansas City Chiefs,betus,spreads,Cincinnati Bengals,100,-1.5
2026-08-28T01:34:27Z,180b5fa7ea6bd0d2d9ddb9ba5ee38cc0,2026-12-13T21:25:00Z,Cincinnati Bengals,Kansas City Chiefs,betus,spreads,Kansas City Chiefs,-120,1.5
2026-08-28T01:34:27Z,180b5fa7ea6bd0d2d9ddb9ba5ee38cc0,2026-12-13T21:25:00Z,Cincinnati Bengals,Kansas City Chiefs,betus,totals,Over,-110,48.5
2026-08-28T01:34:27Z,180b5fa7ea6bd0d2d9ddb9ba5ee38cc0,2026-12-13T21:25:00Z,Cincinnati Bengals,Kansas City Chiefs,betus,totals,Under,-110,48.5
2026-08-28T01:34:27Z,6174916c7e2df8d1b80a88cfbd259d44,2026-12-13T21:25:00Z,San Francisco 49ers,Los Angeles Rams,draftkings,spreads,Los Angeles Rams,-115,-1.5
2026-08-28T01:34:27Z,6174916c7e2df8d1b80a88cfbd259d44,2026-12-13T21:25:00Z,San Francisco 49ers,Los Angeles Rams,draftkings,spreads,San Francisco 49ers,-105,1.5
2026-08-28T01:34:27Z,6174916c7e2df8d1b80a88cfbd259d44,2026-12-13T21:25:00Z,San Francisco 49ers,Los Angeles Rams,draftkings,totals,Over,-110,49.5
2026-08-28T01:34:27Z,6174916c7e2df8d1b80a88cfbd259d44,2026-12-13T21:25:00Z,San Francisco 49ers,Los Angeles Rams,draftkings,totals,Under,-110,49.5
2026-08-28T01:34:27Z,f5ab9d8455daf9e2a6c4c443fe0cd19f,2026-12-13T21:25:00Z,Seattle Seahawks,New York Giants,draftkings,spreads,New York Giants,-110,7.5
2026-08-28T01:34:27Z,f5ab9d8455daf9e2a6c4c443fe0cd19f,2026-12-13T21:25:00Z,Seattle Seahawks,New York Giants,draftkings,spreads,Seattle Seahawks,-110,-7.5
2026-08-28T01:34:27Z,f5ab9d8455daf9e2a6c4c443fe0cd19f,2026-12-13T21:25:00Z,Seattle Seahawks,New York Giants,draftkings,totals,Over,-110,45.5
2026-08-28T01:34:27Z,f5ab9d8455daf9e2a6c4c443fe0cd19f,2026-12-13T21:25:00Z,Seattle Seahawks,New York Giants,draftkings,totals,Under,-110,45.5
2026-08-28T01:34:27Z,c4877c048defcb80e0ab37c0688f37f6,2026-12-14T01:20:00Z,Green Bay Packers,Buffalo Bills,draftkings,spreads,Buffalo Bills,-110,1.5
2026-08-28T01:34:27Z,c4877c048defcb80e0ab37c0688f37f6,2026-12-14T01:20:00Z,Green Bay Packers,Buffalo Bills,draftkings,spreads,Green Bay Packers,-110,-1.5
2026-08-28T01:34:27Z,c4877c048defcb80e0ab37c0688f37f6,2026-12-14T01:20:00Z,Green Bay Packers,Buffalo Bills,draftkings,totals,Over,-110,49.5
2026-08-28T01:34:27Z,c4877c048defcb80e0ab37c0688f37f6,2026-12-14T01:20:00Z,Green Bay Packers,Buffalo Bills,draftkings,totals,Under,-110,49.5
2026-08-28T01:34:27Z,690e2ee2ed5f0875f7cbaecdc51373f5,2026-12-15T01:15:00Z,Jacksonville Jaguars,Pittsburgh Steelers,draftkings,spreads,Jacksonville Jaguars,-110,-3.0
2026-08-28T01:34:27Z,690e2ee2ed5f0875f7cbaecdc51373f5,2026-12-15T01:15:00Z,Jacksonville Jaguars,Pittsburgh Steelers,draftkings,spreads,Pittsburgh Steelers,-110,3.0
2026-08-28T01:34:27Z,690e2ee2ed5f0875f7cbaecdc51373f5,2026-12-15T01:15:00Z,Jacksonville Jaguars,Pittsburgh Steelers,draftkings,totals,Over,-110,44.5
2026-08-28T01:34:27Z,690e2ee2ed5f0875f7cbaecdc51373f5,2026-12-15T01:15:00Z,Jacksonville Jaguars,Pittsburgh Steelers,draftkings,totals,Under,-110,44.5
2026-08-28T01:34:27Z,690e2ee2ed5f0875f7cbaecdc51373f5,2026-12-15T01:15:00Z,Jacksonville Jaguars,Pittsburgh Steelers,betus,spreads,Jacksonville Jaguars,-110,-3.0
2026-08-28T01:34:27Z,690e2ee2ed5f0875f7cbaecdc51373f5,2026-12-15T01:15:00Z,Jacksonville Jaguars,Pittsburgh Steelers,betus,spreads,Pittsburgh Steelers,-110,3.0
2026-08-28T01:34:27Z,690e2ee2ed5f0875f7cbaecdc51373f5,2026-12-15T01:15:00Z,Jacksonville Jaguars,Pittsburgh Steelers,betus,totals,Over,-110,44.5
2026-08-28T01:34:27Z,690e2ee2ed5f0875f7cbaecdc51373f5,2026-12-15T01:15:00Z,Jacksonville Jaguars,Pittsburgh Steelers,betus,totals,Under,-110,44.5
2026-08-28T01:34:27Z,790af233087803c297861901ffa271d7,2026-12-18T01:15:00Z,Los Angeles Chargers,San Francisco 49ers,draftkings,spreads,Los Angeles Chargers,-110,-2.5
2026-08-28T01:34:27Z,790af233087803c297861901ffa271d7,2026-12-18T01:15:00Z,Los Angeles Chargers,San Francisco 49ers,draftkings,spreads,San Francisco 49ers,-110,2.5
2026-08-28T01:34:27Z,790af233087803c297861901ffa271d7,2026-12-18T01:15:00Z,Los Angeles Chargers,San Francisco 49ers,draftkings,totals,Over,-110,47.5
2026-08-28T01:34:27Z,790af233087803c297861901ffa271d7,2026-12-18T01:15:00Z,Los Angeles Chargers,San Francisco 49ers,draftkings,totals,Under,-110,47.5
2026-08-28T01:34:27Z,790af233087803c297861901ffa271d7,2026-12-18T01:15:00Z,Los Angeles Chargers,San Francisco 49ers,betus,spreads,Los Angeles Chargers,-110,-2.5
2026-08-28T01:34:27Z,790af233087803c297861901ffa271d7,2026-12-18T01:15:00Z,Los Angeles Chargers,San Francisco 49ers,betus,spreads,San Francisco 49ers,-110,2.5
2026-08-28T01:34:27Z,790af233087803c297861901ffa271d7,2026-12-18T01:15:00Z,Los Angeles Chargers,San Francisco 49ers,betus,totals,Over,-110,47.5
2026-08-28T01:34:27Z,790af233087803c297861901ffa271d7,2026-12-18T01:15:00Z,Los Angeles Chargers,San Francisco 49ers,betus,totals,Under,-110,47.5
2026-08-28T01:34:27Z,171aba127aaad3dcbe32a02fc194eb32,2026-12-19T22:00:00Z,Philadelphia Eagles,Seattle Seahawks,draftkings,spreads,Philadelphia Eagles,-110,-1.5
2026-08-28T01:34:27Z,171aba127aaad3dcbe32a02fc194eb32,2026-12-19T22:00:00Z,Philadelphia Eagles,Seattle Seahawks,draftkings,spreads,Seattle Seahawks,-110,1.5
2026-08-28T01:34:27Z,171aba127aaad3dcbe32a02fc194eb32,2026-12-19T22:00:00Z,Philadelphia Eagles,Seattle Seahawks,draftkings,totals,Over,-110,43.5
2026-08-28T01:34:27Z,171aba127aaad3dcbe32a02fc194eb32,2026-12-19T22:00:00Z,Philadelphia Eagles,Seattle Seahawks,draftkings,totals,Under,-110,43.5
2026-08-28T01:34:27Z,171aba127aaad3dcbe32a02fc194eb32,2026-12-19T22:00:00Z,Philadelphia Eagles,Seattle Seahawks,betus,spreads,Philadelphia Eagles,100,-1.5
2026-08-28T01:34:27Z,171aba127aaad3dcbe32a02fc194eb32,2026-12-19T22:00:00Z,Philadelphia Eagles,Seattle Seahawks,betus,spreads,Seattle Seahawks,-120,1.5
2026-08-28T01:34:27Z,171aba127aaad3dcbe32a02fc194eb32,2026-12-19T22:00:00Z,Philadelphia Eagles,Seattle Seahawks,betus,totals,Over,-110,43.5
2026-08-28T01:34:27Z,171aba127aaad3dcbe32a02fc194eb32,2026-12-19T22:00:00Z,Philadelphia Eagles,Seattle Seahawks,betus,totals,Under,-110,43.5
2026-08-28T01:34:27Z,784568b1df055bf7eb8780c110d5e910,2026-12-20T01:20:00Z,Buffalo Bills,Chicago Bears,draftkings,spreads,Buffalo Bills,-110,-3.5
2026-08-28T01:34:27Z,784568b1df055bf7eb8780c110d5e910,2026-12-20T01:20:00Z,Buffalo Bills,Chicago Bears,draftkings,spreads,Chicago Bears,-110,3.5
2026-08-28T01:34:27Z,784568b1df055bf7eb8780c110d5e910,2026-12-20T01:20:00Z,Buffalo Bills,Chicago Bears,draftkings,totals,Over,-110,51.5
2026-08-28T01:34:27Z,784568b1df055bf7eb8780c110d5e910,2026-12-20T01:20:00Z,Buffalo Bills,Chicago Bears,draftkings,totals,Under,-110,51.5
2026-08-28T01:34:27Z,5931eee49f5f2656a5344e1388a68816,2026-12-20T18:00:00Z,Washington Commanders,Atlanta Falcons,draftkings,spreads,Atlanta Falcons,-110,3.5
2026-08-28T01:34:27Z,5931eee49f5f2656a5344e1388a68816,2026-12-20T18:00:00Z,Washington Commanders,Atlanta Falcons,draftkings,spreads,Washington Commanders,-110,-3.5
2026-08-28T01:34:27Z,5931eee49f5f2656a5344e1388a68816,2026-12-20T18:00:00Z,Washington Commanders,Atlanta Falcons,draftkings,totals,Over,-110,46.5
2026-08-28T01:34:27Z,5931eee49f5f2656a5344e1388a68816,2026-12-20T18:00:00Z,Washington Commanders,Atlanta Falcons,draftkings,totals,Under,-110,46.5
2026-08-28T01:34:27Z,2f4b1899c1c278947920e0254b682d90,2026-12-20T18:00:00Z,Pittsburgh Steelers,Baltimore Ravens,draftkings,spreads,Baltimore Ravens,-120,-2.5
2026-08-28T01:34:27Z,2f4b1899c1c278947920e0254b682d90,2026-12-20T18:00:00Z,Pittsburgh Steelers,Baltimore Ravens,draftkings,spreads,Pittsburgh Steelers,100,2.5
2026-08-28T01:34:27Z,2f4b1899c1c278947920e0254b682d90,2026-12-20T18:00:00Z,Pittsburgh Steelers,Baltimore Ravens,draftkings,totals,Over,-110,46.5
2026-08-28T01:34:27Z,2f4b1899c1c278947920e0254b682d90,2026-12-20T18:00:00Z,Pittsburgh Steelers,Baltimore Ravens,draftkings,totals,Under,-110,46.5
2026-08-28T01:34:27Z,2f4b1899c1c278947920e0254b682d90,2026-12-20T18:00:00Z,Pittsburgh Steelers,Baltimore Ravens,betus,spreads,Baltimore Ravens,-110,-2.5
2026-08-28T01:34:27Z,2f4b1899c1c278947920e0254b682d90,2026-12-20T18:00:00Z,Pittsburgh Steelers,Baltimore Ravens,betus,spreads,Pittsburgh Steelers,-110,2.5
2026-08-28T01:34:27Z,2f4b1899c1c278947920e0254b682d90,2026-12-20T18:00:00Z,Pittsburgh Steelers,Baltimore Ravens,betus,totals,Over,-110,45.5
2026-08-28T01:34:27Z,2f4b1899c1c278947920e0254b682d90,2026-12-20T18:00:00Z,Pittsburgh Steelers,Baltimore Ravens,betus,totals,Under,-110,45.5
2026-08-28T01:34:27Z,000fc688beb4fc004ecdad115d9adb1c,2026-12-20T18:00:00Z,Carolina Panthers,Cincinnati Bengals,draftkings,spreads,Carolina Panthers,100,2.5
2026-08-28T01:34:27Z,000fc688beb4fc004ecdad115d9adb1c,2026-12-20T18:00:00Z,Carolina Panthers,Cincinnati Bengals,draftkings,spreads,Cincinnati Bengals,-120,-2.5
2026-08-28T01:34:27Z,000fc688beb4fc004ecdad115d9adb1c,2026-12-20T18:00:00Z,Carolina Panthers,Cincinnati Bengals,draftkings,totals,Over,-110,47.5
2026-08-28T01:34:27Z,000fc688beb4fc004ecdad115d9adb1c,2026-12-20T18:00:00Z,Carolina Panthers,Cincinnati Bengals,draftkings,totals,Under,-110,47.5
2026-08-28T01:34:27Z,000fc688beb4fc004ecdad115d9adb1c,2026-12-20T18:00:00Z,Carolina Panthers,Cincinnati Bengals,betus,spreads,Carolina Panthers,-110,2.5
2026-08-28T01:34:27Z,000fc688beb4fc004ecdad115d9adb1c,2026-12-20T18:00:00Z,Carolina Panthers,Cincinnati Bengals,betus,spreads,Cincinnati Bengals,-110,-2.5
2026-08-28T01:34:27Z,000fc688beb4fc004ecdad115d9adb1c,2026-12-20T18:00:00Z,Carolina Panthers,Cincinnati Bengals,betus,totals,Over,-110,47.5
2026-08-28T01:34:27Z,000fc688beb4fc004ecdad115d9adb1c,2026-12-20T18:00:00Z,Carolina Panthers,Cincinnati Bengals,betus,totals,Under,-110,47.5
2026-08-28T01:34:27Z,1cb23c83ae4af84cffcdae6b31d06e83,2026-12-20T18:00:00Z,New York Giants,Cleveland Browns,draftkings,spreads,Cleveland Browns,-110,4.5
2026-08-28T01:34:27Z,1cb23c83ae4af84cffcdae6b31d06e83,2026-12-20T18:00:00Z,New York Giants,Cleveland Browns,draftkings,spreads,New York Giants,-110,-4.5
2026-08-28T01:34:27Z,1cb23c83ae4af84cffcdae6b31d06e83,2026-12-20T18:00:00Z,New York Giants,Cleveland Browns,draftkings,totals,Over,-110,40.5
2026-08-28T01:34:27Z,1cb23c83ae4af84cffcdae6b31d06e83,2026-12-20T18:00:00Z,New York Giants,Cleveland Browns,draftkings,totals,Under,-110,40.5
2026-08-28T01:34:27Z,99719df35bc2efdcc72096f865ed8841,2026-12-20T18:00:00Z,Green Bay Packers,Miami Dolphins,draftkings,spreads,Green Bay Packers,-110,-10.5
2026-08-28T01:34:27Z,99719df35bc2efdcc72096f865ed8841,2026-12-20T18:00:00Z,Green Bay Packers,Miami Dolphins,draftkings,spreads,Miami Dolphins,-110,10.5
2026-08-28T01:34:27Z,99719df35bc2efdcc72096f865ed8841,2026-12-20T18:00:00Z,Green Bay Packers,Miami Dolphins,draftkings,totals,Over,-110,45.5
2026-08-28T01:34:27Z,99719df35bc2efdcc72096f865ed8841,2026-12-20T18:00:00Z,Green Bay Packers,Miami Dolphins,draftkings,totals,Under,-110,45.5
2026-08-28T01:34:27Z,29211b6e78461220a2833184233f70e5,2026-12-20T18:00:00Z,Houston Texans,Jacksonville Jaguars,draftkings,spreads,Houston Texans,-110,-3.0
2026-08-28T01:34:27Z,29211b6e78461220a2833184233f70e5,2026-12-20T18:00:00Z,Houston Texans,Jacksonville Jaguars,draftkings,spreads,Jacksonville Jaguars,-110,3.0
2026-08-28T01:34:27Z,29211b6e78461220a2833184233f70e5,2026-12-20T18:00:00Z,Houston Texans,Jacksonville Jaguars,draftkings,totals,Over,-110,43.5
2026-08-28T01:34:27Z,29211b6e78461220a2833184233f70e5,2026-12-20T18:00:00Z,Houston Texans,Jacksonville Jaguars,draftkings,totals,Under,-110,43.5
2026-08-28T01:34:27Z,3b696c07ff6a1ef461d023a73db17584,2026-12-20T18:00:00Z,Tennessee Titans,Indianapolis Colts,draftkings,spreads,Indianapolis Colts,-110,-1.5
2026-08-28T01:34:27Z,3b696c07ff6a1ef461d023a73db17584,2026-12-20T18:00:00Z,Tennessee Titans,Indianapolis Colts,draftkings,spreads,Tennessee Titans,-110,1.5
2026-08-28T01:34:27Z,3b696c07ff6a1ef461d023a73db17584,2026-12-20T18:00:00Z,Tennessee Titans,Indianapolis Colts,draftkings,totals,Over,-110,47.5
2026-08-28T01:34:27Z,3b696c07ff6a1ef461d023a73db17584,2026-12-20T18:00:00Z,Tennessee Titans,Indianapolis Colts,draftkings,totals,Under,-110,47.5
2026-08-28T01:34:27Z,3b696c07ff6a1ef461d023a73db17584,2026-12-20T18:00:00Z,Tennessee Titans,Indianapolis Colts,betus,spreads,Indianapolis Colts,-110,-1.5
2026-08-28T01:34:27Z,3b696c07ff6a1ef461d023a73db17584,2026-12-20T18:00:00Z,Tennessee Titans,Indianapolis Colts,betus,spreads,Tennessee Titans,-110,1.5
2026-08-28T01:34:27Z,3b696c07ff6a1ef461d023a73db17584,2026-12-20T18:00:00Z,Tennessee Titans,Indianapolis Colts,betus,totals,Over,-110,47.5
2026-08-28T01:34:27Z,3b696c07ff6a1ef461d023a73db17584,2026-12-20T18:00:00Z,Tennessee Titans,Indianapolis Colts,betus,totals,Under,-110,47.5
2026-08-28T01:34:27Z,e15a91cebf3480ff0b93b4fbacb09797,2026-12-20T18:00:00Z,Tampa Bay Buccaneers,New Orleans Saints,draftkings,spreads,New Orleans Saints,-110,3.5
2026-08-28T01:34:27Z,e15a91cebf3480ff0b93b4fbacb09797,2026-12-20T18:00:00Z,Tampa Bay Buccaneers,New Orleans Saints,draftkings,spreads,Tampa Bay Buccaneers,-110,-3.5
2026-08-28T01:34:27Z,e15a91cebf3480ff0b93b4fbacb09797,2026-12-20T18:00:00Z,Tampa Bay Buccaneers,New Orleans Saints,draftkings,totals,Over,-110,45.5
2026-08-28T01:34:27Z,e15a91cebf3480ff0b93b4fbacb09797,2026-12-20T18:00:00Z,Tampa Bay Buccaneers,New Orleans Saints,draftkings,totals,Under,-110,45.5
2026-08-28T01:34:27Z,e15a91cebf3480ff0b93b4fbacb09797,2026-12-20T18:00:00Z,Tampa Bay Buccaneers,New Orleans Saints,betus,spreads,New Orleans Saints,-105,3.5
2026-08-28T01:34:27Z,e15a91cebf3480ff0b93b4fbacb09797,2026-12-20T18:00:00Z,Tampa Bay Buccaneers,New Orleans Saints,betus,spreads,Tampa Bay Buccaneers,-115,-3.5
2026-08-28T01:34:27Z,e15a91cebf3480ff0b93b4fbacb09797,2026-12-20T18:00:00Z,Tampa Bay Buccaneers,New Orleans Saints,betus,totals,Over,-110,45.5
2026-08-28T01:34:27Z,e15a91cebf3480ff0b93b4fbacb09797,2026-12-20T18:00:00Z,Tampa Bay Buccaneers,New Orleans Saints,betus,totals,Under,-110,45.5
2026-08-28T01:34:27Z,d8cd12e7684fa2aa39f5b188ef6e62e0,2026-12-20T21:05:00Z,Arizona Cardinals,New York Jets,draftkings,spreads,Arizona Cardinals,102,-1.5
2026-08-28T01:34:27Z,d8cd12e7684fa2aa39f5b188ef6e62e0,2026-12-20T21:05:00Z,Arizona Cardinals,New York Jets,draftkings,spreads,New York Jets,-122,1.5
2026-08-28T01:34:27Z,d8cd12e7684fa2aa39f5b188ef6e62e0,2026-12-20T21:05:00Z,Arizona Cardinals,New York Jets,draftkings,totals,Over,-110,41.5
2026-08-28T01:34:27Z,d8cd12e7684fa2aa39f5b188ef6e62e0,2026-12-20T21:05:00Z,Arizona Cardinals,New York Jets,draftkings,totals,Under,-110,41.5
2026-08-28T01:34:27Z,77396e9d565860fbfd05779028223a8a,2026-12-20T21:25:00Z,Los Angeles Rams,Dallas Cowboys,draftkings,spreads,Dallas Cowboys,-110,6.0
2026-08-28T01:34:27Z,77396e9d565860fbfd05779028223a8a,2026-12-20T21:25:00Z,Los Angeles Rams,Dallas Cowboys,draftkings,spreads,Los Angeles Rams,-110,-6.0
2026-08-28T01:34:27Z,77396e9d565860fbfd05779028223a8a,2026-12-20T21:25:00Z,Los Angeles Rams,Dallas Cowboys,draftkings,totals,Over,-110,52.5
2026-08-28T01:34:27Z,77396e9d565860fbfd05779028223a8a,2026-12-20T21:25:00Z,Los Angeles Rams,Dallas Cowboys,draftkings,totals,Under,-110,52.5
2026-08-28T01:34:27Z,9f507007b9c0a7082c1471a5fa841336,2026-12-20T21:25:00Z,Las Vegas Raiders,Denver Broncos,draftkings,spreads,Denver Broncos,-110,-4.5
2026-08-28T01:34:27Z,9f507007b9c0a7082c1471a5fa841336,2026-12-20T21:25:00Z,Las Vegas Raiders,Denver Broncos,draftkings,spreads,Las Vegas Raiders,-110,4.5
2026-08-28T01:34:27Z,9f507007b9c0a7082c1471a5fa841336,2026-12-20T21:25:00Z,Las Vegas Raiders,Denver Broncos,draftkings,totals,Over,-110,41.5
2026-08-28T01:34:27Z,9f507007b9c0a7082c1471a5fa841336,2026-12-20T21:25:00Z,Las Vegas Raiders,Denver Broncos,draftkings,totals,Under,-110,41.5
2026-08-28T01:34:27Z,b34897a0368d570291d44e176c0c2331,2026-12-21T01:20:00Z,Minnesota Vikings,Detroit Lions,draftkings,spreads,Detroit Lions,-110,-1.5
2026-08-28T01:34:27Z,b34897a0368d570291d44e176c0c2331,2026-12-21T01:20:00Z,Minnesota Vikings,Detroit Lions,draftkings,spreads,Minnesota Vikings,-110,1.5
2026-08-28T01:34:27Z,b34897a0368d570291d44e176c0c2331,2026-12-21T01:20:00Z,Minnesota Vikings,Detroit Lions,draftkings,totals,Over,-110,46.5
2026-08-28T01:34:27Z,b34897a0368d570291d44e176c0c2331,2026-12-21T01:20:00Z,Minnesota Vikings,Detroit Lions,draftkings,totals,Under,-110,46.5
2026-08-28T01:34:27Z,b2759105c27a25289ea1938f290c50fd,2026-12-22T01:15:00Z,Kansas City Chiefs,New England Patriots,draftkings,spreads,Kansas City Chiefs,-110,-2.5
2026-08-28T01:34:27Z,b2759105c27a25289ea1938f290c50fd,2026-12-22T01:15:00Z,Kansas City Chiefs,New England Patriots,draftkings,spreads,New England Patriots,-110,2.5
2026-08-28T01:34:27Z,b2759105c27a25289ea1938f290c50fd,2026-12-22T01:15:00Z,Kansas City Chiefs,New England Patriots,draftkings,totals,Over,-110,45.5
2026-08-28T01:34:27Z,b2759105c27a25289ea1938f290c50fd,2026-12-22T01:15:00Z,Kansas City Chiefs,New England Patriots,draftkings,totals,Under,-110,45.5
2026-08-28T01:34:27Z,b2759105c27a25289ea1938f290c50fd,2026-12-22T01:15:00Z,Kansas City Chiefs,New England Patriots,betus,spreads,Kansas City Chiefs,-110,-2.5
2026-08-28T01:34:27Z,b2759105c27a25289ea1938f290c50fd,2026-12-22T01:15:00Z,Kansas City Chiefs,New England Patriots,betus,spreads,New England Patriots,-110,2.5
2026-08-28T01:34:27Z,b2759105c27a25289ea1938f290c50fd,2026-12-22T01:15:00Z,Kansas City Chiefs,New England Patriots,betus,totals,Over,-110,45.5
2026-08-28T01:34:27Z,b2759105c27a25289ea1938f290c50fd,2026-12-22T01:15:00Z,Kansas City Chiefs,New England Patriots,betus,totals,Under,-110,45.5
2026-08-28T01:34:27Z,3f226ec5402c6ec4d84a59be80c2fa67,2026-12-25T01:15:00Z,Philadelphia Eagles,Houston Texans,draftkings,spreads,Houston Texans,-112,2.5
2026-08-28T01:34:27Z,3f226ec5402c6ec4d84a59be80c2fa67,2026-12-25T01:15:00Z,Philadelphia Eagles,Houston Texans,draftkings,spreads,Philadelphia Eagles,-108,-2.5
2026-08-28T01:34:27Z,3f226ec5402c6ec4d84a59be80c2fa67,2026-12-25T01:15:00Z,Philadelphia Eagles,Houston Texans,draftkings,totals,Over,-110,37.5
2026-08-28T01:34:27Z,3f226ec5402c6ec4d84a59be80c2fa67,2026-12-25T01:15:00Z,Philadelphia Eagles,Houston Texans,draftkings,totals,Under,-110,37.5
2026-08-28T01:34:27Z,3f226ec5402c6ec4d84a59be80c2fa67,2026-12-25T01:15:00Z,Philadelphia Eagles,Houston Texans,fanduel,spreads,Houston Texans,-115,2.5
2026-08-28T01:34:27Z,3f226ec5402c6ec4d84a59be80c2fa67,2026-12-25T01:15:00Z,Philadelphia Eagles,Houston Texans,fanduel,spreads,Philadelphia Eagles,-105,-2.5
2026-08-28T01:34:27Z,3f226ec5402c6ec4d84a59be80c2fa67,2026-12-25T01:15:00Z,Philadelphia Eagles,Houston Texans,fanduel,totals,Over,-104,38.5
2026-08-28T01:34:27Z,3f226ec5402c6ec4d84a59be80c2fa67,2026-12-25T01:15:00Z,Philadelphia Eagles,Houston Texans,fanduel,totals,Under,-118,38.5
2026-08-28T01:34:27Z,2828c07018dfafbe96aba205809cc7ac,2026-12-25T18:00:00Z,Chicago Bears,Green Bay Packers,draftkings,spreads,Chicago Bears,-105,-1.5
2026-08-28T01:34:27Z,2828c07018dfafbe96aba205809cc7ac,2026-12-25T18:00:00Z,Chicago Bears,Green Bay Packers,draftkings,spreads,Green Bay Packers,-115,1.5
2026-08-28T01:34:27Z,2828c07018dfafbe96aba205809cc7ac,2026-12-25T18:00:00Z,Chicago Bears,Green Bay Packers,draftkings,totals,Over,-110,47.5
2026-08-28T01:34:27Z,2828c07018dfafbe96aba205809cc7ac,2026-12-25T18:00:00Z,Chicago Bears,Green Bay Packers,draftkings,totals,Under,-110,47.5
2026-08-28T01:34:27Z,2828c07018dfafbe96aba205809cc7ac,2026-12-25T18:00:00Z,Chicago Bears,Green Bay Packers,fanduel,spreads,Chicago Bears,-105,-1.5
2026-08-28T01:34:27Z,2828c07018dfafbe96aba205809cc7ac,2026-12-25T18:00:00Z,Chicago Bears,Green Bay Packers,fanduel,spreads,Green Bay Packers,-115,1.5
2026-08-28T01:34:27Z,2828c07018dfafbe96aba205809cc7ac,2026-12-25T18:00:00Z,Chicago Bears,Green Bay Packers,fanduel,totals,Over,-115,47.5
2026-08-28T01:34:27Z,2828c07018dfafbe96aba205809cc7ac,2026-12-25T18:00:00Z,Chicago Bears,Green Bay Packers,fanduel,totals,Under,-105,47.5
2026-08-28T01:34:27Z,126f27c71e8130ef87de0d137e833d9b,2026-12-25T21:30:00Z,Denver Broncos,Buffalo Bills,draftkings,spreads,Buffalo Bills,-115,-1.5
2026-08-28T01:34:27Z,126f27c71e8130ef87de0d137e833d9b,2026-12-25T21:30:00Z,Denver Broncos,Buffalo Bills,draftkings,spreads,Denver Broncos,-105,1.5
2026-08-28T01:34:27Z,126f27c71e8130ef87de0d137e833d9b,2026-12-25T21:30:00Z,Denver Broncos,Buffalo Bills,draftkings,totals,Over,-110,46.5
2026-08-28T01:34:27Z,126f27c71e8130ef87de0d137e833d9b,2026-12-25T21:30:00Z,Denver Broncos,Buffalo Bills,draftkings,totals,Under,-110,46.5
2026-08-28T01:34:27Z,126f27c71e8130ef87de0d137e833d9b,2026-12-25T21:30:00Z,Denver Broncos,Buffalo Bills,fanduel,spreads,Buffalo Bills,-115,-1.5
2026-08-28T01:34:27Z,126f27c71e8130ef87de0d137e833d9b,2026-12-25T21:30:00Z,Denver Broncos,Buffalo Bills,fanduel,spreads,Denver Broncos,-105,1.5
2026-08-28T01:34:27Z,126f27c71e8130ef87de0d137e833d9b,2026-12-25T21:30:00Z,Denver Broncos,Buffalo Bills,fanduel,totals,Over,-115,46.5
2026-08-28T01:34:27Z,126f27c71e8130ef87de0d137e833d9b,2026-12-25T21:30:00Z,Denver Broncos,Buffalo Bills,fanduel,totals,Under,-105,46.5
2026-08-28T01:34:27Z,126f27c71e8130ef87de0d137e833d9b,2026-12-25T21:30:00Z,Denver Broncos,Buffalo Bills,mybookieag,spreads,Buffalo Bills,-110,-2.5
2026-08-28T01:34:27Z,126f27c71e8130ef87de0d137e833d9b,2026-12-25T21:30:00Z,Denver Broncos,Buffalo Bills,mybookieag,spreads,Denver Broncos,-110,2.5
2026-08-28T01:34:27Z,126f27c71e8130ef87de0d137e833d9b,2026-12-25T21:30:00Z,Denver Broncos,Buffalo Bills,mybookieag,totals,Over,-110,46.5
2026-08-28T01:34:27Z,126f27c71e8130ef87de0d137e833d9b,2026-12-25T21:30:00Z,Denver Broncos,Buffalo Bills,mybookieag,totals,Under,-110,46.5
2026-08-28T01:34:27Z,f1af9705dbd2bbe4f1555f080ad06ba2,2026-12-26T01:15:00Z,Seattle Seahawks,Los Angeles Rams,draftkings,spreads,Los Angeles Rams,-105,1.5
2026-08-28T01:34:27Z,f1af9705dbd2bbe4f1555f080ad06ba2,2026-12-26T01:15:00Z,Seattle Seahawks,Los Angeles Rams,draftkings,spreads,Seattle Seahawks,-115,-1.5
2026-08-28T01:34:27Z,f1af9705dbd2bbe4f1555f080ad06ba2,2026-12-26T01:15:00Z,Seattle Seahawks,Los Angeles Rams,draftkings,totals,Over,-110,47.5
2026-08-28T01:34:27Z,f1af9705dbd2bbe4f1555f080ad06ba2,2026-12-26T01:15:00Z,Seattle Seahawks,Los Angeles Rams,draftkings,totals,Under,-110,47.5
2026-08-28T01:34:27Z,f1af9705dbd2bbe4f1555f080ad06ba2,2026-12-26T01:15:00Z,Seattle Seahawks,Los Angeles Rams,fanduel,spreads,Los Angeles Rams,-105,-1.5
2026-08-28T01:34:27Z,f1af9705dbd2bbe4f1555f080ad06ba2,2026-12-26T01:15:00Z,Seattle Seahawks,Los Angeles Rams,fanduel,spreads,Seattle Seahawks,-115,1.5
2026-08-28T01:34:27Z,f1af9705dbd2bbe4f1555f080ad06ba2,2026-12-26T01:15:00Z,Seattle Seahawks,Los Angeles Rams,fanduel,totals,Over,-110,45.5
2026-08-28T01:34:27Z,f1af9705dbd2bbe4f1555f080ad06ba2,2026-12-26T01:15:00Z,Seattle Seahawks,Los Angeles Rams,fanduel,totals,Under,-110,45.5
2026-08-28T01:34:27Z,8fd00347b6d77ce384d83cba814430d7,2026-12-27T18:00:00Z,New Orleans Saints,Arizona Cardinals,draftkings,spreads,Arizona Cardinals,-110,5.5
2026-08-28T01:34:27Z,8fd00347b6d77ce384d83cba814430d7,2026-12-27T18:00:00Z,New Orleans Saints,Arizona Cardinals,draftkings,spreads,New Orleans Saints,-110,-5.5
2026-08-28T01:34:27Z,8fd00347b6d77ce384d83cba814430d7,2026-12-27T18:00:00Z,New Orleans Saints,Arizona Cardinals,draftkings,totals,Over,-110,44.5
2026-08-28T01:34:27Z,8fd00347b6d77ce384d83cba814430d7,2026-12-27T18:00:00Z,New Orleans Saints,Arizona Cardinals,draftkings,totals,Under,-110,44.5
2026-08-28T01:34:27Z,8fd00347b6d77ce384d83cba814430d7,2026-12-27T18:00:00Z,New Orleans Saints,Arizona Cardinals,betus,spreads,Arizona Cardinals,-110,5.5
2026-08-28T01:34:27Z,8fd00347b6d77ce384d83cba814430d7,2026-12-27T18:00:00Z,New Orleans Saints,Arizona Cardinals,betus,spreads,New Orleans Saints,-110,-5.5
2026-08-28T01:34:27Z,8fd00347b6d77ce384d83cba814430d7,2026-12-27T18:00:00Z,New Orleans Saints,Arizona Cardinals,betus,totals,Over,-110,44.5
2026-08-28T01:34:27Z,8fd00347b6d77ce384d83cba814430d7,2026-12-27T18:00:00Z,New Orleans Saints,Arizona Cardinals,betus,totals,Under,-110,44.5
2026-08-28T01:34:27Z,bd13d00f06ad222b0a1b6ea4d0add763,2026-12-27T18:00:00Z,Atlanta Falcons,Tampa Bay Buccaneers,draftkings,spreads,Atlanta Falcons,-110,1.5
2026-08-28T01:34:27Z,bd13d00f06ad222b0a1b6ea4d0add763,2026-12-27T18:00:00Z,Atlanta Falcons,Tampa Bay Buccaneers,draftkings,spreads,Tampa Bay Buccaneers,-110,-1.5
2026-08-28T01:34:27Z,bd13d00f06ad222b0a1b6ea4d0add763,2026-12-27T18:00:00Z,Atlanta Falcons,Tampa Bay Buccaneers,draftkings,totals,Over,-110,45.5
2026-08-28T01:34:27Z,bd13d00f06ad222b0a1b6ea4d0add763,2026-12-27T18:00:00Z,Atlanta Falcons,Tampa Bay Buccaneers,draftkings,totals,Under,-110,45.5
2026-08-28T01:34:27Z,0f23afce92c2f0af28973c0a7533763e,2026-12-27T18:00:00Z,Baltimore Ravens,Cleveland Browns,draftkings,spreads,Baltimore Ravens,-110,-10.0
2026-08-28T01:34:27Z,0f23afce92c2f0af28973c0a7533763e,2026-12-27T18:00:00Z,Baltimore Ravens,Cleveland Browns,draftkings,spreads,Cleveland Browns,-110,10.0
2026-08-28T01:34:27Z,0f23afce92c2f0af28973c0a7533763e,2026-12-27T18:00:00Z,Baltimore Ravens,Cleveland Browns,draftkings,totals,Over,-110,43.5
2026-08-28T01:34:27Z,0f23afce92c2f0af28973c0a7533763e,2026-12-27T18:00:00Z,Baltimore Ravens,Cleveland Browns,draftkings,totals,Under,-110,43.5
2026-08-28T01:34:27Z,0f23afce92c2f0af28973c0a7533763e,2026-12-27T18:00:00Z,Baltimore Ravens,Cleveland Browns,betus,spreads,Baltimore Ravens,-110,-9.5
2026-08-28T01:34:27Z,0f23afce92c2f0af28973c0a7533763e,2026-12-27T18:00:00Z,Baltimore Ravens,Cleveland Browns,betus,spreads,Cleveland Browns,-110,9.5
2026-08-28T01:34:27Z,0f23afce92c2f0af28973c0a7533763e,2026-12-27T18:00:00Z,Baltimore Ravens,Cleveland Browns,betus,totals,Over,-110,43.5
2026-08-28T01:34:27Z,0f23afce92c2f0af28973c0a7533763e,2026-12-27T18:00:00Z,Baltimore Ravens,Cleveland Browns,betus,totals,Under,-110,43.5
2026-08-28T01:34:27Z,74cb0e112d069cdbda1671ae85531f43,2026-12-27T18:00:00Z,Pittsburgh Steelers,Carolina Panthers,draftkings,spreads,Carolina Panthers,-110,3.5
2026-08-28T01:34:27Z,74cb0e112d069cdbda1671ae85531f43,2026-12-27T18:00:00Z,Pittsburgh Steelers,Carolina Panthers,draftkings,spreads,Pittsburgh Steelers,-110,-3.5
2026-08-28T01:34:27Z,74cb0e112d069cdbda1671ae85531f43,2026-12-27T18:00:00Z,Pittsburgh Steelers,Carolina Panthers,draftkings,totals,Over,-110,41.5
2026-08-28T01:34:27Z,74cb0e112d069cdbda1671ae85531f43,2026-12-27T18:00:00Z,Pittsburgh Steelers,Carolina Panthers,draftkings,totals,Under,-110,41.5
2026-08-28T01:34:27Z,74cb0e112d069cdbda1671ae85531f43,2026-12-27T18:00:00Z,Pittsburgh Steelers,Carolina Panthers,betus,spreads,Carolina Panthers,-110,3.5
2026-08-28T01:34:27Z,74cb0e112d069cdbda1671ae85531f43,2026-12-27T18:00:00Z,Pittsburgh Steelers,Carolina Panthers,betus,spreads,Pittsburgh Steelers,-110,-3.5
2026-08-28T01:34:27Z,74cb0e112d069cdbda1671ae85531f43,2026-12-27T18:00:00Z,Pittsburgh Steelers,Carolina Panthers,betus,totals,Over,-110,41.5
2026-08-28T01:34:27Z,74cb0e112d069cdbda1671ae85531f43,2026-12-27T18:00:00Z,Pittsburgh Steelers,Carolina Panthers,betus,totals,Under,-110,41.5
2026-08-28T01:34:27Z,ca8982dccb6c3ae01525800317287f02,2026-12-27T18:00:00Z,Indianapolis Colts,Cincinnati Bengals,draftkings,spreads,Cincinnati Bengals,-110,-1.5
2026-08-28T01:34:27Z,ca8982dccb6c3ae01525800317287f02,2026-12-27T18:00:00Z,Indianapolis Colts,Cincinnati Bengals,draftkings,spreads,Indianapolis Colts,-110,1.5
2026-08-28T01:34:27Z,ca8982dccb6c3ae01525800317287f02,2026-12-27T18:00:00Z,Indianapolis Colts,Cincinnati Bengals,draftkings,totals,Over,-110,52.5
2026-08-28T01:34:27Z,ca8982dccb6c3ae01525800317287f02,2026-12-27T18:00:00Z,Indianapolis Colts,Cincinnati Bengals,draftkings,totals,Under,-110,52.5
2026-08-28T01:34:27Z,ca8982dccb6c3ae01525800317287f02,2026-12-27T18:00:00Z,Indianapolis Colts,Cincinnati Bengals,betus,spreads,Cincinnati Bengals,-110,-1.5
2026-08-28T01:34:27Z,ca8982dccb6c3ae01525800317287f02,2026-12-27T18:00:00Z,Indianapolis Colts,Cincinnati Bengals,betus,spreads,Indianapolis Colts,-110,1.5
2026-08-28T01:34:27Z,ca8982dccb6c3ae01525800317287f02,2026-12-27T18:00:00Z,Indianapolis Colts,Cincinnati Bengals,betus,totals,Over,-110,52.5
2026-08-28T01:34:27Z,ca8982dccb6c3ae01525800317287f02,2026-12-27T18:00:00Z,Indianapolis Colts,Cincinnati Bengals,betus,totals,Under,-110,52.5
2026-08-28T01:34:27Z,29425f5c68826d615277cf9be2b82e00,2026-12-27T18:00:00Z,Las Vegas Raiders,Tennessee Titans,draftkings,spreads,Las Vegas Raiders,-110,-1.5
2026-08-28T01:34:27Z,29425f5c68826d615277cf9be2b82e00,2026-12-27T18:00:00Z,Las Vegas Raiders,Tennessee Titans,draftkings,spreads,Tennessee Titans,-110,1.5
2026-08-28T01:34:27Z,29425f5c68826d615277cf9be2b82e00,2026-12-27T18:00:00Z,Las Vegas Raiders,Tennessee Titans,draftkings,totals,Over,-110,42.5
2026-08-28T01:34:27Z,29425f5c68826d615277cf9be2b82e00,2026-12-27T18:00:00Z,Las Vegas Raiders,Tennessee Titans,draftkings,totals,Under,-110,42.5
2026-08-28T01:34:27Z,fe2eb511d4c2da3a8e88b85b4f4e9f7e,2026-12-27T18:00:00Z,Miami Dolphins,Los Angeles Chargers,draftkings,spreads,Los Angeles Chargers,-112,-7.0
2026-08-28T01:34:27Z,fe2eb511d4c2da3a8e88b85b4f4e9f7e,2026-12-27T18:00:00Z,Miami Dolphins,Los Angeles Chargers,draftkings,spreads,Miami Dolphins,-108,7.0
2026-08-28T01:34:27Z,fe2eb511d4c2da3a8e88b85b4f4e9f7e,2026-12-27T18:00:00Z,Miami Dolphins,Los Angeles Chargers,draftkings,totals,Over,-110,45.5
2026-08-28T01:34:27Z,fe2eb511d4c2da3a8e88b85b4f4e9f7e,2026-12-27T18:00:00Z,Miami Dolphins,Los Angeles Chargers,draftkings,totals,Under,-110,45.5
2026-08-28T01:34:27Z,cf5cefa5556bcd0156bd394171ef6c8e,2026-12-27T18:00:00Z,Minnesota Vikings,Washington Commanders,draftkings,spreads,Minnesota Vikings,-110,-2.5
2026-08-28T01:34:27Z,cf5cefa5556bcd0156bd394171ef6c8e,2026-12-27T18:00:00Z,Minnesota Vikings,Washington Commanders,draftkings,spreads,Washington Commanders,-110,2.5
2026-08-28T01:34:27Z,cf5cefa5556bcd0156bd394171ef6c8e,2026-12-27T18:00:00Z,Minnesota Vikings,Washington Commanders,draftkings,totals,Over,-110,46.5
2026-08-28T01:34:27Z,cf5cefa5556bcd0156bd394171ef6c8e,2026-12-27T18:00:00Z,Minnesota Vikings,Washington Commanders,draftkings,totals,Under,-110,46.5
2026-08-28T01:34:27Z,cf5cefa5556bcd0156bd394171ef6c8e,2026-12-27T18:00:00Z,Minnesota Vikings,Washington Commanders,betus,spreads,Minnesota Vikings,-110,-2.5
2026-08-28T01:34:27Z,cf5cefa5556bcd0156bd394171ef6c8e,2026-12-27T18:00:00Z,Minnesota Vikings,Washington Commanders,betus,spreads,Washington Commanders,-110,2.5
2026-08-28T01:34:27Z,cf5cefa5556bcd0156bd394171ef6c8e,2026-12-27T18:00:00Z,Minnesota Vikings,Washington Commanders,betus,totals,Over,-110,46.5
2026-08-28T01:34:27Z,cf5cefa5556bcd0156bd394171ef6c8e,2026-12-27T18:00:00Z,Minnesota Vikings,Washington Commanders,betus,totals,Under,-110,46.5
2026-08-28T01:34:27Z,669a7b568c2a64f9a136dadb0eda1da8,2026-12-27T18:00:00Z,New York Jets,New England Patriots,draftkings,spreads,New England Patriots,-110,-6.5
2026-08-28T01:34:27Z,669a7b568c2a64f9a136dadb0eda1da8,2026-12-27T18:00:00Z,New York Jets,New England Patriots,draftkings,spreads,New York Jets,-110,6.5
2026-08-28T01:34:27Z,669a7b568c2a64f9a136dadb0eda1da8,2026-12-27T18:00:00Z,New York Jets,New England Patriots,draftkings,totals,Over,-110,40.5
2026-08-28T01:34:27Z,669a7b568c2a64f9a136dadb0eda1da8,2026-12-27T18:00:00Z,New York Jets,New England Patriots,draftkings,totals,Under,-110,40.5
2026-08-28T01:34:27Z,fc7cce3ae7c73cc7151357829e11b6d5,2026-12-27T21:25:00Z,Kansas City Chiefs,San Francisco 49ers,draftkings,spreads,Kansas City Chiefs,-102,-3.0
2026-08-28T01:34:27Z,fc7cce3ae7c73cc7151357829e11b6d5,2026-12-27T21:25:00Z,Kansas City Chiefs,San Francisco 49ers,draftkings,spreads,San Francisco 49ers,-118,3.0
2026-08-28T01:34:27Z,fc7cce3ae7c73cc7151357829e11b6d5,2026-12-27T21:25:00Z,Kansas City Chiefs,San Francisco 49ers,draftkings,totals,Over,-110,46.5
2026-08-28T01:34:27Z,fc7cce3ae7c73cc7151357829e11b6d5,2026-12-27T21:25:00Z,Kansas City Chiefs,San Francisco 49ers,draftkings,totals,Under,-110,46.5
2026-08-28T01:34:27Z,fc7cce3ae7c73cc7151357829e11b6d5,2026-12-27T21:25:00Z,Kansas City Chiefs,San Francisco 49ers,betus,spreads,Kansas City Chiefs,-120,-2.5
2026-08-28T01:34:27Z,fc7cce3ae7c73cc7151357829e11b6d5,2026-12-27T21:25:00Z,Kansas City Chiefs,San Francisco 49ers,betus,spreads,San Francisco 49ers,100,2.5
2026-08-28T01:34:27Z,fc7cce3ae7c73cc7151357829e11b6d5,2026-12-27T21:25:00Z,Kansas City Chiefs,San Francisco 49ers,betus,totals,Over,-110,46.5
2026-08-28T01:34:27Z,fc7cce3ae7c73cc7151357829e11b6d5,2026-12-27T21:25:00Z,Kansas City Chiefs,San Francisco 49ers,betus,totals,Under,-110,46.5
2026-08-28T01:34:27Z,b1c4ec04c3398a9efa25492000858384,2026-12-28T01:20:00Z,Dallas Cowboys,Jacksonville Jaguars,draftkings,spreads,Dallas Cowboys,-102,-3.0
2026-08-28T01:34:27Z,b1c4ec04c3398a9efa25492000858384,2026-12-28T01:20:00Z,Dallas Cowboys,Jacksonville Jaguars,draftkings,spreads,Jacksonville Jaguars,-118,3.0
2026-08-28T01:34:27Z,b1c4ec04c3398a9efa25492000858384,2026-12-28T01:20:00Z,Dallas Cowboys,Jacksonville Jaguars,draftkings,totals,Over,-110,51.5
2026-08-28T01:34:27Z,b1c4ec04c3398a9efa25492000858384,2026-12-28T01:20:00Z,Dallas Cowboys,Jacksonville Jaguars,draftkings,totals,Under,-110,51.5
2026-08-28T01:34:27Z,ca92c191ebf7361ea56f9bbc09a5f51b,2026-12-29T01:15:00Z,Detroit Lions,New York Giants,draftkings,spreads,Detroit Lions,-110,-4.5
2026-08-28T01:34:27Z,ca92c191ebf7361ea56f9bbc09a5f51b,2026-12-29T01:15:00Z,Detroit Lions,New York Giants,draftkings,spreads,New York Giants,-110,4.5
2026-08-28T01:34:27Z,ca92c191ebf7361ea56f9bbc09a5f51b,2026-12-29T01:15:00Z,Detroit Lions,New York Giants,draftkings,totals,Over,-110,49.5
2026-08-28T01:34:27Z,ca92c191ebf7361ea56f9bbc09a5f51b,2026-12-29T01:15:00Z,Detroit Lions,New York Giants,draftkings,totals,Under,-110,49.5
2026-08-28T01:34:27Z,be268ce293cf4fad1c0c867a3ca4c257,2027-01-01T01:15:00Z,Cincinnati Bengals,Baltimore Ravens,draftkings,spreads,Baltimore Ravens,-110,2.5
2026-08-28T01:34:27Z,be268ce293cf4fad1c0c867a3ca4c257,2027-01-01T01:15:00Z,Cincinnati Bengals,Baltimore Ravens,draftkings,spreads,Cincinnati Bengals,-110,-2.5
2026-08-28T01:34:27Z,be268ce293cf4fad1c0c867a3ca4c257,2027-01-01T01:15:00Z,Cincinnati Bengals,Baltimore Ravens,draftkings,totals,Over,-110,51.5
2026-08-28T01:34:27Z,be268ce293cf4fad1c0c867a3ca4c257,2027-01-01T01:15:00Z,Cincinnati Bengals,Baltimore Ravens,draftkings,totals,Under,-110,51.5
2026-08-28T01:34:27Z,be268ce293cf4fad1c0c867a3ca4c257,2027-01-01T01:15:00Z,Cincinnati Bengals,Baltimore Ravens,betus,spreads,Baltimore Ravens,-115,2.5
2026-08-28T01:34:27Z,be268ce293cf4fad1c0c867a3ca4c257,2027-01-01T01:15:00Z,Cincinnati Bengals,Baltimore Ravens,betus,spreads,Cincinnati Bengals,-105,-2.5
2026-08-28T01:34:27Z,be268ce293cf4fad1c0c867a3ca4c257,2027-01-01T01:15:00Z,Cincinnati Bengals,Baltimore Ravens,betus,totals,Over,-110,51.5
2026-08-28T01:34:27Z,be268ce293cf4fad1c0c867a3ca4c257,2027-01-01T01:15:00Z,Cincinnati Bengals,Baltimore Ravens,betus,totals,Under,-110,51.5
2026-08-28T01:34:27Z,e5dd9cc3fd5452d55c250949e946743d,2027-01-03T18:00:00Z,Atlanta Falcons,New Orleans Saints,draftkings,spreads,Atlanta Falcons,-110,-1.5
2026-08-28T01:34:27Z,e5dd9cc3fd5452d55c250949e946743d,2027-01-03T18:00:00Z,Atlanta Falcons,New Orleans Saints,draftkings,spreads,New Orleans Saints,-110,1.5
2026-08-28T01:34:27Z,e5dd9cc3fd5452d55c250949e946743d,2027-01-03T18:00:00Z,Atlanta Falcons,New Orleans Saints,draftkings,totals,Over,-110,44.5
2026-08-28T01:34:27Z,e5dd9cc3fd5452d55c250949e946743d,2027-01-03T18:00:00Z,Atlanta Falcons,New Orleans Saints,draftkings,totals,Under,-110,44.5
2026-08-28T01:34:27Z,d9a186d988a3ede2a33e504f4890fe52,2027-01-03T18:00:00Z,Miami Dolphins,Buffalo Bills,draftkings,spreads,Buffalo Bills,-110,-7.5
2026-08-28T01:34:27Z,d9a186d988a3ede2a33e504f4890fe52,2027-01-03T18:00:00Z,Miami Dolphins,Buffalo Bills,draftkings,spreads,Miami Dolphins,-110,7.5
2026-08-28T01:34:27Z,d9a186d988a3ede2a33e504f4890fe52,2027-01-03T18:00:00Z,Miami Dolphins,Buffalo Bills,draftkings,totals,Over,-110,47.5
2026-08-28T01:34:27Z,d9a186d988a3ede2a33e504f4890fe52,2027-01-03T18:00:00Z,Miami Dolphins,Buffalo Bills,draftkings,totals,Under,-110,47.5
2026-08-28T01:34:27Z,b009f04b4f61b264a5163157c3439dc1,2027-01-03T18:00:00Z,Carolina Panthers,Seattle Seahawks,draftkings,spreads,Carolina Panthers,-110,5.5
2026-08-28T01:34:27Z,b009f04b4f61b264a5163157c3439dc1,2027-01-03T18:00:00Z,Carolina Panthers,Seattle Seahawks,draftkings,spreads,Seattle Seahawks,-110,-5.5
2026-08-28T01:34:27Z,b009f04b4f61b264a5163157c3439dc1,2027-01-03T18:00:00Z,Carolina Panthers,Seattle Seahawks,draftkings,totals,Over,-110,42.5
2026-08-28T01:34:27Z,b009f04b4f61b264a5163157c3439dc1,2027-01-03T18:00:00Z,Carolina Panthers,Seattle Seahawks,draftkings,totals,Under,-110,42.5
2026-08-28T01:34:27Z,b009f04b4f61b264a5163157c3439dc1,2027-01-03T18:00:00Z,Carolina Panthers,Seattle Seahawks,betus,spreads,Carolina Panthers,-110,5.5
2026-08-28T01:34:27Z,b009f04b4f61b264a5163157c3439dc1,2027-01-03T18:00:00Z,Carolina Panthers,Seattle Seahawks,betus,spreads,Seattle Seahawks,-110,-5.5
2026-08-28T01:34:27Z,b009f04b4f61b264a5163157c3439dc1,2027-01-03T18:00:00Z,Carolina Panthers,Seattle Seahawks,betus,totals,Over,-110,42.5
2026-08-28T01:34:27Z,b009f04b4f61b264a5163157c3439dc1,2027-01-03T18:00:00Z,Carolina Panthers,Seattle Seahawks,betus,totals,Under,-110,42.5
2026-08-28T01:34:27Z,f2e03f9b857485bb13211ee0f5eb5935,2027-01-03T18:00:00Z,Cleveland Browns,Indianapolis Colts,draftkings,spreads,Cleveland Browns,-110,2.5
2026-08-28T01:34:27Z,f2e03f9b857485bb13211ee0f5eb5935,2027-01-03T18:00:00Z,Cleveland Browns,Indianapolis Colts,draftkings,spreads,Indianapolis Colts,-110,-2.5
2026-08-28T01:34:27Z,f2e03f9b857485bb13211ee0f5eb5935,2027-01-03T18:00:00Z,Cleveland Browns,Indianapolis Colts,draftkings,totals,Over,-110,43.5
2026-08-28T01:34:27Z,f2e03f9b857485bb13211ee0f5eb5935,2027-01-03T18:00:00Z,Cleveland Browns,Indianapolis Colts,draftkings,totals,Under,-110,43.5
2026-08-28T01:34:27Z,c8945d476449633912cf51a346ac98ca,2027-01-03T18:00:00Z,Dallas Cowboys,New York Giants,draftkings,spreads,Dallas Cowboys,-110,-4.5
2026-08-28T01:34:27Z,c8945d476449633912cf51a346ac98ca,2027-01-03T18:00:00Z,Dallas Cowboys,New York Giants,draftkings,spreads,New York Giants,-110,4.5
2026-08-28T01:34:27Z,c8945d476449633912cf51a346ac98ca,2027-01-03T18:00:00Z,Dallas Cowboys,New York Giants,draftkings,totals,Over,-110,49.5
2026-08-28T01:34:27Z,c8945d476449633912cf51a346ac98ca,2027-01-03T18:00:00Z,Dallas Cowboys,New York Giants,draftkings,totals,Under,-110,49.5
2026-08-28T01:34:27Z,f62dba1e231083f489c391271a1f171c,2027-01-03T18:00:00Z,New England Patriots,Denver Broncos,draftkings,spreads,Denver Broncos,-110,2.5
2026-08-28T01:34:27Z,f62dba1e231083f489c391271a1f171c,2027-01-03T18:00:00Z,New England Patriots,Denver Broncos,draftkings,spreads,New England Patriots,-110,-2.5
2026-08-28T01:34:27Z,f62dba1e231083f489c391271a1f171c,2027-01-03T18:00:00Z,New England Patriots,Denver Broncos,draftkings,totals,Over,-110,42.5
2026-08-28T01:34:27Z,f62dba1e231083f489c391271a1f171c,2027-01-03T18:00:00Z,New England Patriots,Denver Broncos,draftkings,totals,Under,-110,42.5
2026-08-28T01:34:27Z,c96a3e9e40569b4ed5a546dff131c61d,2027-01-03T18:00:00Z,Jacksonville Jaguars,Washington Commanders,draftkings,spreads,Jacksonville Jaguars,-110,-3.5
2026-08-28T01:34:27Z,c96a3e9e40569b4ed5a546dff131c61d,2027-01-03T18:00:00Z,Jacksonville Jaguars,Washington Commanders,draftkings,spreads,Washington Commanders,-110,3.5
2026-08-28T01:34:27Z,c96a3e9e40569b4ed5a546dff131c61d,2027-01-03T18:00:00Z,Jacksonville Jaguars,Washington Commanders,draftkings,totals,Over,-110,48.5
2026-08-28T01:34:27Z,c96a3e9e40569b4ed5a546dff131c61d,2027-01-03T18:00:00Z,Jacksonville Jaguars,Washington Commanders,draftkings,totals,Under,-110,48.5
2026-08-28T01:34:27Z,c96a3e9e40569b4ed5a546dff131c61d,2027-01-03T18:00:00Z,Jacksonville Jaguars,Washington Commanders,betus,spreads,Jacksonville Jaguars,-110,-3.5
2026-08-28T01:34:27Z,c96a3e9e40569b4ed5a546dff131c61d,2027-01-03T18:00:00Z,Jacksonville Jaguars,Washington Commanders,betus,spreads,Washington Commanders,-110,3.5
2026-08-28T01:34:27Z,c96a3e9e40569b4ed5a546dff131c61d,2027-01-03T18:00:00Z,Jacksonville Jaguars,Washington Commanders,betus,totals,Over,-110,48.5
2026-08-28T01:34:27Z,c96a3e9e40569b4ed5a546dff131c61d,2027-01-03T18:00:00Z,Jacksonville Jaguars,Washington Commanders,betus,totals,Under,-110,48.5
2026-08-28T01:34:27Z,419106b9bcc9f7ef39cfc2d1ee9a3f87,2027-01-03T18:00:00Z,Tampa Bay Buccaneers,Los Angeles Rams,draftkings,spreads,Los Angeles Rams,-110,-4.5
2026-08-28T01:34:27Z,419106b9bcc9f7ef39cfc2d1ee9a3f87,2027-01-03T18:00:00Z,Tampa Bay Buccaneers,Los Angeles Rams,draftkings,spreads,Tampa Bay Buccaneers,-110,4.5
2026-08-28T01:34:27Z,419106b9bcc9f7ef39cfc2d1ee9a3f87,2027-01-03T18:00:00Z,Tampa Bay Buccaneers,Los Angeles Rams,draftkings,totals,Over,-110,48.5
2026-08-28T01:34:27Z,419106b9bcc9f7ef39cfc2d1ee9a3f87,2027-01-03T18:00:00Z,Tampa Bay Buccaneers,Los Angeles Rams,draftkings,totals,Under,-110,48.5
2026-08-28T01:34:27Z,bfe51fa0034c9d22a69ffd80e2d717f5,2027-01-03T18:00:00Z,New York Jets,Minnesota Vikings,draftkings,spreads,Minnesota Vikings,-110,-3.5
2026-08-28T01:34:27Z,bfe51fa0034c9d22a69ffd80e2d717f5,2027-01-03T18:00:00Z,New York Jets,Minnesota Vikings,draftkings,spreads,New York Jets,-110,3.5
2026-08-28T01:34:27Z,bfe51fa0034c9d22a69ffd80e2d717f5,2027-01-03T18:00:00Z,New York Jets,Minnesota Vikings,draftkings,totals,Over,-110,39.5
2026-08-28T01:34:27Z,bfe51fa0034c9d22a69ffd80e2d717f5,2027-01-03T18:00:00Z,New York Jets,Minnesota Vikings,draftkings,totals,Under,-110,39.5
2026-08-28T01:34:27Z,d0ffa5ed13cbd7610f9176041464404a,2027-01-03T18:00:00Z,Tennessee Titans,Pittsburgh Steelers,draftkings,spreads,Pittsburgh Steelers,-110,-1.5
2026-08-28T01:34:27Z,d0ffa5ed13cbd7610f9176041464404a,2027-01-03T18:00:00Z,Tennessee Titans,Pittsburgh Steelers,draftkings,spreads,Tennessee Titans,-110,1.5
2026-08-28T01:34:27Z,d0ffa5ed13cbd7610f9176041464404a,2027-01-03T18:00:00Z,Tennessee Titans,Pittsburgh Steelers,draftkings,totals,Over,-110,42.5
2026-08-28T01:34:27Z,d0ffa5ed13cbd7610f9176041464404a,2027-01-03T18:00:00Z,Tennessee Titans,Pittsburgh Steelers,draftkings,totals,Under,-110,42.5
2026-08-28T01:34:27Z,d0ffa5ed13cbd7610f9176041464404a,2027-01-03T18:00:00Z,Tennessee Titans,Pittsburgh Steelers,betus,spreads,Pittsburgh Steelers,-110,-1.5
2026-08-28T01:34:27Z,d0ffa5ed13cbd7610f9176041464404a,2027-01-03T18:00:00Z,Tennessee Titans,Pittsburgh Steelers,betus,spreads,Tennessee Titans,-110,1.5
2026-08-28T01:34:27Z,d0ffa5ed13cbd7610f9176041464404a,2027-01-03T18:00:00Z,Tennessee Titans,Pittsburgh Steelers,betus,totals,Over,-110,42.5
2026-08-28T01:34:27Z,d0ffa5ed13cbd7610f9176041464404a,2027-01-03T18:00:00Z,Tennessee Titans,Pittsburgh Steelers,betus,totals,Under,-110,42.5
2026-08-28T01:34:27Z,08abdb683fcb6d77f66baed136f47283,2027-01-03T21:05:00Z,Arizona Cardinals,Las Vegas Raiders,draftkings,spreads,Arizona Cardinals,-105,1.5
2026-08-28T01:34:27Z,08abdb683fcb6d77f66baed136f47283,2027-01-03T21:05:00Z,Arizona Cardinals,Las Vegas Raiders,draftkings,spreads,Las Vegas Raiders,-115,-1.5
2026-08-28T01:34:27Z,08abdb683fcb6d77f66baed136f47283,2027-01-03T21:05:00Z,Arizona Cardinals,Las Vegas Raiders,draftkings,totals,Over,-110,42.5
2026-08-28T01:34:27Z,08abdb683fcb6d77f66baed136f47283,2027-01-03T21:05:00Z,Arizona Cardinals,Las Vegas Raiders,draftkings,totals,Under,-110,42.5
2026-08-28T01:34:27Z,12089441cea51add4694cdde98b4a5b7,2027-01-03T21:25:00Z,Chicago Bears,Detroit Lions,draftkings,spreads,Chicago Bears,-110,-1.5
2026-08-28T01:34:27Z,12089441cea51add4694cdde98b4a5b7,2027-01-03T21:25:00Z,Chicago Bears,Detroit Lions,draftkings,spreads,Detroit Lions,-110,1.5
2026-08-28T01:34:27Z,12089441cea51add4694cdde98b4a5b7,2027-01-03T21:25:00Z,Chicago Bears,Detroit Lions,draftkings,totals,Over,-110,49.5
2026-08-28T01:34:27Z,12089441cea51add4694cdde98b4a5b7,2027-01-03T21:25:00Z,Chicago Bears,Detroit Lions,draftkings,totals,Under,-110,49.5
2026-08-28T01:34:27Z,67d842cb73300ef923959105698b63bb,2027-01-03T21:25:00Z,Los Angeles Chargers,Kansas City Chiefs,draftkings,spreads,Kansas City Chiefs,-110,1.5
2026-08-28T01:34:27Z,67d842cb73300ef923959105698b63bb,2027-01-03T21:25:00Z,Los Angeles Chargers,Kansas City Chiefs,draftkings,spreads,Los Angeles Chargers,-110,-1.5
2026-08-28T01:34:27Z,67d842cb73300ef923959105698b63bb,2027-01-03T21:25:00Z,Los Angeles Chargers,Kansas City Chiefs,draftkings,totals,Over,-110,45.5
2026-08-28T01:34:27Z,67d842cb73300ef923959105698b63bb,2027-01-03T21:25:00Z,Los Angeles Chargers,Kansas City Chiefs,draftkings,totals,Under,-110,45.5
2026-08-28T01:34:27Z,67d842cb73300ef923959105698b63bb,2027-01-03T21:25:00Z,Los Angeles Chargers,Kansas City Chiefs,betus,spreads,Kansas City Chiefs,-110,1.5
2026-08-28T01:34:27Z,67d842cb73300ef923959105698b63bb,2027-01-03T21:25:00Z,Los Angeles Chargers,Kansas City Chiefs,betus,spreads,Los Angeles Chargers,-110,-1.5
2026-08-28T01:34:27Z,67d842cb73300ef923959105698b63bb,2027-01-03T21:25:00Z,Los Angeles Chargers,Kansas City Chiefs,betus,totals,Over,-110,45.5
2026-08-28T01:34:27Z,67d842cb73300ef923959105698b63bb,2027-01-03T21:25:00Z,Los Angeles Chargers,Kansas City Chiefs,betus,totals,Under,-110,45.5
2026-08-28T01:34:27Z,e7820b1226edbb1ef1fddce6b20f963d,2027-01-04T01:20:00Z,San Francisco 49ers,Philadelphia Eagles,draftkings,spreads,Philadelphia Eagles,-110,1.5
2026-08-28T01:34:27Z,e7820b1226edbb1ef1fddce6b20f963d,2027-01-04T01:20:00Z,San Francisco 49ers,Philadelphia Eagles,draftkings,spreads,San Francisco 49ers,-110,-1.5
2026-08-28T01:34:27Z,e7820b1226edbb1ef1fddce6b20f963d,2027-01-04T01:20:00Z,San Francisco 49ers,Philadelphia Eagles,draftkings,totals,Over,-110,45.5
2026-08-28T01:34:27Z,e7820b1226edbb1ef1fddce6b20f963d,2027-01-04T01:20:00Z,San Francisco 49ers,Philadelphia Eagles,draftkings,totals,Under,-110,45.5
2026-08-28T01:34:27Z,e7820b1226edbb1ef1fddce6b20f963d,2027-01-04T01:20:00Z,San Francisco 49ers,Philadelphia Eagles,betus,spreads,Philadelphia Eagles,-110,1.5
2026-08-28T01:34:27Z,e7820b1226edbb1ef1fddce6b20f963d,2027-01-04T01:20:00Z,San Francisco 49ers,Philadelphia Eagles,betus,spreads,San Francisco 49ers,-110,-1.5
2026-08-28T01:34:27Z,e7820b1226edbb1ef1fddce6b20f963d,2027-01-04T01:20:00Z,San Francisco 49ers,Philadelphia Eagles,betus,totals,Over,-110,45.5
2026-08-28T01:34:27Z,e7820b1226edbb1ef1fddce6b20f963d,2027-01-04T01:20:00Z,San Francisco 49ers,Philadelphia Eagles,betus,totals,Under,-110,45.5
2026-08-28T01:34:27Z,37bc346543da471e067b695b862ccfe9,2027-01-05T01:15:00Z,Green Bay Packers,Houston Texans,draftkings,spreads,Green Bay Packers,-110,-2.5
2026-08-28T01:34:27Z,37bc346543da471e067b695b862ccfe9,2027-01-05T01:15:00Z,Green Bay Packers,Houston Texans,draftkings,spreads,Houston Texans,-110,2.5
2026-08-28T01:34:27Z,37bc346543da471e067b695b862ccfe9,2027-01-05T01:15:00Z,Green Bay Packers,Houston Texans,draftkings,totals,Over,-110,42.5
2026-08-28T01:34:27Z,37bc346543da471e067b695b862ccfe9,2027-01-05T01:15:00Z,Green Bay Packers,Houston Texans,draftkings,totals,Under,-110,42.5
2026-08-28T01:34:27Z,7f809a45bc8baedf0cb0259e7da7cd29,2027-01-10T18:00:00Z,Carolina Panthers,Atlanta Falcons,draftkings,spreads,Atlanta Falcons,-110,2.5
2026-08-28T01:34:27Z,7f809a45bc8baedf0cb0259e7da7cd29,2027-01-10T18:00:00Z,Carolina Panthers,Atlanta Falcons,draftkings,spreads,Carolina Panthers,-110,-2.5
2026-08-28T01:34:27Z,7f809a45bc8baedf0cb0259e7da7cd29,2027-01-10T18:00:00Z,Carolina Panthers,Atlanta Falcons,draftkings,totals,Over,-110,41.5
2026-08-28T01:34:27Z,7f809a45bc8baedf0cb0259e7da7cd29,2027-01-10T18:00:00Z,Carolina Panthers,Atlanta Falcons,draftkings,totals,Under,-110,41.5
2026-08-28T01:34:27Z,d7da5587a88a7fc35c36b453d3264d5a,2027-01-10T18:00:00Z,Baltimore Ravens,Pittsburgh Steelers,draftkings,spreads,Baltimore Ravens,-110,-5.5
2026-08-28T01:34:27Z,d7da5587a88a7fc35c36b453d3264d5a,2027-01-10T18:00:00Z,Baltimore Ravens,Pittsburgh Steelers,draftkings,spreads,Pittsburgh Steelers,-110,5.5
2026-08-28T01:34:27Z,d7da5587a88a7fc35c36b453d3264d5a,2027-01-10T18:00:00Z,Baltimore Ravens,Pittsburgh Steelers,draftkings,totals,Over,-110,43.5
2026-08-28T01:34:27Z,d7da5587a88a7fc35c36b453d3264d5a,2027-01-10T18:00:00Z,Baltimore Ravens,Pittsburgh Steelers,draftkings,totals,Under,-110,43.5
2026-08-28T01:34:27Z,d7da5587a88a7fc35c36b453d3264d5a,2027-01-10T18:00:00Z,Baltimore Ravens,Pittsburgh Steelers,betus,spreads,Baltimore Ravens,-110,-5.5
2026-08-28T01:34:27Z,d7da5587a88a7fc35c36b453d3264d5a,2027-01-10T18:00:00Z,Baltimore Ravens,Pittsburgh Steelers,betus,spreads,Pittsburgh Steelers,-110,5.5
2026-08-28T01:34:27Z,d7da5587a88a7fc35c36b453d3264d5a,2027-01-10T18:00:00Z,Baltimore Ravens,Pittsburgh Steelers,betus,totals,Over,-110,43.5
2026-08-28T01:34:27Z,d7da5587a88a7fc35c36b453d3264d5a,2027-01-10T18:00:00Z,Baltimore Ravens,Pittsburgh Steelers,betus,totals,Under,-110,43.5
2026-08-28T01:34:27Z,97cbd9ad26dff1af47192120defe112d,2027-01-10T18:00:00Z,Buffalo Bills,New York Jets,draftkings,spreads,Buffalo Bills,-110,-10.0
2026-08-28T01:34:27Z,97cbd9ad26dff1af47192120defe112d,2027-01-10T18:00:00Z,Buffalo Bills,New York Jets,draftkings,spreads,New York Jets,-110,10.0
2026-08-28T01:34:27Z,97cbd9ad26dff1af47192120defe112d,2027-01-10T18:00:00Z,Buffalo Bills,New York Jets,draftkings,totals,Over,-110,43.5
2026-08-28T01:34:27Z,97cbd9ad26dff1af47192120defe112d,2027-01-10T18:00:00Z,Buffalo Bills,New York Jets,draftkings,totals,Under,-110,43.5
2026-08-28T01:34:27Z,d190fb7ea85c33b96a495041dad22142,2027-01-10T18:00:00Z,Minnesota Vikings,Chicago Bears,draftkings,spreads,Chicago Bears,-110,1.5
2026-08-28T01:34:27Z,d190fb7ea85c33b96a495041dad22142,2027-01-10T18:00:00Z,Minnesota Vikings,Chicago Bears,draftkings,spreads,Minnesota Vikings,-110,-1.5
2026-08-28T01:34:27Z,d190fb7ea85c33b96a495041dad22142,2027-01-10T18:00:00Z,Minnesota Vikings,Chicago Bears,draftkings,totals,Over,-110,43.5
2026-08-28T01:34:27Z,d190fb7ea85c33b96a495041dad22142,2027-01-10T18:00:00Z,Minnesota Vikings,Chicago Bears,draftkings,totals,Under,-110,43.5
2026-08-28T01:34:27Z,8c16104c8afc72b583531508b2aa1c33,2027-01-10T18:00:00Z,Cincinnati Bengals,Cleveland Browns,draftkings,spreads,Cincinnati Bengals,-110,-7.5
2026-08-28T01:34:27Z,8c16104c8afc72b583531508b2aa1c33,2027-01-10T18:00:00Z,Cincinnati Bengals,Cleveland Browns,draftkings,spreads,Cleveland Browns,-110,7.5
2026-08-28T01:34:27Z,8c16104c8afc72b583531508b2aa1c33,2027-01-10T18:00:00Z,Cincinnati Bengals,Cleveland Browns,draftkings,totals,Over,-110,43.5
2026-08-28T01:34:27Z,8c16104c8afc72b583531508b2aa1c33,2027-01-10T18:00:00Z,Cincinnati Bengals,Cleveland Browns,draftkings,totals,Under,-110,43.5
2026-08-28T01:34:27Z,3f460f14b810d7bf642bdf7b658530c0,2027-01-10T18:00:00Z,Washington Commanders,Dallas Cowboys,draftkings,spreads,Dallas Cowboys,-110,-1.5
2026-08-28T01:34:27Z,3f460f14b810d7bf642bdf7b658530c0,2027-01-10T18:00:00Z,Washington Commanders,Dallas Cowboys,draftkings,spreads,Washington Commanders,-110,1.5
2026-08-28T01:34:27Z,3f460f14b810d7bf642bdf7b658530c0,2027-01-10T18:00:00Z,Washington Commanders,Dallas Cowboys,draftkings,totals,Over,-110,49.5
2026-08-28T01:34:27Z,3f460f14b810d7bf642bdf7b658530c0,2027-01-10T18:00:00Z,Washington Commanders,Dallas Cowboys,draftkings,totals,Under,-110,49.5
2026-08-28T01:34:27Z,71d0d10e384393c1e071c39dd3931c19,2027-01-10T18:00:00Z,Denver Broncos,Los Angeles Chargers,draftkings,spreads,Denver Broncos,-110,-1.5
2026-08-28T01:34:27Z,71d0d10e384393c1e071c39dd3931c19,2027-01-10T18:00:00Z,Denver Broncos,Los Angeles Chargers,draftkings,spreads,Los Angeles Chargers,-110,1.5
2026-08-28T01:34:27Z,71d0d10e384393c1e071c39dd3931c19,2027-01-10T18:00:00Z,Denver Broncos,Los Angeles Chargers,draftkings,totals,Over,-110,41.5
2026-08-28T01:34:27Z,71d0d10e384393c1e071c39dd3931c19,2027-01-10T18:00:00Z,Denver Broncos,Los Angeles Chargers,draftkings,totals,Under,-110,41.5
2026-08-28T01:34:27Z,8f81778bbdb984be44e24a3d55a49b4d,2027-01-10T18:00:00Z,Green Bay Packers,Detroit Lions,draftkings,spreads,Detroit Lions,-110,2.5
2026-08-28T01:34:27Z,8f81778bbdb984be44e24a3d55a49b4d,2027-01-10T18:00:00Z,Green Bay Packers,Detroit Lions,draftkings,spreads,Green Bay Packers,-110,-2.5
2026-08-28T01:34:27Z,8f81778bbdb984be44e24a3d55a49b4d,2027-01-10T18:00:00Z,Green Bay Packers,Detroit Lions,draftkings,totals,Over,-110,47.5
2026-08-28T01:34:27Z,8f81778bbdb984be44e24a3d55a49b4d,2027-01-10T18:00:00Z,Green Bay Packers,Detroit Lions,draftkings,totals,Under,-110,47.5
2026-08-28T01:34:27Z,9bb63096709ba607443c454d2a813b14,2027-01-10T18:00:00Z,Houston Texans,Tennessee Titans,draftkings,spreads,Houston Texans,-110,-7.0
2026-08-28T01:34:27Z,9bb63096709ba607443c454d2a813b14,2027-01-10T18:00:00Z,Houston Texans,Tennessee Titans,draftkings,spreads,Tennessee Titans,-110,7.0
2026-08-28T01:34:27Z,9bb63096709ba607443c454d2a813b14,2027-01-10T18:00:00Z,Houston Texans,Tennessee Titans,draftkings,totals,Over,-110,39.5
2026-08-28T01:34:27Z,9bb63096709ba607443c454d2a813b14,2027-01-10T18:00:00Z,Houston Texans,Tennessee Titans,draftkings,totals,Under,-110,39.5
2026-08-28T01:34:27Z,bea47af467e217653bba8d69888e4d95,2027-01-10T18:00:00Z,Indianapolis Colts,Jacksonville Jaguars,draftkings,spreads,Indianapolis Colts,-110,-1.5
2026-08-28T01:34:27Z,bea47af467e217653bba8d69888e4d95,2027-01-10T18:00:00Z,Indianapolis Colts,Jacksonville Jaguars,draftkings,spreads,Jacksonville Jaguars,-110,1.5
2026-08-28T01:34:27Z,bea47af467e217653bba8d69888e4d95,2027-01-10T18:00:00Z,Indianapolis Colts,Jacksonville Jaguars,draftkings,totals,Over,-110,46.5
2026-08-28T01:34:27Z,bea47af467e217653bba8d69888e4d95,2027-01-10T18:00:00Z,Indianapolis Colts,Jacksonville Jaguars,draftkings,totals,Under,-110,46.5
2026-08-28T01:34:27Z,bea47af467e217653bba8d69888e4d95,2027-01-10T18:00:00Z,Indianapolis Colts,Jacksonville Jaguars,betus,spreads,Indianapolis Colts,100,-1.5
2026-08-28T01:34:27Z,bea47af467e217653bba8d69888e4d95,2027-01-10T18:00:00Z,Indianapolis Colts,Jacksonville Jaguars,betus,spreads,Jacksonville Jaguars,-120,1.5
2026-08-28T01:34:27Z,bea47af467e217653bba8d69888e4d95,2027-01-10T18:00:00Z,Indianapolis Colts,Jacksonville Jaguars,betus,totals,Over,-110,46.5
2026-08-28T01:34:27Z,bea47af467e217653bba8d69888e4d95,2027-01-10T18:00:00Z,Indianapolis Colts,Jacksonville Jaguars,betus,totals,Under,-110,46.5
2026-08-28T01:34:27Z,bb66a6f02c535c0cd8b9c689a5513687,2027-01-10T18:00:00Z,Kansas City Chiefs,Las Vegas Raiders,draftkings,spreads,Kansas City Chiefs,-110,-8.5
2026-08-28T01:34:27Z,bb66a6f02c535c0cd8b9c689a5513687,2027-01-10T18:00:00Z,Kansas City Chiefs,Las Vegas Raiders,draftkings,spreads,Las Vegas Raiders,-110,8.5
2026-08-28T01:34:27Z,bb66a6f02c535c0cd8b9c689a5513687,2027-01-10T18:00:00Z,Kansas City Chiefs,Las Vegas Raiders,draftkings,totals,Over,-110,40.5
2026-08-28T01:34:27Z,bb66a6f02c535c0cd8b9c689a5513687,2027-01-10T18:00:00Z,Kansas City Chiefs,Las Vegas Raiders,draftkings,totals,Under,-110,40.5
2026-08-28T01:34:27Z,f370f9410ef82b37bd15d1719434370b,2027-01-10T18:00:00Z,New England Patriots,Miami Dolphins,draftkings,spreads,Miami Dolphins,-110,10.5
2026-08-28T01:34:27Z,f370f9410ef82b37bd15d1719434370b,2027-01-10T18:00:00Z,New England Patriots,Miami Dolphins,draftkings,spreads,New England Patriots,-110,-10.5
2026-08-28T01:34:27Z,f370f9410ef82b37bd15d1719434370b,2027-01-10T18:00:00Z,New England Patriots,Miami Dolphins,draftkings,totals,Over,-110,42.5
2026-08-28T01:34:27Z,f370f9410ef82b37bd15d1719434370b,2027-01-10T18:00:00Z,New England Patriots,Miami Dolphins,draftkings,totals,Under,-110,42.5
2026-08-28T01:34:27Z,7b8ce34c0e173e4ff6ccf8e8caa09113,2027-01-10T18:00:00Z,New Orleans Saints,Tampa Bay Buccaneers,draftkings,spreads,New Orleans Saints,-110,1.5
2026-08-28T01:34:27Z,7b8ce34c0e173e4ff6ccf8e8caa09113,2027-01-10T18:00:00Z,New Orleans Saints,Tampa Bay Buccaneers,draftkings,spreads,Tampa Bay Buccaneers,-110,-1.5
2026-08-28T01:34:27Z,7b8ce34c0e173e4ff6ccf8e8caa09113,2027-01-10T18:00:00Z,New Orleans Saints,Tampa Bay Buccaneers,draftkings,totals,Over,-110,43.5
2026-08-28T01:34:27Z,7b8ce34c0e173e4ff6ccf8e8caa09113,2027-01-10T18:00:00Z,New Orleans Saints,Tampa Bay Buccaneers,draftkings,totals,Under,-110,43.5
2026-08-28T01:34:27Z,7b8ce34c0e173e4ff6ccf8e8caa09113,2027-01-10T18:00:00Z,New Orleans Saints,Tampa Bay Buccaneers,betus,spreads,New Orleans Saints,-115,1.5
2026-08-28T01:34:27Z,7b8ce34c0e173e4ff6ccf8e8caa09113,2027-01-10T18:00:00Z,New Orleans Saints,Tampa Bay Buccaneers,betus,spreads,Tampa Bay Buccaneers,-105,-1.5
2026-08-28T01:34:27Z,7b8ce34c0e173e4ff6ccf8e8caa09113,2027-01-10T18:00:00Z,New Orleans Saints,Tampa Bay Buccaneers,betus,totals,Over,-110,43.5
2026-08-28T01:34:27Z,7b8ce34c0e173e4ff6ccf8e8caa09113,2027-01-10T18:00:00Z,New Orleans Saints,Tampa Bay Buccaneers,betus,totals,Under,-110,43.5
2026-08-28T01:34:27Z,01baed6f9d6482c5d89d37379c7c63c7,2027-01-10T18:00:00Z,New York Giants,Philadelphia Eagles,draftkings,spreads,New York Giants,-110,3.0
2026-08-28T01:34:27Z,01baed6f9d6482c5d89d37379c7c63c7,2027-01-10T18:00:00Z,New York Giants,Philadelphia Eagles,draftkings,spreads,Philadelphia Eagles,-110,-3.0
2026-08-28T01:34:27Z,01baed6f9d6482c5d89d37379c7c63c7,2027-01-10T18:00:00Z,New York Giants,Philadelphia Eagles,draftkings,totals,Over,-110,41.5
2026-08-28T01:34:27Z,01baed6f9d6482c5d89d37379c7c63c7,2027-01-10T18:00:00Z,New York Giants,Philadelphia Eagles,draftkings,totals,Under,-110,41.5
2026-08-28T01:34:27Z,f1480276ab67dcf60686556ba9336695,2027-01-10T21:05:00Z,Arizona Cardinals,San Francisco 49ers,draftkings,spreads,Arizona Cardinals,-110,8.5
2026-08-28T01:34:27Z,f1480276ab67dcf60686556ba9336695,2027-01-10T21:05:00Z,Arizona Cardinals,San Francisco 49ers,draftkings,spreads,San Francisco 49ers,-110,-8.5
2026-08-28T01:34:27Z,f1480276ab67dcf60686556ba9336695,2027-01-10T21:05:00Z,Arizona Cardinals,San Francisco 49ers,draftkings,totals,Over,-110,44.5
2026-08-28T01:34:27Z,f1480276ab67dcf60686556ba9336695,2027-01-10T21:05:00Z,Arizona Cardinals,San Francisco 49ers,draftkings,totals,Under,-110,44.5
2026-08-28T01:34:27Z,f1480276ab67dcf60686556ba9336695,2027-01-10T21:05:00Z,Arizona Cardinals,San Francisco 49ers,betus,spreads,Arizona Cardinals,-110,8.5
2026-08-28T01:34:27Z,f1480276ab67dcf60686556ba9336695,2027-01-10T21:05:00Z,Arizona Cardinals,San Francisco 49ers,betus,spreads,San Francisco 49ers,-110,-8.5
2026-08-28T01:34:27Z,f1480276ab67dcf60686556ba9336695,2027-01-10T21:05:00Z,Arizona Cardinals,San Francisco 49ers,betus,totals,Over,-110,44.5
2026-08-28T01:34:27Z,f1480276ab67dcf60686556ba9336695,2027-01-10T21:05:00Z,Arizona Cardinals,San Francisco 49ers,betus,totals,Under,-110,44.5
2026-08-28T01:34:27Z,dc2d9177b48e6f3962dabb1407aba7d3,2027-01-10T21:05:00Z,Los Angeles Rams,Seattle Seahawks,draftkings,spreads,Los Angeles Rams,-110,-3.0
2026-08-28T01:34:27Z,dc2d9177b48e6f3962dabb1407aba7d3,2027-01-10T21:05:00Z,Los Angeles Rams,Seattle Seahawks,draftkings,spreads,Seattle Seahawks,-110,3.0
2026-08-28T01:34:27Z,dc2d9177b48e6f3962dabb1407aba7d3,2027-01-10T21:05:00Z,Los Angeles Rams,Seattle Seahawks,draftkings,totals,Over,-110,44.5
2026-08-28T01:34:27Z,dc2d9177b48e6f3962dabb1407aba7d3,2027-01-10T21:05:00Z,Los Angeles Rams,Seattle Seahawks,draftkings,totals,Under,-110,44.5
