season,week,game_id,away_team,home_team,away_off_rank,away_def_rank,home_off_rank,home_def_rank,away_score,home_score
2016,1,2016_01_BUF_BAL,BUF,BAL,1,1,1,1,7,13
2016,1,2016_01_CAR_DEN,CAR,DEN,1,1,1,1,20,21
2016,1,2016_01_CHI_HOU,CHI,HOU,1,1,1,1,14,23
2016,1,2016_01_CIN_NYJ,CIN,NYJ,1,1,1,1,23,22
2016,1,2016_01_CLE_PHI,CLE,PHI,1,1,1,1,10,29
2016,1,2016_01_DET_IND,DET,IND,1,1,1,1,39,35
2016,1,2016_01_GB_JAX,GB,JAX,1,1,1,1,27,23
2016,1,2016_01_LA_SF,LA,SF,1,1,1,1,0,28
2016,1,2016_01_MIA_SEA,MIA,SEA,1,1,1,1,10,12
2016,1,2016_01_MIN_TEN,MIN,TEN,1,1,1,1,25,16
2016,1,2016_01_NE_ARI,NE,ARI,1,1,1,1,23,21
2016,1,2016_01_NYG_DAL,NYG,DAL,1,1,1,1,20,19
2016,1,2016_01_OAK_NO,OAK,NO,1,1,1,1,35,34
2016,1,2016_01_PIT_WAS,PIT,WAS,1,1,1,1,38,16
2016,1,2016_01_SD_KC,SD,KC,1,1,1,1,27,33
2016,1,2016_01_TB_ATL,TB,ATL,1,1,1,1,31,24
2016,2,2016_02_ATL_OAK,ATL,OAK,11,18,3,20,35,28
2016,2,2016_02_BAL_CLE,BAL,CLE,19,2,21,17,25,20
2016,2,2016_02_CIN_PIT,CIN,PIT,12,11,2,7,16,24
2016,2,2016_02_DAL_WAS,DAL,WAS,16,9,17,22,27,23
2016,2,2016_02_GB_MIN,GB,MIN,9,12,10,7,14,17
2016,2,2016_02_IND_DEN,IND,DEN,3,23,14,9,20,34
2016,2,2016_02_JAX_SD,JAX,SD,12,15,9,19,14,38
2016,2,2016_02_KC_HOU,KC,HOU,5,15,12,6,12,19
2016,2,2016_02_MIA_NE,MIA,NE,21,4,12,10,24,31
2016,2,2016_02_NO_NYG,NO,NYG,4,21,15,8,13,16
2016,2,2016_02_NYJ_BUF,NYJ,BUF,13,12,22,5,37,31
2016,2,2016_02_PHI_CHI,PHI,CHI,7,3,18,12,29,14
2016,2,2016_02_SEA_LA,SEA,LA,20,3,23,16,3,9
2016,2,2016_02_SF_CAR,SF,CAR,8,1,15,10,27,46
2016,2,2016_02_TB_ARI,TB,ARI,6,13,14,12,7,40
2016,2,2016_02_TEN_DET,TEN,DET,17,14,1,21,16,15
2016,3,2016_03_ARI_BUF,ARI,BUF,5,5,16,14,18,33
2016,3,2016_03_ATL_NO,ATL,NO,6,18,10,15,45,32
2016,3,2016_03_BAL_JAX,BAL,JAX,16,4,17,20,19,17
2016,3,2016_03_CHI_DAL,CHI,DAL,22,16,11,9,17,31
2016,3,2016_03_CLE_MIA,CLE,MIA,21,17,19,9,24,30
2016,3,2016_03_DEN_CIN,DEN,CIN,8,8,15,11,29,17
2016,3,2016_03_DET_GB,DET,GB,9,15,14,8,27,34
2016,3,2016_03_HOU_NE,HOU,NE,13,3,9,10,0,27
2016,3,2016_03_LA_TB,LA,TB,24,6,16,19,37,32
2016,3,2016_03_MIN_CAR,MIN,CAR,13,5,1,13,22,10
2016,3,2016_03_NYJ_KC,NYJ,KC,6,17,12,11,3,24
2016,3,2016_03_OAK_TEN,OAK,TEN,3,21,20,8,17,10
2016,3,2016_03_PIT_PHI,PIT,PHI,4,7,7,2,3,34
2016,3,2016_03_SD_IND,SD,IND,2,12,8,22,22,26
2016,3,2016_03_SF_SEA,SF,SEA,8,11,23,1,18,37
2016,3,2016_03_WAS_NYG,WAS,NYG,15,20,18,7,29,27
2016,4,2016_04_BUF_NE,BUF,NE,12,14,5,5,16,0
2016,4,2016_04_CAR_ATL,CAR,ATL,9,15,1,23,33,48
2016,4,2016_04_CLE_WAS,CLE,WAS,22,21,15,24,20,31
2016,4,2016_04_DAL_SF,DAL,SF,8,9,11,20,24,17
2016,4,2016_04_DEN_TB,DEN,TB,4,8,13,27,27,7
2016,4,2016_04_DET_CHI,DET,CHI,5,22,25,20,14,17
2016,4,2016_04_IND_JAX,IND,JAX,5,25,22,21,27,30
2016,4,2016_04_KC_PIT,KC,PIT,14,6,16,12,14,43
2016,4,2016_04_LA_ARI,LA,ARI,24,11,7,11,17,13
2016,4,2016_04_MIA_CIN,MIA,CIN,17,13,21,17,7,22
2016,4,2016_04_NO_SD,NO,SD,7,26,3,16,35,34
2016,4,2016_04_NYG_MIN,NYG,MIN,18,10,17,3,10,24
2016,4,2016_04_OAK_BAL,OAK,BAL,6,19,20,4,28,27
2016,4,2016_04_SEA_NYJ,SEA,NYJ,23,2,19,18,27,17
2016,4,2016_04_TEN_HOU,TEN,HOU,26,8,26,7,20,27
2016,5,2016_05_ARI_SF,ARI,SF,10,12,11,22,33,21
2016,5,2016_05_ATL_DEN,ATL,DEN,1,28,4,5,23,16
2016,5,2016_05_BUF_LA,BUF,LA,13,7,25,10,30,19
2016,5,2016_05_CHI_IND,CHI,IND,26,18,6,29,23,29
2016,5,2016_05_CIN_DAL,CIN,DAL,18,13,7,11,14,28
2016,5,2016_05_HOU_MIN,HOU,MIN,24,9,12,2,13,31
2016,5,2016_05_NE_CLE,NE,CLE,16,4,21,26,33,13
2016,5,2016_05_NYG_GB,NYG,GB,22,15,20,6,16,23
2016,5,2016_05_NYJ_PIT,NYJ,PIT,17,20,6,12,13,31
2016,5,2016_05_PHI_DET,PHI,DET,10,1,9,19,23,24
2016,5,2016_05_SD_OAK,SD,OAK,2,23,6,21,31,34
2016,5,2016_05_TB_CAR,TB,CAR,19,30,5,27,17,14
2016,5,2016_05_TEN_MIA,TEN,MIA,26,14,23,16,30,17
2016,5,2016_05_WAS_BAL,WAS,BAL,8,25,14,8,16,10
2016,6,2016_06_ATL_SEA,ATL,SEA,1,25,25,2,24,26
2016,6,2016_06_BAL_NYG,BAL,NYG,16,7,18,14,23,27
2016,6,2016_06_CAR_NO,CAR,NO,9,22,13,21,38,41
2016,6,2016_06_CIN_NE,CIN,NE,17,15,13,4,17,35
2016,6,2016_06_CLE_TEN,CLE,TEN,20,27,17,11,26,28
2016,6,2016_06_DAL_GB,DAL,GB,6,8,15,5,30,16
2016,6,2016_06_DEN_SD,DEN,SD,7,6,2,26,13,21
2016,6,2016_06_IND_HOU,IND,HOU,5,27,24,12,23,26
2016,6,2016_06_JAX_CHI,JAX,CHI,22,16,21,20,17,16
2016,6,2016_06_KC_OAK,KC,OAK,23,9,3,24,26,10
2016,6,2016_06_LA_DET,LA,DET,24,13,10,19,28,31
2016,6,2016_06_NYJ_ARI,NYJ,ARI,17,23,8,11,3,28
2016,6,2016_06_PHI_WAS,PHI,WAS,12,1,12,18,20,27
2016,6,2016_06_PIT_MIA,PIT,MIA,4,10,19,17,15,30
2016,6,2016_06_SF_BUF,SF,BUF,14,25,11,6,16,45
2016,7,2016_07_BAL_NYJ,BAL,NYJ,20,10,29,22,16,24
2016,7,2016_07_BUF_MIA,BUF,MIA,3,5,19,14,25,28
2016,7,2016_07_CHI_GB,CHI,GB,28,17,22,9,10,26
2016,7,2016_07_CLE_CIN,CLE,CIN,23,26,25,18,17,31
2016,7,2016_07_HOU_DEN,HOU,DEN,26,12,14,8,9,27
2016,7,2016_07_IND_TEN,IND,TEN,5,25,17,12,34,26
2016,7,2016_07_MIN_PHI,MIN,PHI,18,1,15,2,10,21
2016,7,2016_07_NE_PIT,NE,PIT,12,3,8,11,27,16
2016,7,2016_07_NO_KC,NO,KC,7,24,25,4,21,27
2016,7,2016_07_NYG_LA,NYG,LA,21,13,24,15,17,10
2016,7,2016_07_OAK_JAX,OAK,JAX,10,21,28,12,33,16
2016,7,2016_07_SD_ATL,SD,ATL,2,20,1,23,33,30
2016,7,2016_07_SEA_ARI,SEA,ARI,27,2,9,6,6,6
2016,7,2016_07_TB_SF,TB,SF,30,16,16,27,34,17
2016,7,2016_07_WAS_DET,WAS,DET,13,16,11,19,17,20
2016,8,2016_08_ARI_CAR,ARI,CAR,10,4,9,18,20,30
2016,8,2016_08_DET_HOU,DET,HOU,7,17,22,11,13,20
2016,8,2016_08_GB_ATL,GB,ATL,14,6,1,23,32,33
2016,8,2016_08_JAX_TEN,JAX,TEN,22,13,12,14,22,36
2016,8,2016_08_KC_IND,KC,IND,15,6,3,24,30,14
2016,8,2016_08_MIN_CHI,MIN,CHI,18,1,23,16,10,20
2016,8,2016_08_NE_BUF,NE,BUF,6,3,4,7,41,25
2016,8,2016_08_NYJ_CLE,NYJ,CLE,21,20,17,25,31,28
2016,8,2016_08_OAK_TB,OAK,TB,5,19,19,12,30,24
2016,8,2016_08_PHI_DAL,PHI,DAL,11,2,10,3,23,29
2016,8,2016_08_SD_DEN,SD,DEN,2,21,8,5,19,27
2016,8,2016_08_SEA_NO,SEA,NO,23,1,6,22,20,25
2016,8,2016_08_WAS_CIN,WAS,CIN,10,15,14,15,27,27
2016,9,2016_09_ATL_TB,ATL,TB,1,28,20,19,43,28
2016,9,2016_09_BUF_SEA,BUF,SEA,5,16,27,2,25,31
2016,9,2016_09_CAR_LA,CAR,LA,9,21,28,12,13,10
2016,9,2016_09_DAL_CLE,DAL,CLE,10,4,19,29,35,10
2016,9,2016_09_DEN_OAK,DEN,OAK,8,6,4,22,20,30
2016,9,2016_09_DET_MIN,DET,MIN,12,20,24,1,22,16
2016,9,2016_09_IND_GB,IND,GB,6,27,15,13,31,26
2016,9,2016_09_JAX_KC,JAX,KC,24,21,18,7,14,19
2016,9,2016_09_NO_SF,NO,SF,7,25,23,26,41,23
2016,9,2016_09_NYJ_MIA,NYJ,MIA,21,23,22,14,23,27
2016,9,2016_09_PHI_NYG,PHI,NYG,14,3,26,10,23,28
2016,9,2016_09_PIT_BAL,PIT,BAL,16,11,26,8,14,21
2016,9,2016_09_TEN_SD,TEN,SD,13,18,2,24,35,43
2016,10,2016_10_ATL_PHI,ATL,PHI,1,26,12,5,15,24
2016,10,2016_10_CHI_TB,CHI,TB,28,12,17,21,10,36
2016,10,2016_10_CIN_NYG,CIN,NYG,21,15,23,8,20,21
2016,10,2016_10_CLE_BAL,CLE,BAL,20,28,25,7,7,28
2016,10,2016_10_DAL_PIT,DAL,PIT,7,4,16,11,35,30
2016,10,2016_10_DEN_NO,DEN,NO,9,9,4,23,25,23
2016,10,2016_10_GB_TEN,GB,TEN,13,14,8,20,25,47
2016,10,2016_10_HOU_JAX,HOU,JAX,27,10,26,18,24,21
2016,10,2016_10_KC_CAR,KC,CAR,15,6,11,17,20,17
2016,10,2016_10_LA_NYJ,LA,NYJ,29,10,19,22,9,6
2016,10,2016_10_MIA_SD,MIA,SD,19,13,2,24,31,24
2016,10,2016_10_MIN_WAS,MIN,WAS,24,1,14,15,20,26
2016,10,2016_10_SEA_NE,SEA,NE,22,3,8,2,31,24
2016,10,2016_10_SF_ARI,SF,ARI,21,27,18,4,20,23
2016,11,2016_11_ARI_MIN,ARI,MIN,18,3,23,1,24,30
2016,11,2016_11_BAL_DAL,BAL,DAL,21,3,5,6,17,27
2016,11,2016_11_BUF_CIN,BUF,CIN,9,11,20,14,16,12
2016,11,2016_11_CHI_NYG,CHI,NYG,26,15,21,8,16,22
2016,11,2016_11_GB_WAS,GB,WAS,11,18,15,13,24,42
2016,11,2016_11_HOU_OAK,HOU,OAK,25,9,6,16,20,27
2016,11,2016_11_JAX_DET,JAX,DET,24,19,16,12,19,26
2016,11,2016_11_MIA_LA,MIA,LA,17,12,27,7,14,10
2016,11,2016_11_NE_SF,NE,SF,7,4,20,26,30,17
2016,11,2016_11_NO_CAR,NO,CAR,3,24,12,17,20,23
2016,11,2016_11_PHI_SEA,PHI,SEA,10,3,19,2,15,26
2016,11,2016_11_PIT_CLE,PIT,CLE,14,12,23,27,24,9
2016,11,2016_11_TB_KC,TB,KC,13,20,16,5,19,17
2016,11,2016_11_TEN_IND,TEN,IND,4,22,8,23,17,24
2016,12,2016_12_ARI_ATL,ARI,ATL,17,7,1,24,19,38
2016,12,2016_12_CAR_OAK,CAR,OAK,11,17,5,15,32,35
2016,12,2016_12_CIN_BAL,CIN,BAL,23,12,23,5,14,19
2016,12,2016_12_GB_PHI,GB,PHI,10,22,12,4,27,13
2016,12,2016_12_JAX_BUF,JAX,BUF,24,19,9,9,21,28
2016,12,2016_12_KC_DEN,KC,DEN,18,5,13,6,30,27
2016,12,2016_12_LA_NO,LA,NO,29,5,3,25,21,49
2016,12,2016_12_MIN_DET,MIN,DET,21,2,16,11,13,16
2016,12,2016_12_NE_NYJ,NE,NYJ,6,3,27,16,22,17
2016,12,2016_12_NYG_CLE,NYG,CLE,22,8,25,27,27,13
2016,12,2016_12_PIT_IND,PIT,IND,14,9,7,20,28,7
2016,12,2016_12_SD_HOU,SD,HOU,2,23,26,9,21,13
2016,12,2016_12_SEA_TB,SEA,TB,19,1,15,18,5,14
2016,12,2016_12_SF_MIA,SF,MIA,22,26,20,10,24,31
2016,12,2016_12_TEN_CHI,TEN,CHI,4,21,28,14,27,21
2016,12,2016_12_WAS_DAL,WAS,DAL,8,13,3,5,26,31
2016,13,2016_13_BUF_OAK,BUF,OAK,8,10,6,16,24,38
2016,13,2016_13_CAR_SEA,CAR,SEA,10,17,21,1,7,40
2016,13,2016_13_DAL_MIN,DAL,MIN,3,5,22,2,17,15
2016,13,2016_13_DEN_JAX,DEN,JAX,13,7,23,20,20,10
2016,13,2016_13_DET_NO,DET,NO,17,11,2,24,28,13
2016,13,2016_13_HOU_GB,HOU,GB,27,10,11,18,13,21
2016,13,2016_13_IND_NYJ,IND,NYJ,12,22,26,15,41,10
2016,13,2016_13_KC_ATL,KC,ATL,15,6,1,23,29,28
2016,13,2016_13_LA_NE,LA,NE,29,10,7,3,10,26
2016,13,2016_13_MIA_BAL,MIA,BAL,16,12,22,4,6,38
2016,13,2016_13_NYG_PIT,NYG,PIT,19,5,13,8,14,24
2016,13,2016_13_PHI_CIN,PHI,CIN,14,5,24,13,14,32
2016,13,2016_13_SF_CHI,SF,CHI,20,25,28,14,6,26
2016,13,2016_13_TB_SD,TB,SD,16,14,4,19,28,21
2016,13,2016_13_WAS_ARI,WAS,ARI,9,14,18,9,23,31
2016,14,2016_14_ARI_MIA,ARI,MIA,17,10,22,16,23,26
2016,14,2016_14_ATL_LA,ATL,LA,1,27,31,13,42,14
2016,14,2016_14_BAL_NE,BAL,NE,21,2,6,2,23,30
2016,14,2016_14_CHI_DET,CHI,DET,29,14,18,10,17,20
2016,14,2016_14_CIN_CLE,CIN,CLE,23,12,30,29,23,10
2016,14,2016_14_DAL_NYG,DAL,NYG,5,4,23,7,7,10
2016,14,2016_14_DEN_TEN,DEN,TEN,13,5,8,19,10,13
2016,14,2016_14_HOU_IND,HOU,IND,27,11,7,23,22,17
2016,14,2016_14_MIN_JAX,MIN,JAX,25,3,26,24,25,16
2016,14,2016_14_NO_TB,NO,TB,2,28,16,17,11,16
2016,14,2016_14_NYJ_SF,NYJ,SF,28,22,24,30,23,17
2016,14,2016_14_OAK_KC,OAK,KC,3,20,15,8,13,21
2016,14,2016_14_PIT_BUF,PIT,BUF,12,6,9,15,27,20
2016,14,2016_14_SD_CAR,SD,CAR,4,25,14,26,16,28
2016,14,2016_14_SEA_GB,SEA,GB,20,1,11,21,10,38
2016,14,2016_14_WAS_PHI,WAS,PHI,10,18,19,9,27,22
2016,15,2016_15_CAR_WAS,CAR,WAS,12,25,7,21,26,15
2016,15,2016_15_CLE_BUF,CLE,BUF,29,30,9,17,13,33
2016,15,2016_15_DET_NYG,DET,NYG,16,10,24,7,6,17
2016,15,2016_15_GB_CHI,GB,CHI,6,20,28,15,30,27
2016,15,2016_15_IND_MIN,IND,MIN,8,24,23,1,34,6
2016,15,2016_15_JAX_HOU,JAX,HOU,26,26,27,13,20,21
2016,15,2016_15_LA_SEA,LA,SEA,30,18,21,3,3,24
2016,15,2016_15_MIA_NYJ,MIA,NYJ,19,17,27,23,34,13
2016,15,2016_15_NE_DEN,NE,DEN,4,2,15,6,16,3
2016,15,2016_15_NO_ARI,NO,ARI,2,29,14,14,48,41
2016,15,2016_15_OAK_SD,OAK,SD,2,22,3,28,19,16
2016,15,2016_15_PHI_BAL,PHI,BAL,18,12,20,4,26,27
2016,15,2016_15_PIT_CIN,PIT,CIN,11,9,22,11,24,20
2016,15,2016_15_SF_ATL,SF,ATL,25,31,1,27,13,41
2016,15,2016_15_TB_DAL,TB,DAL,17,16,5,5,20,26
2016,15,2016_15_TEN_KC,TEN,KC,10,19,13,8,19,17
2016,16,2016_16_ARI_SEA,ARI,SEA,11,17,20,2,34,31
2016,16,2016_16_ATL_CAR,ATL,CAR,1,23,12,22,33,16
2016,16,2016_16_BAL_PIT,BAL,PIT,17,6,10,8,27,31
2016,16,2016_16_CIN_HOU,CIN,HOU,21,10,25,11,10,12
2016,16,2016_16_DEN_KC,DEN,KC,19,4,13,7,10,33
2016,16,2016_16_DET_DAL,DET,DAL,18,9,4,4,21,42
2016,16,2016_16_IND_OAK,IND,OAK,7,20,3,19,25,33
2016,16,2016_16_MIA_BUF,MIA,BUF,15,13,8,13,34,31
2016,16,2016_16_MIN_GB,MIN,GB,23,5,6,20,25,38
2016,16,2016_16_NYG_PHI,NYG,PHI,22,3,14,12,19,24
2016,16,2016_16_NYJ_NE,NYJ,NE,27,23,5,1,3,41
2016,16,2016_16_SD_CLE,SD,CLE,4,25,28,27,17,20
2016,16,2016_16_SF_LA,SF,LA,23,28,29,18,22,21
2016,16,2016_16_TB_NO,TB,NO,16,15,2,26,24,31
2016,16,2016_16_TEN_JAX,TEN,JAX,11,16,24,24,17,38
2016,16,2016_16_WAS_CHI,WAS,CHI,9,21,26,14,41,21
2016,17,2016_17_ARI_LA,ARI,LA,11,18,31,16,44,6
2016,17,2016_17_BAL_CIN,BAL,CIN,19,7,23,11,10,27
2016,17,2016_17_BUF_NYJ,BUF,NYJ,7,15,29,26,10,30
2016,17,2016_17_CAR_TB,CAR,TB,14,24,18,17,16,17
2016,17,2016_17_CHI_MIN,CHI,MIN,27,19,25,8,10,38
2016,17,2016_17_CLE_PIT,CLE,PIT,30,28,12,9,24,27
2016,17,2016_17_DAL_PHI,DAL,PHI,4,4,17,12,13,27
2016,17,2016_17_GB_DET,GB,DET,6,20,21,13,31,24
2016,17,2016_17_HOU_TEN,HOU,TEN,28,10,13,19,17,24
2016,17,2016_17_JAX_IND,JAX,IND,23,23,8,21,20,24
2016,17,2016_17_KC_SD,KC,SD,15,5,10,25,37,27
2016,17,2016_17_NE_MIA,NE,MIA,5,1,16,14,35,14
2016,17,2016_17_NO_ATL,NO,ATL,2,27,1,22,32,38
2016,17,2016_17_NYG_WAS,NYG,WAS,24,3,9,20,19,10
2016,17,2016_17_OAK_DEN,OAK,DEN,3,19,22,6,6,24
2016,17,2016_17_SEA_SF,SEA,SF,20,2,26,29,25,23
2017,1,2017_01_ARI_DET,ARI,DET,1,1,1,1,23,35
2017,1,2017_01_ATL_CHI,ATL,CHI,1,1,1,1,23,17
2017,1,2017_01_BAL_CIN,BAL,CIN,1,1,1,1,20,0
2017,1,2017_01_CAR_SF,CAR,SF,1,1,1,1,23,3
2017,1,2017_01_IND_LA,IND,LA,1,1,1,1,9,46
2017,1,2017_01_JAX_HOU,JAX,HOU,1,1,1,1,29,7
2017,1,2017_01_KC_NE,KC,NE,1,1,1,1,42,27
2017,1,2017_01_LAC_DEN,LAC,DEN,1,1,1,1,21,24
2017,1,2017_01_NO_MIN,NO,MIN,1,1,1,1,19,29
2017,1,2017_01_NYG_DAL,NYG,DAL,1,1,1,1,3,19
2017,1,2017_01_NYJ_BUF,NYJ,BUF,1,1,1,1,12,21
2017,1,2017_01_OAK_TEN,OAK,TEN,1,1,1,1,26,16
2017,1,2017_01_PHI_WAS,PHI,WAS,1,1,1,1,30,17
2017,1,2017_01_PIT_CLE,PIT,CLE,1,1,1,1,21,18
2017,1,2017_01_SEA_GB,SEA,GB,1,1,1,1,9,17
2017,2,2017_02_ARI_IND,ARI,IND,9,18,17,20,16,13
2017,2,2017_02_BUF_CAR,BUF,CAR,10,5,9,2,3,9
2017,2,2017_02_CHI_TB,CHI,TB,14,12,20,1,7,29
2017,2,2017_02_CLE_BAL,CLE,BAL,13,11,11,1,10,24
2017,2,2017_02_DAL_DEN,DAL,DEN,12,2,8,11,17,42
2017,2,2017_02_DET_NYG,DET,NYG,3,12,19,9,24,10
2017,2,2017_02_GB_ATL,GB,ATL,14,4,9,7,23,34
2017,2,2017_02_HOU_CIN,HOU,CIN,18,16,20,10,13,9
2017,2,2017_02_MIA_LAC,MIA,LAC,20,1,10,13,19,17
2017,2,2017_02_MIN_PIT,MIN,PIT,5,9,10,8,9,26
2017,2,2017_02_NE_NO,NE,NO,6,19,12,16,36,20
2017,2,2017_02_NYJ_OAK,NYJ,OAK,16,11,7,6,20,45
2017,2,2017_02_PHI_KC,PHI,KC,4,7,2,15,20,27
2017,2,2017_02_SF_SEA,SF,SEA,19,12,17,7,9,12
2017,2,2017_02_TEN_JAX,TEN,JAX,15,14,5,3,37,16
2017,2,2017_02_WAS_LA,WAS,LA,14,17,1,4,27,20
2017,3,2017_03_ATL_DET,ATL,DET,6,12,5,8,30,26
2017,3,2017_03_BAL_JAX,BAL,JAX,11,3,10,15,7,44
2017,3,2017_03_CIN_GB,CIN,GB,26,8,12,14,24,27
2017,3,2017_03_CLE_IND,CLE,IND,18,16,20,21,28,31
2017,3,2017_03_DAL_ARI,DAL,ARI,15,16,13,18,28,17
2017,3,2017_03_DEN_BUF,DEN,BUF,3,11,19,5,16,26
2017,3,2017_03_HOU_NE,HOU,NE,22,11,4,21,33,36
2017,3,2017_03_KC_LAC,KC,LAC,2,17,14,14,24,10
2017,3,2017_03_LA_SF,LA,SF,3,10,25,9,41,39
2017,3,2017_03_MIA_NYJ,MIA,NYJ,23,4,16,23,6,20
2017,3,2017_03_NO_CAR,NO,CAR,13,22,16,1,34,13
2017,3,2017_03_NYG_PHI,NYG,PHI,24,14,8,15,24,27
2017,3,2017_03_OAK_WAS,OAK,WAS,1,10,11,19,10,27
2017,3,2017_03_PIT_CHI,PIT,CHI,9,7,19,20,17,23
2017,3,2017_03_SEA_TEN,SEA,TEN,21,6,7,13,27,33
2017,3,2017_03_TB_MIN,TB,MIN,17,2,14,16,17,34
2017,4,2017_04_BUF_ATL,BUF,ATL,20,1,5,13,23,17
2017,4,2017_04_CAR_NE,CAR,NE,24,2,2,24,33,30
2017,4,2017_04_CHI_GB,CHI,GB,22,16,14,14,14,35
2017,4,2017_04_CIN_CLE,CIN,CLE,26,9,16,21,31,7
2017,4,2017_04_DET_MIN,DET,MIN,7,11,12,10,14,7
2017,4,2017_04_IND_SEA,IND,SEA,17,23,21,8,18,46
2017,4,2017_04_JAX_NYJ,JAX,NYJ,4,5,18,18,20,23
2017,4,2017_04_LA_DAL,LA,DAL,1,20,15,10,35,30
2017,4,2017_04_NO_MIA,NO,MIA,11,22,27,1,20,0
2017,4,2017_04_NYG_TB,NYG,TB,25,17,23,3,23,25
2017,4,2017_04_OAK_DEN,OAK,DEN,9,11,8,12,10,16
2017,4,2017_04_PHI_LAC,PHI,LAC,10,15,21,14,26,24
2017,4,2017_04_PIT_BAL,PIT,BAL,15,4,19,6,26,9
2017,4,2017_04_SF_ARI,SF,ARI,19,21,16,21,15,18
2017,4,2017_04_TEN_HOU,TEN,HOU,6,16,17,19,14,57
2017,4,2017_04_WAS_KC,WAS,KC,13,9,3,7,20,29
2017,5,2017_05_ARI_PHI,ARI,PHI,19,16,7,17,7,34
2017,5,2017_05_BAL_OAK,BAL,OAK,27,12,14,11,30,17
2017,5,2017_05_BUF_CIN,BUF,CIN,20,1,24,5,16,20
2017,5,2017_05_CAR_DET,CAR,DET,17,6,10,6,27,24
2017,5,2017_05_GB_DAL,GB,DAL,8,13,12,21,35,31
2017,5,2017_05_JAX_PIT,JAX,PIT,5,7,15,3,30,9
2017,5,2017_05_KC_HOU,KC,HOU,3,9,4,14,42,34
2017,5,2017_05_LAC_NYG,LAC,NYG,21,18,27,20,27,22
2017,5,2017_05_MIN_CHI,MIN,CHI,16,8,26,22,20,17
2017,5,2017_05_NE_TB,NE,TB,2,26,22,4,19,14
2017,5,2017_05_NYJ_CLE,NYJ,CLE,18,17,25,24,17,14
2017,5,2017_05_SEA_LA,SEA,LA,12,9,1,23,16,10
2017,5,2017_05_SF_IND,SF,IND,23,19,22,27,23,26
2017,5,2017_05_TEN_MIA,TEN,MIA,9,25,28,2,10,16
2017,6,2017_06_CHI_BAL,CHI,BAL,25,19,19,9,27,24
2017,6,2017_06_CLE_HOU,CLE,HOU,26,19,4,21,17,33
2017,6,2017_06_DET_NO,DET,NO,8,9,16,3,38,52
2017,6,2017_06_GB_MIN,GB,MIN,6,14,13,7,10,23
2017,6,2017_06_IND_TEN,IND,TEN,15,24,9,23,22,36
2017,6,2017_06_LAC_OAK,LAC,OAK,13,15,10,12,17,16
2017,6,2017_06_LA_JAX,LA,JAX,2,17,5,4,27,17
2017,6,2017_06_MIA_ATL,MIA,ATL,27,1,12,6,20,17
2017,6,2017_06_NE_NYJ,NE,NYJ,3,23,17,11,24,17
2017,6,2017_06_NYG_DEN,NYG,DEN,23,18,14,2,23,10
2017,6,2017_06_PHI_CAR,PHI,CAR,6,10,11,8,28,23
2017,6,2017_06_PIT_KC,PIT,KC,13,6,1,13,19,13
2017,6,2017_06_SF_WAS,SF,WAS,20,16,18,6,24,26
2017,6,2017_06_TB_ARI,TB,ARI,21,4,24,20,33,38
2017,7,2017_07_ARI_LA,ARI,LA,15,26,1,20,0,33
2017,7,2017_07_ATL_NE,ATL,NE,14,8,3,27,7,23
2017,7,2017_07_BAL_MIN,BAL,MIN,19,14,13,7,16,24
2017,7,2017_07_CAR_CHI,CAR,CHI,10,13,24,23,3,17
2017,7,2017_07_CIN_PIT,CIN,PIT,27,2,16,6,14,29
2017,7,2017_07_DAL_SF,DAL,SF,11,18,20,21,40,10
2017,7,2017_07_DEN_LAC,DEN,LAC,23,5,18,17,0,21
2017,7,2017_07_JAX_IND,JAX,IND,6,9,15,29,27,0
2017,7,2017_07_KC_OAK,KC,OAK,2,16,12,15,30,31
2017,7,2017_07_NO_GB,NO,GB,9,11,7,19,26,17
2017,7,2017_07_NYJ_MIA,NYJ,MIA,22,16,28,3,28,31
2017,7,2017_07_SEA_NYG,SEA,NYG,21,4,24,18,24,7
2017,7,2017_07_TB_BUF,TB,BUF,16,12,26,1,27,30
2017,7,2017_07_TEN_CLE,TEN,CLE,8,28,25,25,12,9
2017,7,2017_07_WAS_PHI,WAS,PHI,17,10,4,13,24,34
2017,8,2017_08_ATL_NYJ,ATL,NYJ,21,9,17,20,25,20
2017,8,2017_08_CAR_TB,CAR,TB,19,12,15,18,17,3
2017,8,2017_08_CHI_NO,CHI,NO,23,18,7,10,12,20
2017,8,2017_08_DAL_WAS,DAL,WAS,8,13,16,15,33,19
2017,8,2017_08_DEN_KC,DEN,KC,26,6,2,20,19,29
2017,8,2017_08_HOU_SEA,HOU,SEA,6,15,18,1,38,41
2017,8,2017_08_IND_CIN,IND,CIN,24,26,28,4,23,24
2017,8,2017_08_LAC_NE,LAC,NE,17,8,4,21,13,21
2017,8,2017_08_MIA_BAL,MIA,BAL,29,4,20,16,0,40
2017,8,2017_08_MIN_CLE,MIN,CLE,14,7,27,22,33,16
2017,8,2017_08_OAK_BUF,OAK,BUF,12,19,24,2,14,34
2017,8,2017_08_PIT_DET,PIT,DET,13,5,10,17,20,15
2017,8,2017_08_SF_PHI,SF,PHI,22,24,3,14,10,33
2017,9,2017_09_ARI_SF,ARI,SF,27,23,24,25,20,10
2017,9,2017_09_ATL_CAR,ATL,CAR,19,11,21,7,17,20
2017,9,2017_09_BAL_TEN,BAL,TEN,12,10,17,17,20,23
2017,9,2017_09_BUF_NYJ,BUF,NYJ,19,2,18,20,21,34
2017,9,2017_09_CIN_JAX,CIN,JAX,26,5,8,1,7,23
2017,9,2017_09_DEN_PHI,DEN,PHI,25,9,2,12,23,51
2017,9,2017_09_DET_GB,DET,GB,10,15,15,13,30,17
2017,9,2017_09_IND_HOU,IND,HOU,22,26,4,21,20,14
2017,9,2017_09_KC_DAL,KC,DAL,1,19,6,13,17,28
2017,9,2017_09_LA_NYG,LA,NYG,5,6,28,12,51,17
2017,9,2017_09_OAK_MIA,OAK,MIA,13,22,29,11,27,24
2017,9,2017_09_TB_NO,TB,NO,21,14,7,8,10,30
2017,9,2017_09_WAS_SEA,WAS,SEA,16,19,11,4,17,14
2017,10,2017_10_CIN_TEN,CIN,TEN,26,7,13,15,20,24
2017,10,2017_10_CLE_DET,CLE,DET,27,19,8,13,24,38
2017,10,2017_10_DAL_ATL,DAL,ATL,5,11,17,10,7,27
2017,10,2017_10_GB_CHI,GB,CHI,13,14,25,9,23,16
2017,10,2017_10_HOU_LA,HOU,LA,4,21,2,6,7,33
2017,10,2017_10_LAC_JAX,LAC,JAX,22,5,8,1,17,20
2017,10,2017_10_MIA_CAR,MIA,CAR,28,12,18,8,21,45
2017,10,2017_10_MIN_WAS,MIN,WAS,14,3,15,16,38,30
2017,10,2017_10_NE_DEN,NE,DEN,7,12,22,17,41,16
2017,10,2017_10_NO_BUF,NO,BUF,6,6,16,4,47,10
2017,10,2017_10_NYG_SF,NYG,SF,26,20,23,23,21,31
2017,10,2017_10_NYJ_TB,NYJ,TB,10,20,21,17,10,15
2017,10,2017_10_PIT_IND,PIT,IND,19,2,20,24,20,17
2017,10,2017_10_SEA_ARI,SEA,ARI,12,4,24,18,22,16
2017,11,2017_11_ARI_HOU,ARI,HOU,27,20,7,26,21,31
2017,11,2017_11_ATL_SEA,ATL,SEA,17,7,12,4,34,31
2017,11,2017_11_BAL_GB,BAL,GB,19,5,15,14,23,0
2017,11,2017_11_BUF_LAC,BUF,LAC,21,12,25,6,24,54
2017,11,2017_11_CIN_DEN,CIN,DEN,29,9,26,24,20,17
2017,11,2017_11_DET_CHI,DET,CHI,6,16,28,10,27,24
2017,11,2017_11_JAX_CLE,JAX,CLE,9,1,30,25,19,7
2017,11,2017_11_KC_NYG,KC,NYG,5,15,28,23,9,12
2017,11,2017_11_LA_MIN,LA,MIN,1,3,10,4,7,24
2017,11,2017_11_NE_OAK,NE,OAK,4,11,18,18,33,8
2017,11,2017_11_PHI_DAL,PHI,DAL,2,7,8,13,37,9
2017,11,2017_11_TB_MIA,TB,MIA,24,15,31,21,30,20
2017,11,2017_11_TEN_PIT,TEN,PIT,14,17,20,2,17,40
2017,11,2017_11_WAS_NO,WAS,NO,13,22,3,4,31,34
2017,12,2017_12_BUF_KC,BUF,KC,17,20,7,12,16,10
2017,12,2017_12_CAR_NYJ,CAR,NYJ,16,5,20,14,35,27
2017,12,2017_12_CHI_PHI,CHI,PHI,24,13,1,7,3,31
2017,12,2017_12_CLE_CIN,CLE,CIN,28,23,25,9,16,30
2017,12,2017_12_DEN_OAK,DEN,OAK,21,23,18,19,14,21
2017,12,2017_12_GB_PIT,GB,PIT,18,16,13,2,28,31
2017,12,2017_12_HOU_BAL,HOU,BAL,6,25,16,3,16,23
2017,12,2017_12_JAX_ARI,JAX,ARI,8,1,23,22,24,27
2017,12,2017_12_LAC_DAL,LAC,DAL,15,8,9,18,28,6
2017,12,2017_12_MIA_NE,MIA,NE,27,22,4,10,17,35
2017,12,2017_12_MIN_DET,MIN,DET,10,4,5,17,30,23
2017,12,2017_12_NO_LA,NO,LA,3,8,2,6,20,26
2017,12,2017_12_NYG_WAS,NYG,WAS,26,19,11,26,10,20
2017,12,2017_12_SEA_SF,SEA,SF,9,9,24,24,24,13
2017,12,2017_12_TB_ATL,TB,ATL,19,15,12,11,20,34
2017,12,2017_12_TEN_IND,TEN,IND,14,21,22,27,20,16
2017,13,2017_13_CAR_NO,CAR,NO,14,8,4,12,21,31
2017,13,2017_13_CLE_LAC,CLE,LAC,30,29,13,6,10,19
2017,13,2017_13_DEN_MIA,DEN,MIA,24,26,28,29,9,35
2017,13,2017_13_DET_BAL,DET,BAL,5,20,16,2,20,44
2017,13,2017_13_HOU_TEN,HOU,TEN,6,28,15,22,13,24
2017,13,2017_13_IND_JAX,IND,JAX,25,30,9,1,10,30
2017,13,2017_13_KC_NYJ,KC,NYJ,7,14,18,16,31,38
2017,13,2017_13_LA_ARI,LA,ARI,2,7,22,25,32,16
2017,13,2017_13_MIN_ATL,MIN,ATL,8,5,11,13,14,9
2017,13,2017_13_NE_BUF,NE,BUF,3,11,20,17,23,3
2017,13,2017_13_NYG_OAK,NYG,OAK,29,21,19,18,17,24
2017,13,2017_13_PHI_SEA,PHI,SEA,1,3,10,9,10,24
2017,13,2017_13_PIT_CIN,PIT,CIN,12,4,23,10,23,20
2017,13,2017_13_SF_CHI,SF,CHI,26,27,27,15,15,14
2017,13,2017_13_TB_GB,TB,GB,21,19,17,18,20,26
2017,13,2017_13_WAS_DAL,WAS,DAL,12,24,14,23,14,38
2017,14,2017_14_BAL_PIT,BAL,PIT,12,3,11,5,38,39
2017,14,2017_14_CHI_CIN,CHI,CIN,27,12,22,9,33,7
2017,14,2017_14_DAL_NYG,DAL,NYG,9,18,28,20,30,10
2017,14,2017_14_DET_TB,DET,TB,4,22,20,19,24,21
2017,14,2017_14_GB_CLE,GB,CLE,18,15,29,22,27,21
2017,14,2017_14_IND_BUF,IND,BUF,25,27,21,17,7,13
2017,14,2017_14_MIN_CAR,MIN,CAR,10,2,15,9,24,31
2017,14,2017_14_NE_MIA,NE,MIA,3,8,23,21,20,27
2017,14,2017_14_NO_ATL,NO,ATL,2,10,13,11,17,20
2017,14,2017_14_NYJ_DEN,NYJ,DEN,17,19,24,26,0,23
2017,14,2017_14_OAK_KC,OAK,KC,19,14,5,13,15,26
2017,14,2017_14_PHI_LA,PHI,LA,1,6,1,7,43,35
2017,14,2017_14_SEA_JAX,SEA,JAX,8,7,6,1,24,30
2017,14,2017_14_SF_HOU,SF,HOU,26,21,7,23,26,16
2017,14,2017_14_TEN_ARI,TEN,ARI,17,16,22,24,7,12
2017,14,2017_14_WAS_LAC,WAS,LAC,14,25,16,4,13,30
2017,15,2017_15_ARI_WAS,ARI,WAS,22,23,16,29,15,20
2017,15,2017_15_ATL_TB,ATL,TB,15,8,19,20,24,21
2017,15,2017_15_BAL_CLE,BAL,CLE,8,4,29,27,27,10
2017,15,2017_15_CHI_DET,CHI,DET,26,13,5,26,10,20
2017,15,2017_15_CIN_MIN,CIN,MIN,25,12,12,3,7,34
2017,15,2017_15_DAL_OAK,DAL,OAK,9,16,19,18,20,17
2017,15,2017_15_DEN_IND,DEN,IND,23,22,27,28,25,13
2017,15,2017_15_GB_CAR,GB,CAR,16,17,13,9,24,31
2017,15,2017_15_HOU_JAX,HOU,JAX,11,27,6,1,7,45
2017,15,2017_15_LAC_KC,LAC,KC,14,2,6,14,13,30
2017,15,2017_15_LA_SEA,LA,SEA,2,11,10,7,42,7
2017,15,2017_15_MIA_BUF,MIA,BUF,21,24,20,15,16,24
2017,15,2017_15_NE_PIT,NE,PIT,4,5,7,6,27,24
2017,15,2017_15_NYJ_NO,NYJ,NO,18,19,3,10,19,31
2017,15,2017_15_PHI_NYG,PHI,NYG,1,5,28,25,34,29
2017,15,2017_15_TEN_SF,TEN,SF,17,16,24,21,23,25
2017,16,2017_16_ATL_NO,ATL,NO,14,9,2,9,13,23
2017,16,2017_16_BUF_NE,BUF,NE,21,14,3,6,16,37
2017,16,2017_16_CLE_CHI,CLE,CHI,30,26,26,11,3,20
2017,16,2017_16_DEN_WAS,DEN,WAS,22,18,17,25,11,27
2017,16,2017_16_DET_CIN,DET,CIN,6,22,27,13,17,26
2017,16,2017_16_IND_BAL,IND,BAL,29,27,7,4,16,23
2017,16,2017_16_JAX_SF,JAX,SF,4,1,23,21,33,44
2017,16,2017_16_LAC_NYJ,LAC,NYJ,15,3,19,23,14,7
2017,16,2017_16_LA_TEN,LA,TEN,1,5,18,16,27,23
2017,16,2017_16_MIA_KC,MIA,KC,24,23,5,12,13,29
2017,16,2017_16_MIN_GB,MIN,GB,9,2,16,19,16,0
2017,16,2017_16_NYG_ARI,NYG,ARI,28,24,25,21,0,23
2017,16,2017_16_OAK_PHI,OAK,PHI,20,17,1,8,10,19
2017,16,2017_16_PIT_HOU,PIT,HOU,8,7,13,28,34,6
2017,16,2017_16_SEA_DAL,SEA,DAL,12,11,10,15,21,12
2017,16,2017_16_TB_CAR,TB,CAR,19,20,11,10,19,22
2017,17,2017_17_ARI_SEA,ARI,SEA,24,15,13,11,26,24
2017,17,2017_17_BUF_MIA,BUF,MIA,23,16,25,24,22,16
2017,17,2017_17_CAR_ATL,CAR,ATL,11,10,15,10,10,22
2017,17,2017_17_CHI_MIN,CHI,MIN,27,9,10,1,10,23
2017,17,2017_17_CIN_BAL,CIN,BAL,26,13,9,4,31,27
2017,17,2017_17_CLE_PIT,CLE,PIT,30,26,7,5,24,28
2017,17,2017_17_DAL_PHI,DAL,PHI,12,14,2,6,6,0
2017,17,2017_17_GB_DET,GB,DET,18,18,8,22,11,35
2017,17,2017_17_HOU_IND,HOU,IND,16,28,28,27,13,22
2017,17,2017_17_JAX_TEN,JAX,TEN,5,2,17,17,10,15
2017,17,2017_17_KC_DEN,KC,DEN,6,12,25,19,27,24
2017,17,2017_17_NO_TB,NO,TB,4,8,19,21,24,31
2017,17,2017_17_NYJ_NE,NYJ,NE,21,20,3,7,6,26
2017,17,2017_17_OAK_LAC,OAK,LAC,22,16,16,3,10,30
2017,17,2017_17_SF_LA,SF,LA,20,23,1,8,34,13
2017,17,2017_17_WAS_NYG,WAS,NYG,14,23,29,25,10,18
2018,1,2018_01_ATL_PHI,ATL,PHI,1,1,1,1,12,18
2018,1,2018_01_BUF_BAL,BUF,BAL,1,1,1,1,3,47
2018,1,2018_01_CHI_GB,CHI,GB,1,1,1,1,23,24
2018,1,2018_01_CIN_IND,CIN,IND,1,1,1,1,34,23
2018,1,2018_01_DAL_CAR,DAL,CAR,1,1,1,1,8,16
2018,1,2018_01_HOU_NE,HOU,NE,1,1,1,1,20,27
2018,1,2018_01_JAX_NYG,JAX,NYG,1,1,1,1,20,15
2018,1,2018_01_KC_LAC,KC,LAC,1,1,1,1,38,28
2018,1,2018_01_LA_OAK,LA,OAK,1,1,1,1,33,13
2018,1,2018_01_NYJ_DET,NYJ,DET,1,1,1,1,48,17
2018,1,2018_01_PIT_CLE,PIT,CLE,1,1,1,1,21,21
2018,1,2018_01_SEA_DEN,SEA,DEN,1,1,1,1,24,27
2018,1,2018_01_SF_MIN,SF,MIN,1,1,1,1,16,24
2018,1,2018_01_TB_NO,TB,NO,1,1,1,1,48,40
2018,1,2018_01_TEN_MIA,TEN,MIA,1,1,1,1,20,27
2018,1,2018_01_WAS_ARI,WAS,ARI,1,1,1,1,24,6
2018,2,2018_02_ARI_LA,ARI,LA,20,13,6,5,0,34
2018,2,2018_02_BAL_CIN,BAL,CIN,2,1,5,12,23,34
2018,2,2018_02_CAR_ATL,CAR,ATL,15,3,18,9,24,31
2018,2,2018_02_CLE_NO,CLE,NO,11,11,3,21,18,21
2018,2,2018_02_DET_SF,DET,SF,14,21,15,13,27,30
2018,2,2018_02_HOU_TEN,HOU,TEN,12,14,12,14,17,20
2018,2,2018_02_IND_WAS,IND,WAS,10,17,9,2,21,9
2018,2,2018_02_KC_PIT,KC,PIT,4,15,11,11,42,37
2018,2,2018_02_LAC_BUF,LAC,BUF,7,18,21,20,31,20
2018,2,2018_02_MIA_NYJ,MIA,NYJ,8,10,1,8,20,12
2018,2,2018_02_MIN_GB,MIN,GB,9,7,9,12,29,29
2018,2,2018_02_NE_JAX,NE,JAX,8,10,12,6,20,31
2018,2,2018_02_NYG_DAL,NYG,DAL,16,10,19,7,13,20
2018,2,2018_02_OAK_DEN,OAK,DEN,17,16,8,13,19,20
2018,2,2018_02_PHI_TB,PHI,TB,13,4,1,19,21,27
2018,2,2018_02_SEA_CHI,SEA,CHI,9,14,10,13,17,24
2018,3,2018_03_BUF_MIN,BUF,MIN,23,24,10,13,27,6
2018,3,2018_03_CHI_ARI,CHI,ARI,12,9,24,19,16,14
2018,3,2018_03_CIN_CAR,CIN,CAR,4,14,17,7,21,31
2018,3,2018_03_DAL_SEA,DAL,SEA,22,3,16,16,13,24
2018,3,2018_03_DEN_BAL,DEN,BAL,12,11,3,6,14,27
2018,3,2018_03_GB_WAS,GB,WAS,10,17,20,2,17,31
2018,3,2018_03_IND_PHI,IND,PHI,14,11,18,7,16,20
2018,3,2018_03_LAC_LA,LAC,LA,8,19,5,1,23,35
2018,3,2018_03_NE_DET,NE,DET,12,16,14,24,10,26
2018,3,2018_03_NO_ATL,NO,ATL,6,23,15,10,43,37
2018,3,2018_03_NYG_HOU,NYG,HOU,22,8,19,15,27,22
2018,3,2018_03_NYJ_CLE,NYJ,CLE,7,6,18,10,17,21
2018,3,2018_03_OAK_MIA,OAK,MIA,21,18,12,4,20,28
2018,3,2018_03_PIT_TB,PIT,TB,9,21,2,20,30,27
2018,3,2018_03_SF_KC,SF,KC,13,16,1,22,27,38
2018,3,2018_03_TEN_JAX,TEN,JAX,17,12,11,5,9,6
2018,4,2018_04_BAL_PIT,BAL,PIT,4,4,6,24,26,14
2018,4,2018_04_BUF_GB,BUF,GB,23,20,13,19,0,22
2018,4,2018_04_CIN_ATL,CIN,ATL,5,17,8,21,37,36
2018,4,2018_04_CLE_OAK,CLE,OAK,18,9,22,18,42,45
2018,4,2018_04_DET_DAL,DET,DAL,13,22,25,6,24,26
2018,4,2018_04_HOU_IND,HOU,IND,19,16,18,12,37,34
2018,4,2018_04_KC_DEN,KC,DEN,1,26,17,14,27,23
2018,4,2018_04_MIA_NE,MIA,NE,10,5,20,17,7,38
2018,4,2018_04_MIN_LA,MIN,LA,19,15,3,1,31,38
2018,4,2018_04_NO_NYG,NO,NYG,2,28,21,11,33,18
2018,4,2018_04_NYJ_JAX,NYJ,JAX,9,8,20,2,12,31
2018,4,2018_04_PHI_TEN,PHI,TEN,19,7,24,3,23,26
2018,4,2018_04_SEA_ARI,SEA,ARI,14,13,26,16,20,17
2018,4,2018_04_SF_LAC,SF,LAC,11,23,7,27,27,29
2018,4,2018_04_TB_CHI,TB,CHI,3,25,16,7,10,48
2018,5,2018_05_ARI_SF,ARI,SF,28,13,10,25,28,18
2018,5,2018_05_ATL_PIT,ATL,PIT,6,28,9,24,17,41
2018,5,2018_05_BAL_CLE,BAL,CLE,5,4,9,17,9,12
2018,5,2018_05_DAL_HOU,DAL,HOU,25,7,12,19,16,19
2018,5,2018_05_DEN_NYJ,DEN,NYJ,20,15,17,11,16,34
2018,5,2018_05_GB_DET,GB,DET,15,9,14,22,23,31
2018,5,2018_05_IND_NE,IND,NE,14,16,13,10,24,38
2018,5,2018_05_JAX_KC,JAX,KC,18,2,1,23,14,30
2018,5,2018_05_LA_SEA,LA,SEA,2,5,19,8,33,31
2018,5,2018_05_MIA_CIN,MIA,CIN,21,12,4,21,17,27
2018,5,2018_05_MIN_PHI,MIN,PHI,16,20,21,8,23,21
2018,5,2018_05_NYG_CAR,NYG,CAR,23,14,24,3,31,33
2018,5,2018_05_OAK_LAC,OAK,LAC,11,29,8,26,10,26
2018,5,2018_05_TEN_BUF,TEN,BUF,22,6,27,18,12,13
2018,5,2018_05_WAS_NO,WAS,NO,26,1,3,27,19,43
2018,6,2018_06_ARI_MIN,ARI,MIN,26,11,15,20,17,27
2018,6,2018_06_BAL_TEN,BAL,TEN,8,2,24,3,21,0
2018,6,2018_06_BUF_HOU,BUF,HOU,27,15,13,16,13,20
2018,6,2018_06_CAR_WAS,CAR,WAS,19,5,25,4,17,23
2018,6,2018_06_CHI_MIA,CHI,MIA,17,1,23,14,28,31
2018,6,2018_06_IND_NYJ,IND,NYJ,11,23,10,9,34,42
2018,6,2018_06_JAX_DAL,JAX,DAL,21,3,25,6,7,40
2018,6,2018_06_KC_NE,KC,NE,2,18,7,10,40,43
2018,6,2018_06_LAC_CLE,LAC,CLE,6,19,14,12,38,14
2018,6,2018_06_LA_DEN,LA,DEN,3,7,22,20,23,20
2018,6,2018_06_PHI_NYG,PHI,NYG,20,8,19,17,34,13
2018,6,2018_06_PIT_CIN,PIT,CIN,5,21,4,19,28,21
2018,6,2018_06_SEA_OAK,SEA,OAK,12,13,18,27,27,3
2018,6,2018_06_SF_GB,SF,GB,11,26,13,13,30,33
2018,6,2018_06_TB_ATL,TB,ATL,16,24,7,28,29,34
2018,7,2018_07_BUF_IND,BUF,IND,31,11,11,25,5,37
2018,7,2018_07_CAR_PHI,CAR,PHI,23,6,17,7,21,17
2018,7,2018_07_CIN_KC,CIN,KC,6,19,1,21,10,45
2018,7,2018_07_CLE_TB,CLE,TB,20,17,14,22,23,26
2018,7,2018_07_DAL_WAS,DAL,WAS,22,3,28,4,17,20
2018,7,2018_07_DEN_ARI,DEN,ARI,24,18,30,12,45,10
2018,7,2018_07_DET_MIA,DET,MIA,21,10,19,15,32,21
2018,7,2018_07_HOU_JAX,HOU,JAX,18,10,27,9,20,7
2018,7,2018_07_LA_SF,LA,SF,2,8,12,24,39,10
2018,7,2018_07_MIN_NYJ,MIN,NYJ,15,16,9,12,37,17
2018,7,2018_07_NE_CHI,NE,CHI,4,16,16,2,38,31
2018,7,2018_07_NO_BAL,NO,BAL,3,13,10,1,24,23
2018,7,2018_07_NYG_ATL,NYG,ATL,25,20,8,26,20,23
2018,7,2018_07_TEN_LAC,TEN,LAC,29,5,5,14,19,20
2018,8,2018_08_BAL_CAR,BAL,CAR,11,1,23,7,21,36
2018,8,2018_08_CLE_PIT,CLE,PIT,20,19,12,12,18,33
2018,8,2018_08_DEN_KC,DEN,KC,15,15,1,21,23,30
2018,8,2018_08_GB_LA,GB,LA,21,10,2,6,27,29
2018,8,2018_08_IND_OAK,IND,OAK,7,23,28,18,42,28
2018,8,2018_08_MIA_HOU,MIA,HOU,20,19,18,10,23,42
2018,8,2018_08_NE_BUF,NE,BUF,3,20,31,17,25,6
2018,8,2018_08_NO_MIN,NO,MIN,4,14,10,16,30,20
2018,8,2018_08_NYJ_CHI,NYJ,CHI,9,18,13,8,10,24
2018,8,2018_08_PHI_JAX,PHI,JAX,19,9,27,11,24,18
2018,8,2018_08_SEA_DET,SEA,DET,22,2,17,13,28,14
2018,8,2018_08_SF_ARI,SF,ARI,16,27,30,22,15,18
2018,8,2018_08_TB_CIN,TB,CIN,14,24,8,25,34,37
2018,8,2018_08_WAS_NYG,WAS,NYG,26,3,25,23,20,13
2018,9,2018_09_ATL_WAS,ATL,WAS,13,24,22,4,38,14
2018,9,2018_09_CHI_BUF,CHI,BUF,11,6,28,21,41,9
2018,9,2018_09_DET_MIN,DET,MIN,19,17,9,19,9,24
2018,9,2018_09_GB_NE,GB,NE,16,14,3,16,17,31
2018,9,2018_09_HOU_DEN,HOU,DEN,9,11,14,18,19,17
2018,9,2018_09_KC_CLE,KC,CLE,1,22,20,23,37,21
2018,9,2018_09_LAC_SEA,LAC,SEA,10,10,19,3,25,17
2018,9,2018_09_LA_NO,LA,NO,2,8,4,15,35,45
2018,9,2018_09_NYJ_MIA,NYJ,MIA,12,21,17,27,6,13
2018,9,2018_09_OAK_SF,OAK,SF,24,26,18,29,3,34
2018,9,2018_09_PIT_BAL,PIT,BAL,7,13,9,5,23,16
2018,9,2018_09_TB_CAR,TB,CAR,8,28,15,7,28,42
2018,9,2018_09_TEN_DAL,TEN,DAL,27,2,23,1,28,14
2018,10,2018_10_ARI_KC,ARI,KC,28,11,1,20,14,26
2018,10,2018_10_ATL_CLE,ATL,CLE,8,20,18,24,16,28
2018,10,2018_10_BUF_NYJ,BUF,NYJ,29,23,16,17,41,10
2018,10,2018_10_CAR_PIT,CAR,PIT,11,8,9,10,21,52
2018,10,2018_10_DAL_PHI,DAL,PHI,24,2,22,4,27,20
2018,10,2018_10_DET_CHI,DET,CHI,21,16,5,3,22,34
2018,10,2018_10_JAX_IND,JAX,IND,27,6,6,17,26,29
2018,10,2018_10_LAC_OAK,LAC,OAK,11,8,26,25,20,6
2018,10,2018_10_MIA_GB,MIA,GB,20,19,17,14,12,31
2018,10,2018_10_NE_TEN,NE,TEN,4,13,27,1,10,34
2018,10,2018_10_NO_CIN,NO,CIN,3,18,10,21,51,14
2018,10,2018_10_NYG_SF,NYG,SF,25,15,14,22,27,23
2018,10,2018_10_SEA_LA,SEA,LA,19,4,2,12,31,36
2018,10,2018_10_WAS_TB,WAS,TB,23,7,7,26,16,3
2018,11,2018_11_CAR_DET,CAR,DET,9,17,22,21,19,20
2018,11,2018_11_CIN_BAL,CIN,BAL,11,28,19,2,21,24
2018,11,2018_11_DAL_ATL,DAL,ATL,25,3,8,23,22,19
2018,11,2018_11_DEN_LAC,DEN,LAC,21,12,10,7,23,22
2018,11,2018_11_GB_SEA,GB,SEA,14,13,16,8,24,27
2018,11,2018_11_HOU_WAS,HOU,WAS,18,6,27,4,23,21
2018,11,2018_11_KC_LA,KC,LA,1,20,2,16,51,54
2018,11,2018_11_MIN_CHI,MIN,CHI,15,10,6,4,20,25
2018,11,2018_11_OAK_ARI,OAK,ARI,30,27,32,14,23,21
2018,11,2018_11_PHI_NO,PHI,NO,24,5,3,17,7,48
2018,11,2018_11_PIT_JAX,PIT,JAX,5,11,29,9,20,16
2018,11,2018_11_TB_NYG,TB,NYG,12,29,26,15,35,38
2018,11,2018_11_TEN_IND,TEN,IND,28,1,7,19,10,38
2018,12,2018_12_ARI_LAC,ARI,LAC,31,17,10,7,10,45
2018,12,2018_12_ATL_NO,ATL,NO,9,25,3,15,17,31
2018,12,2018_12_CHI_DET,CHI,DET,6,4,20,23,23,16
2018,12,2018_12_CLE_CIN,CLE,CIN,21,23,12,29,35,20
2018,12,2018_12_GB_MIN,GB,MIN,13,16,15,11,17,24
2018,12,2018_12_JAX_BUF,JAX,BUF,29,9,32,19,21,24
2018,12,2018_12_MIA_IND,MIA,IND,26,22,5,18,24,27
2018,12,2018_12_NE_NYJ,NE,NYJ,7,14,23,21,27,13
2018,12,2018_12_NYG_PHI,NYG,PHI,22,23,24,12,22,25
2018,12,2018_12_OAK_BAL,OAK,BAL,30,27,17,1,17,34
2018,12,2018_12_PIT_DEN,PIT,DEN,4,10,19,13,17,24
2018,12,2018_12_SEA_CAR,SEA,CAR,14,8,11,20,30,27
2018,12,2018_12_SF_TB,SF,TB,18,24,8,30,9,27
2018,12,2018_12_TEN_HOU,TEN,HOU,28,2,16,6,17,34
2018,12,2018_12_WAS_DAL,WAS,DAL,27,5,25,3,23,31
2018,13,2018_13_ARI_GB,ARI,GB,30,22,15,14,20,17
2018,13,2018_13_BAL_ATL,BAL,ATL,13,1,10,24,26,16
2018,13,2018_13_BUF_MIA,BUF,MIA,29,15,23,19,17,21
2018,13,2018_13_CAR_TB,CAR,TB,9,18,8,26,17,24
2018,13,2018_13_CHI_NYG,CHI,NYG,5,2,20,21,27,30
2018,13,2018_13_CLE_HOU,CLE,HOU,16,19,12,5,13,29
2018,13,2018_13_DEN_CIN,DEN,CIN,17,11,11,27,24,10
2018,13,2018_13_IND_JAX,IND,JAX,4,16,26,8,0,6
2018,13,2018_13_KC_OAK,KC,OAK,2,23,28,25,40,33
2018,13,2018_13_LAC_PIT,LAC,PIT,7,4,6,10,33,30
2018,13,2018_13_LA_DET,LA,DET,3,18,19,20,30,16
2018,13,2018_13_MIN_NE,MIN,NE,14,9,7,10,10,24
2018,13,2018_13_NO_DAL,NO,DAL,1,13,21,3,10,13
2018,13,2018_13_NYJ_TEN,NYJ,TEN,24,17,27,6,22,26
2018,13,2018_13_SF_SEA,SF,SEA,18,22,11,8,16,43
2018,13,2018_13_WAS_PHI,WAS,PHI,25,7,22,12,13,28
2018,14,2018_14_ATL_GB,ATL,GB,13,27,15,16,20,34
2018,14,2018_14_BAL_KC,BAL,KC,12,1,1,26,24,27
2018,14,2018_14_CAR_CLE,CAR,CLE,10,20,19,23,20,26
2018,14,2018_14_CIN_LAC,CIN,LAC,14,31,5,7,21,26
2018,14,2018_14_DEN_SF,DEN,SF,16,10,21,28,14,20
2018,14,2018_14_DET_ARI,DET,ARI,22,25,31,22,17,3
2018,14,2018_14_IND_HOU,IND,HOU,7,14,11,3,24,21
2018,14,2018_14_JAX_TEN,JAX,TEN,29,5,27,6,9,30
2018,14,2018_14_LA_CHI,LA,CHI,2,18,4,4,6,15
2018,14,2018_14_MIN_SEA,MIN,SEA,17,13,8,9,7,21
2018,14,2018_14_NE_MIA,NE,MIA,6,9,24,19,33,34
2018,14,2018_14_NO_TB,NO,TB,2,12,9,29,28,14
2018,14,2018_14_NYG_WAS,NYG,WAS,18,24,26,8,40,16
2018,14,2018_14_NYJ_BUF,NYJ,BUF,25,21,30,17,27,23
2018,14,2018_14_PHI_DAL,PHI,DAL,20,11,23,2,23,29
2018,14,2018_14_PIT_OAK,PIT,OAK,3,15,28,30,21,24
2018,15,2018_15_ARI_ATL,ARI,ATL,31,21,14,28,14,40
2018,15,2018_15_CLE_DEN,CLE,DEN,17,24,18,9,17,16
2018,15,2018_15_DAL_IND,DAL,IND,22,2,8,15,0,23
2018,15,2018_15_DET_BUF,DET,BUF,24,19,30,20,13,14
2018,15,2018_15_GB_CHI,GB,CHI,15,17,7,3,17,24
2018,15,2018_15_HOU_NYJ,HOU,NYJ,12,5,25,22,29,22
2018,15,2018_15_LAC_KC,LAC,KC,5,7,1,27,29,28
2018,15,2018_15_MIA_MIN,MIA,MIN,21,25,19,11,17,41
2018,15,2018_15_NE_PIT,NE,PIT,6,12,4,16,10,17
2018,15,2018_15_NO_CAR,NO,CAR,2,10,11,24,12,9
2018,15,2018_15_OAK_CIN,OAK,CIN,28,30,16,31,16,30
2018,15,2018_15_PHI_LA,PHI,LA,20,13,3,18,30,23
2018,15,2018_15_SEA_SF,SEA,SF,9,6,23,26,23,26
2018,15,2018_15_TB_BAL,TB,BAL,10,29,13,1,12,20
2018,15,2018_15_TEN_NYG,TEN,NYG,26,4,16,23,17,0
2018,15,2018_15_WAS_JAX,WAS,JAX,27,14,29,8,16,13
2018,16,2018_16_ATL_CAR,ATL,CAR,10,25,15,18,24,10
2018,16,2018_16_BAL_LAC,BAL,LAC,13,1,4,8,22,10
2018,16,2018_16_BUF_NE,BUF,NE,31,16,7,12,12,24
2018,16,2018_16_CHI_SF,CHI,SF,6,3,22,22,14,9
2018,16,2018_16_CIN_CLE,CIN,CLE,14,27,19,19,18,26
2018,16,2018_16_DEN_OAK,DEN,OAK,21,9,29,28,14,27
2018,16,2018_16_GB_NYJ,GB,NYJ,16,15,24,20,44,38
2018,16,2018_16_HOU_PHI,HOU,PHI,11,5,18,14,30,32
2018,16,2018_16_JAX_MIA,JAX,MIA,30,6,23,23,17,7
2018,16,2018_16_KC_SEA,KC,SEA,1,24,9,7,31,38
2018,16,2018_16_LA_ARI,LA,ARI,3,17,32,21,31,9
2018,16,2018_16_MIN_DET,MIN,DET,17,11,25,16,27,9
2018,16,2018_16_NYG_IND,NYG,IND,20,19,8,10,27,28
2018,16,2018_16_PIT_NO,PIT,NO,5,13,2,7,28,31
2018,16,2018_16_TB_DAL,TB,DAL,12,26,26,4,20,27
2018,16,2018_16_WAS_TEN,WAS,TEN,28,12,27,2,16,25
2018,17,2018_17_ARI_SEA,ARI,SEA,30,25,6,10,24,27
2018,17,2018_17_ATL_TB,ATL,TB,11,24,13,28,34,32
2018,17,2018_17_CAR_NO,CAR,NO,17,20,2,8,33,14
2018,17,2018_17_CHI_MIN,CHI,MIN,9,3,16,7,24,10
2018,17,2018_17_CIN_PIT,CIN,PIT,15,30,4,14,13,16
2018,17,2018_17_CLE_BAL,CLE,BAL,18,19,14,1,24,26
2018,17,2018_17_DAL_NYG,DAL,NYG,23,4,19,22,36,35
2018,17,2018_17_DET_GB,DET,GB,25,18,12,21,31,0
2018,17,2018_17_IND_TEN,IND,TEN,7,12,25,2,33,17
2018,17,2018_17_JAX_HOU,JAX,HOU,28,5,10,6,3,20
2018,17,2018_17_LAC_DEN,LAC,DEN,5,8,21,11,23,9
2018,17,2018_17_MIA_BUF,MIA,BUF,24,24,29,17,17,42
2018,17,2018_17_NYJ_NE,NYJ,NE,20,26,8,9,3,38
2018,17,2018_17_OAK_KC,OAK,KC,26,29,1,27,3,35
2018,17,2018_17_PHI_WAS,PHI,WAS,17,15,27,13,24,0
2018,17,2018_17_SF_LA,SF,LA,22,23,3,16,32,48
2019,1,2019_01_ATL_MIN,ATL,MIN,1,1,1,1,12,28
2019,1,2019_01_BAL_MIA,BAL,MIA,1,1,1,1,59,10
2019,1,2019_01_BUF_NYJ,BUF,NYJ,1,1,1,1,17,16
2019,1,2019_01_CIN_SEA,CIN,SEA,1,1,1,1,20,21
2019,1,2019_01_DEN_OAK,DEN,OAK,1,1,1,1,16,24
2019,1,2019_01_DET_ARI,DET,ARI,1,1,1,1,27,27
2019,1,2019_01_GB_CHI,GB,CHI,1,1,1,1,10,3
2019,1,2019_01_HOU_NO,HOU,NO,1,1,1,1,28,30
2019,1,2019_01_IND_LAC,IND,LAC,1,1,1,1,24,30
2019,1,2019_01_KC_JAX,KC,JAX,1,1,1,1,40,26
2019,1,2019_01_LA_CAR,LA,CAR,1,1,1,1,30,27
2019,1,2019_01_NYG_DAL,NYG,DAL,1,1,1,1,17,35
2019,1,2019_01_PIT_NE,PIT,NE,1,1,1,1,3,33
2019,1,2019_01_SF_TB,SF,TB,1,1,1,1,31,17
2019,1,2019_01_TEN_CLE,TEN,CLE,1,1,1,1,43,13
2019,1,2019_01_WAS_PHI,WAS,PHI,1,1,1,1,27,32
2019,2,2019_02_ARI_BAL,ARI,BAL,10,11,1,2,17,23
2019,2,2019_02_BUF_NYG,BUF,NYG,15,5,15,17,28,14
2019,2,2019_02_CHI_DEN,CHI,DEN,20,2,16,9,16,14
2019,2,2019_02_CLE_NYJ,CLE,NYJ,17,19,16,6,23,3
2019,2,2019_02_DAL_WAS,DAL,WAS,4,6,10,15,31,21
2019,2,2019_02_IND_TEN,IND,TEN,12,13,2,4,19,17
2019,2,2019_02_JAX_HOU,JAX,HOU,11,18,9,13,12,13
2019,2,2019_02_KC_OAK,KC,OAK,3,10,12,5,28,10
2019,2,2019_02_LAC_DET,LAC,DET,8,9,10,11,10,13
2019,2,2019_02_MIN_GB,MIN,GB,9,3,19,1,16,21
2019,2,2019_02_NE_MIA,NE,MIA,5,1,19,20,43,0
2019,2,2019_02_NO_LA,NO,LA,8,12,8,11,9,27
2019,2,2019_02_PHI_ATL,PHI,ATL,6,11,18,12,20,24
2019,2,2019_02_SEA_PIT,SEA,PIT,13,7,20,16,28,26
2019,2,2019_02_SF_CIN,SF,CIN,7,6,14,8,41,17
2019,2,2019_02_TB_CAR,TB,CAR,15,14,10,13,20,14
2019,3,2019_03_ATL_IND,ATL,IND,19,18,13,17,24,27
2019,3,2019_03_BAL_KC,BAL,KC,1,4,4,9,28,33
2019,3,2019_03_CAR_ARI,CAR,ARI,14,19,12,19,38,20
2019,3,2019_03_CHI_WAS,CHI,WAS,24,3,10,25,31,15
2019,3,2019_03_CIN_BUF,CIN,BUF,18,24,11,5,17,21
2019,3,2019_03_DEN_GB,DEN,GB,22,12,21,2,16,27
2019,3,2019_03_DET_PHI,DET,PHI,15,10,8,20,27,24
2019,3,2019_03_HOU_LAC,HOU,LAC,14,13,15,10,27,20
2019,3,2019_03_LA_CLE,LA,CLE,7,9,19,16,20,13
2019,3,2019_03_MIA_DAL,MIA,DAL,25,26,5,11,6,31
2019,3,2019_03_NO_SEA,NO,SEA,16,22,9,16,33,27
2019,3,2019_03_NYG_TB,NYG,TB,21,25,18,15,32,31
2019,3,2019_03_NYJ_NE,NYJ,NE,24,12,2,1,14,30
2019,3,2019_03_OAK_MIN,OAK,MIN,20,14,12,7,14,34
2019,3,2019_03_PIT_SF,PIT,SF,23,23,3,8,20,24
2019,3,2019_03_TEN_JAX,TEN,JAX,6,6,17,21,7,20
2019,4,2019_04_CAR_HOU,CAR,HOU,6,15,12,11,16,10
2019,4,2019_04_CIN_PIT,CIN,PIT,19,22,21,23,3,27
2019,4,2019_04_CLE_BAL,CLE,BAL,21,13,1,9,40,25
2019,4,2019_04_DAL_NO,DAL,NO,4,4,10,21,10,12
2019,4,2019_04_JAX_DEN,JAX,DEN,18,9,23,14,26,24
2019,4,2019_04_KC_DET,KC,DET,3,12,13,10,34,30
2019,4,2019_04_LAC_MIA,LAC,MIA,17,12,25,26,30,10
2019,4,2019_04_MIN_CHI,MIN,CHI,7,5,20,3,6,16
2019,4,2019_04_NE_BUF,NE,BUF,2,1,14,5,16,10
2019,4,2019_04_OAK_IND,OAK,IND,22,19,11,16,31,24
2019,4,2019_04_PHI_GB,PHI,GB,9,19,18,2,34,27
2019,4,2019_04_SEA_ARI,SEA,ARI,9,20,15,24,27,10
2019,4,2019_04_TB_LA,TB,LA,12,18,8,6,55,40
2019,4,2019_04_TEN_ATL,TEN,ATL,13,7,17,17,24,10
2019,4,2019_04_WAS_NYG,WAS,NYG,16,25,16,25,3,24
2019,5,2019_05_ARI_CIN,ARI,CIN,21,27,24,26,26,23
2019,5,2019_05_ATL_HOU,ATL,HOU,22,21,19,10,32,53
2019,5,2019_05_BAL_PIT,BAL,PIT,1,22,20,13,26,23
2019,5,2019_05_BUF_TEN,BUF,TEN,20,6,12,5,14,7
2019,5,2019_05_CHI_OAK,CHI,OAK,23,2,18,23,21,24
2019,5,2019_05_CLE_SF,CLE,SF,14,15,9,3,3,31
2019,5,2019_05_DEN_LAC,DEN,LAC,22,17,13,9,20,13
2019,5,2019_05_GB_DAL,GB,DAL,16,7,6,4,34,24
2019,5,2019_05_IND_KC,IND,KC,11,23,1,18,19,13
2019,5,2019_05_JAX_CAR,JAX,CAR,17,12,10,11,27,34
2019,5,2019_05_LA_SEA,LA,SEA,4,24,7,14,29,30
2019,5,2019_05_MIN_NYG,MIN,NYG,17,6,15,20,28,10
2019,5,2019_05_NE_WAS,NE,WAS,3,1,23,29,33,7
2019,5,2019_05_NYJ_PHI,NYJ,PHI,25,8,5,25,6,31
2019,5,2019_05_TB_NO,TB,NO,2,28,17,16,24,31
2019,6,2019_06_ATL_ARI,ATL,ARI,17,29,18,26,33,34
2019,6,2019_06_CAR_TB,CAR,TB,9,13,4,27,37,26
2019,6,2019_06_CIN_BAL,CIN,BAL,25,25,1,22,17,23
2019,6,2019_06_DAL_NYJ,DAL,NYJ,8,7,27,11,22,24
2019,6,2019_06_DET_GB,DET,GB,21,10,11,8,22,23
2019,6,2019_06_HOU_KC,HOU,KC,8,14,3,16,31,24
2019,6,2019_06_NO_JAX,NO,JAX,12,19,15,20,13,6
2019,6,2019_06_NYG_NE,NYG,NE,21,23,2,1,14,35
2019,6,2019_06_PHI_MIN,PHI,MIN,6,15,14,5,20,38
2019,6,2019_06_PIT_LAC,PIT,LAC,19,17,16,9,24,17
2019,6,2019_06_SEA_CLE,SEA,CLE,7,20,22,21,32,28
2019,6,2019_06_SF_LA,SF,LA,10,2,5,24,20,7
2019,6,2019_06_TEN_DEN,TEN,DEN,20,6,23,12,0,16
2019,6,2019_06_WAS_MIA,WAS,MIA,26,28,28,30,17,16
2019,7,2019_07_ARI_NYG,ARI,NYG,14,24,21,22,27,21
2019,7,2019_07_BAL_SEA,BAL,SEA,2,16,6,18,30,16
2019,7,2019_07_HOU_IND,HOU,IND,7,15,20,9,23,30
2019,7,2019_07_JAX_CIN,JAX,CIN,19,13,25,21,27,17
2019,7,2019_07_KC_DEN,KC,DEN,4,17,22,7,30,6
2019,7,2019_07_LAC_TEN,LAC,TEN,17,10,24,5,20,23
2019,7,2019_07_LA_ATL,LA,ATL,9,20,13,27,37,10
2019,7,2019_07_MIA_BUF,MIA,BUF,29,25,26,4,21,31
2019,7,2019_07_MIN_DET,MIN,DET,10,6,18,10,42,30
2019,7,2019_07_NE_NYJ,NE,NYJ,1,1,28,12,33,0
2019,7,2019_07_NO_CHI,NO,CHI,15,11,27,3,36,25
2019,7,2019_07_OAK_GB,OAK,GB,23,12,12,9,24,42
2019,7,2019_07_PHI_DAL,PHI,DAL,8,19,9,8,10,37
2019,7,2019_07_SF_WAS,SF,WAS,11,2,26,23,9,0
2019,8,2019_08_ARI_NO,ARI,NO,13,26,12,14,9,31
2019,8,2019_08_CAR_SF,CAR,SF,11,9,14,2,13,51
2019,8,2019_08_CIN_LA,CIN,LA,25,24,5,20,10,24
2019,8,2019_08_CLE_NE,CLE,NE,24,17,1,1,13,27
2019,8,2019_08_DEN_IND,DEN,IND,26,10,18,11,13,15
2019,8,2019_08_GB_KC,GB,KC,7,12,3,16,31,24
2019,8,2019_08_LAC_CHI,LAC,CHI,19,13,26,4,17,16
2019,8,2019_08_MIA_PIT,MIA,PIT,28,27,22,8,14,27
2019,8,2019_08_NYG_DET,NYG,DET,20,25,15,19,26,31
2019,8,2019_08_NYJ_JAX,NYJ,JAX,28,18,17,15,15,29
2019,8,2019_08_OAK_HOU,OAK,HOU,21,21,6,20,24,27
2019,8,2019_08_PHI_BUF,PHI,BUF,10,24,23,3,31,13
2019,8,2019_08_SEA_ATL,SEA,ATL,8,22,16,28,27,20
2019,8,2019_08_TB_TEN,TB,TEN,9,23,23,5,23,27
2019,8,2019_08_WAS_MIN,WAS,MIN,27,22,4,6,9,19
2019,9,2019_09_CHI_PHI,CHI,PHI,25,3,9,21,14,22
2019,9,2019_09_CLE_DEN,CLE,DEN,24,13,26,8,19,24
2019,9,2019_09_DAL_NYG,DAL,NYG,12,4,18,24,37,18
2019,9,2019_09_DET_OAK,DET,OAK,13,16,20,18,24,31
2019,9,2019_09_GB_LAC,GB,LAC,3,11,19,10,11,26
2019,9,2019_09_HOU_JAX,HOU,JAX,5,17,15,11,26,3
2019,9,2019_09_IND_PIT,IND,PIT,18,8,21,7,24,26
2019,9,2019_09_MIN_KC,MIN,KC,6,5,2,13,23,26
2019,9,2019_09_NE_BAL,NE,BAL,1,1,4,9,20,37
2019,9,2019_09_NYJ_MIA,NYJ,MIA,29,15,30,26,18,26
2019,9,2019_09_SF_ARI,SF,ARI,8,2,16,25,28,25
2019,9,2019_09_TB_SEA,TB,SEA,10,23,7,20,34,40
2019,9,2019_09_TEN_CAR,TEN,CAR,22,6,14,14,20,30
2019,9,2019_09_WAS_BUF,WAS,BUF,28,19,23,3,9,24
2019,10,2019_10_ARI_TB,ARI,TB,15,27,8,28,27,30
2019,10,2019_10_ATL_NO,ATL,NO,20,26,15,6,26,9
2019,10,2019_10_BAL_CIN,BAL,CIN,3,13,25,19,49,13
2019,10,2019_10_BUF_CLE,BUF,CLE,21,3,22,18,16,19
2019,10,2019_10_CAR_GB,CAR,GB,13,17,10,15,16,24
2019,10,2019_10_DET_CHI,DET,CHI,14,23,24,5,13,20
2019,10,2019_10_KC_TEN,KC,TEN,2,17,19,8,32,35
2019,10,2019_10_LAC_OAK,LAC,OAK,16,9,17,22,24,26
2019,10,2019_10_LA_PIT,LA,PIT,12,12,18,10,12,17
2019,10,2019_10_MIA_IND,MIA,IND,27,30,17,14,16,12
2019,10,2019_10_MIN_DAL,MIN,DAL,7,7,9,4,28,24
2019,10,2019_10_NYG_NYJ,NYG,NYJ,18,29,28,20,27,34
2019,10,2019_10_SEA_SF,SEA,SF,4,25,6,2,27,24
2019,11,2019_11_ARI_SF,ARI,SF,14,26,7,2,26,36
2019,11,2019_11_ATL_CAR,ATL,CAR,22,23,12,17,29,3
2019,11,2019_11_BUF_MIA,BUF,MIA,24,3,30,24,37,20
2019,11,2019_11_CHI_LA,CHI,LA,26,4,11,9,7,17
2019,11,2019_11_CIN_OAK,CIN,OAK,28,23,16,21,10,17
2019,11,2019_11_DAL_DET,DAL,DET,8,5,15,18,35,27
2019,11,2019_11_DEN_MIN,DEN,MIN,27,5,5,7,23,27
2019,11,2019_11_HOU_BAL,HOU,BAL,10,9,1,8,7,41
2019,11,2019_11_JAX_IND,JAX,IND,23,8,20,10,13,33
2019,11,2019_11_KC_LAC,KC,LAC,2,20,17,11,24,17
2019,11,2019_11_NE_PHI,NE,PHI,4,1,13,14,17,10
2019,11,2019_11_NO_TB,NO,TB,18,7,6,25,34,17
2019,11,2019_11_NYJ_WAS,NYJ,WAS,29,19,31,15,34,17
2019,11,2019_11_PIT_CLE,PIT,CLE,21,6,25,16,7,21
2019,12,2019_12_BAL_LA,BAL,LA,1,5,13,7,45,6
2019,12,2019_12_CAR_NO,CAR,NO,16,22,14,8,31,34
2019,12,2019_12_DAL_NE,DAL,NE,6,6,5,1,9,13
2019,12,2019_12_DEN_BUF,DEN,BUF,26,6,21,3,3,20
2019,12,2019_12_DET_WAS,DET,WAS,12,24,31,18,16,19
2019,12,2019_12_GB_SF,GB,SF,9,10,3,2,8,37
2019,12,2019_12_IND_HOU,IND,HOU,17,11,11,16,17,20
2019,12,2019_12_JAX_TEN,JAX,TEN,25,13,22,6,20,42
2019,12,2019_12_MIA_CLE,MIA,CLE,30,27,24,14,24,41
2019,12,2019_12_NYG_CHI,NYG,CHI,22,26,27,4,14,19
2019,12,2019_12_OAK_NYJ,OAK,NYJ,18,17,28,20,3,34
2019,12,2019_12_PIT_CIN,PIT,CIN,23,9,29,25,16,10
2019,12,2019_12_SEA_PHI,SEA,PHI,8,19,15,15,17,9
2019,12,2019_12_TB_ATL,TB,ATL,7,28,20,23,35,22
2019,13,2019_13_BUF_DAL,BUF,DAL,21,3,6,7,26,15
2019,13,2019_13_CHI_DET,CHI,DET,28,4,11,24,24,20
2019,13,2019_13_CLE_PIT,CLE,PIT,20,17,25,8,13,20
2019,13,2019_13_GB_NYG,GB,NYG,13,13,24,27,31,13
2019,13,2019_13_LAC_DEN,LAC,DEN,23,10,29,9,20,23
2019,13,2019_13_LA_ARI,LA,ARI,14,14,15,28,34,7
2019,13,2019_13_MIN_SEA,MIN,SEA,8,6,7,20,30,37
2019,13,2019_13_NE_HOU,NE,HOU,5,1,10,16,22,28
2019,13,2019_13_NO_ATL,NO,ATL,9,12,19,26,26,18
2019,13,2019_13_NYJ_CIN,NYJ,CIN,27,19,31,25,6,22
2019,13,2019_13_OAK_KC,OAK,KC,22,23,4,18,9,40
2019,13,2019_13_PHI_MIA,PHI,MIA,18,15,30,30,31,37
2019,13,2019_13_SF_BAL,SF,BAL,2,2,1,5,17,20
2019,13,2019_13_TB_JAX,TB,JAX,3,29,26,21,28,11
2019,13,2019_13_TEN_IND,TEN,IND,16,9,17,11,31,17
2019,13,2019_13_WAS_CAR,WAS,CAR,32,22,12,24,29,21
2019,14,2019_14_BAL_BUF,BAL,BUF,1,5,18,3,24,17
2019,14,2019_14_CAR_ATL,CAR,ATL,13,26,17,27,20,40
2019,14,2019_14_CIN_CLE,CIN,CLE,30,24,20,18,19,27
2019,14,2019_14_DAL_CHI,DAL,CHI,8,8,26,4,24,31
2019,14,2019_14_DEN_HOU,DEN,HOU,29,9,10,17,38,24
2019,14,2019_14_DET_MIN,DET,MIN,13,25,7,11,7,20
2019,14,2019_14_IND_TB,IND,TB,16,15,4,30,35,38
2019,14,2019_14_KC_NE,KC,NE,3,16,6,1,23,16
2019,14,2019_14_LAC_JAX,LAC,JAX,21,10,25,22,45,10
2019,14,2019_14_MIA_NYJ,MIA,NYJ,28,32,27,19,21,22
2019,14,2019_14_NYG_PHI,NYG,PHI,24,29,15,20,17,23
2019,14,2019_14_PIT_ARI,PIT,ARI,23,6,19,31,23,17
2019,14,2019_14_SEA_LA,SEA,LA,5,23,12,13,12,28
2019,14,2019_14_SF_NO,SF,NO,2,2,9,12,48,46
2019,14,2019_14_TEN_OAK,TEN,OAK,14,7,22,28,42,21
2019,14,2019_14_WAS_GB,WAS,GB,31,21,11,14,15,20
2019,15,2019_15_ATL_SF,ATL,SF,14,25,2,3,29,22
2019,15,2019_15_BUF_PIT,BUF,PIT,19,2,22,6,17,10
2019,15,2019_15_CHI_GB,CHI,GB,25,4,13,13,13,21
2019,15,2019_15_CLE_ARI,CLE,ARI,20,15,21,29,24,38
2019,15,2019_15_DEN_KC,DEN,KC,26,10,4,14,3,23
2019,15,2019_15_HOU_TEN,HOU,TEN,11,19,10,9,24,21
2019,15,2019_15_IND_NO,IND,NO,16,16,5,17,7,34
2019,15,2019_15_JAX_OAK,JAX,OAK,27,24,23,28,20,16
2019,15,2019_15_LA_DAL,LA,DAL,12,11,9,12,21,44
2019,15,2019_15_MIA_NYG,MIA,NYG,29,31,24,27,20,36
2019,15,2019_15_MIN_LAC,MIN,LAC,7,7,17,8,39,10
2019,15,2019_15_NE_CIN,NE,CIN,8,1,30,22,34,13
2019,15,2019_15_NYJ_BAL,NYJ,BAL,28,18,1,5,21,42
2019,15,2019_15_PHI_WAS,PHI,WAS,15,18,31,20,37,27
2019,15,2019_15_SEA_CAR,SEA,CAR,6,21,14,26,30,24
2019,15,2019_15_TB_DET,TB,DET,3,30,18,23,38,17
2019,16,2019_16_ARI_SEA,ARI,SEA,15,27,7,18,27,13
2019,16,2019_16_BAL_CLE,BAL,CLE,1,4,19,15,31,15
2019,16,2019_16_BUF_NE,BUF,NE,20,2,6,1,17,24
2019,16,2019_16_CAR_IND,CAR,IND,14,26,17,15,6,38
2019,16,2019_16_CIN_MIA,CIN,MIA,30,21,27,28,35,38
2019,16,2019_16_DAL_PHI,DAL,PHI,5,10,10,14,9,17
2019,16,2019_16_DET_DEN,DET,DEN,16,23,28,9,17,27
2019,16,2019_16_GB_MIN,GB,MIN,12,8,5,6,23,10
2019,16,2019_16_HOU_TB,HOU,TB,8,16,3,27,23,20
2019,16,2019_16_JAX_ATL,JAX,ATL,25,20,13,22,12,24
2019,16,2019_16_KC_CHI,KC,CHI,4,9,24,3,26,3
2019,16,2019_16_LA_SF,LA,SF,11,13,2,5,31,34
2019,16,2019_16_NO_TEN,NO,TEN,5,12,9,7,38,28
2019,16,2019_16_NYG_WAS,NYG,WAS,21,24,29,19,41,35
2019,16,2019_16_OAK_LAC,OAK,LAC,22,25,18,11,24,17
2019,16,2019_16_PIT_NYJ,PIT,NYJ,23,6,26,17,10,16
2019,17,2019_17_ARI_LA,ARI,LA,16,27,12,17,24,31
2019,17,2019_17_ATL_TB,ATL,TB,13,22,3,29,28,22
2019,17,2019_17_CHI_MIN,CHI,MIN,28,5,7,6,21,19
2019,17,2019_17_CLE_CIN,CLE,CIN,21,20,30,24,23,33
2019,17,2019_17_GB_DET,GB,DET,13,9,19,25,23,20
2019,17,2019_17_IND_JAX,IND,JAX,15,15,27,22,20,38
2019,17,2019_17_LAC_KC,LAC,KC,20,12,4,7,21,31
2019,17,2019_17_MIA_NE,MIA,NE,24,31,6,1,27,24
2019,17,2019_17_NO_CAR,NO,CAR,5,14,17,30,42,10
2019,17,2019_17_NYJ_BUF,NYJ,BUF,26,19,22,2,13,6
2019,17,2019_17_OAK_DEN,OAK,DEN,23,26,25,10,15,16
2019,17,2019_17_PHI_NYG,PHI,NYG,14,16,18,28,34,17
2019,17,2019_17_PIT_BAL,PIT,BAL,24,4,1,3,10,28
2019,17,2019_17_SF_SEA,SF,SEA,2,8,9,21,26,21
2019,17,2019_17_TEN_HOU,TEN,HOU,10,13,11,18,35,14
2019,17,2019_17_WAS_DAL,WAS,DAL,29,23,8,11,16,47
2020,1,2020_01_ARI_SF,ARI,SF,1,1,1,1,24,20
2020,1,2020_01_CHI_DET,CHI,DET,1,1,1,1,27,23
2020,1,2020_01_CLE_BAL,CLE,BAL,1,1,1,1,6,38
2020,1,2020_01_DAL_LA,DAL,LA,1,1,1,1,17,20
2020,1,2020_01_GB_MIN,GB,MIN,1,1,1,1,43,34
2020,1,2020_01_HOU_KC,HOU,KC,1,1,1,1,20,34
2020,1,2020_01_IND_JAX,IND,JAX,1,1,1,1,20,27
2020,1,2020_01_LAC_CIN,LAC,CIN,1,1,1,1,16,13
2020,1,2020_01_LV_CAR,LV,CAR,1,1,1,1,34,30
2020,1,2020_01_MIA_NE,MIA,NE,1,1,1,1,11,21
2020,1,2020_01_NYJ_BUF,NYJ,BUF,1,1,1,1,17,27
2020,1,2020_01_PHI_WAS,PHI,WAS,1,1,1,1,17,27
2020,1,2020_01_PIT_NYG,PIT,NYG,1,1,1,1,26,16
2020,1,2020_01_SEA_ATL,SEA,ATL,1,1,1,1,38,25
2020,1,2020_01_TB_NO,TB,NO,1,1,1,1,23,34
2020,1,2020_01_TEN_DEN,TEN,DEN,1,1,1,1,16,14
2020,2,2020_02_ATL_DAL,ATL,DAL,7,16,12,7,39,40
2020,2,2020_02_BAL_HOU,BAL,HOU,2,1,11,15,33,16
2020,2,2020_02_BUF_MIA,BUF,MIA,5,6,16,8,31,28
2020,2,2020_02_CAR_TB,CAR,TB,4,15,9,15,17,31
2020,2,2020_02_CIN_CLE,CIN,CLE,15,5,17,16,30,35
2020,2,2020_02_DEN_PIT,DEN,PIT,14,5,6,5,21,26
2020,2,2020_02_DET_GB,DET,GB,9,13,1,15,21,42
2020,2,2020_02_JAX_TEN,JAX,TEN,5,7,13,4,30,33
2020,2,2020_02_KC_LAC,KC,LAC,3,7,13,3,23,20
2020,2,2020_02_LA_PHI,LA,PHI,11,6,12,13,37,19
2020,2,2020_02_MIN_IND,MIN,IND,3,17,11,13,11,28
2020,2,2020_02_NE_SEA,NE,SEA,10,2,2,11,30,35
2020,2,2020_02_NO_LV,NO,LV,3,9,3,14,24,34
2020,2,2020_02_NYG_CHI,NYG,CHI,13,12,5,9,13,17
2020,2,2020_02_SF_NYJ,SF,NYJ,11,10,12,13,31,13
2020,2,2020_02_WAS_ARI,WAS,ARI,5,6,8,7,15,30
2020,3,2020_03_CAR_LAC,CAR,LAC,13,22,20,3,21,16
2020,3,2020_03_CHI_ATL,CHI,ATL,15,3,5,27,30,26
2020,3,2020_03_CIN_PHI,CIN,PHI,16,13,20,21,23,23
2020,3,2020_03_DAL_SEA,DAL,SEA,7,20,2,17,31,38
2020,3,2020_03_DET_ARI,DET,ARI,15,25,8,2,26,23
2020,3,2020_03_GB_NO,GB,NO,1,17,6,18,37,30
2020,3,2020_03_HOU_PIT,HOU,PIT,20,23,9,4,21,28
2020,3,2020_03_KC_BAL,KC,BAL,7,6,3,1,34,20
2020,3,2020_03_LA_BUF,LA,BUF,7,3,6,10,32,35
2020,3,2020_03_LV_NE,LV,NE,4,16,10,11,20,36
2020,3,2020_03_MIA_JAX,MIA,JAX,19,14,7,15,31,13
2020,3,2020_03_NYJ_IND,NYJ,IND,22,19,12,5,7,36
2020,3,2020_03_SF_NYG,SF,NYG,10,4,23,8,36,9
2020,3,2020_03_TB_DEN,TB,DEN,8,13,21,7,28,10
2020,3,2020_03_TEN_MIN,TEN,MIN,11,9,14,26,31,30
2020,3,2020_03_WAS_CLE,WAS,CLE,17,12,18,24,20,34
2020,4,2020_04_ARI_CAR,ARI,CAR,12,7,16,16,21,31
2020,4,2020_04_ATL_GB,ATL,GB,5,28,1,18,16,30
2020,4,2020_04_BAL_WAS,BAL,WAS,4,3,18,16,31,17
2020,4,2020_04_BUF_LV,BUF,LV,3,14,7,22,30,23
2020,4,2020_04_CLE_DAL,CLE,DAL,13,21,7,26,49,38
2020,4,2020_04_DEN_NYJ,DEN,NYJ,22,11,24,24,37,28
2020,4,2020_04_IND_CHI,IND,CHI,9,1,14,8,19,11
2020,4,2020_04_JAX_CIN,JAX,CIN,15,17,17,13,25,33
2020,4,2020_04_LAC_TB,LAC,TB,21,4,10,7,31,38
2020,4,2020_04_MIN_HOU,MIN,HOU,13,27,20,25,31,23
2020,4,2020_04_NE_KC,NE,KC,8,10,4,6,10,26
2020,4,2020_04_NO_DET,NO,DET,7,24,15,23,35,29
2020,4,2020_04_NYG_LA,NYG,LA,23,15,6,12,9,17
2020,4,2020_04_PHI_SF,PHI,SF,19,20,8,2,25,20
2020,4,2020_04_SEA_MIA,SEA,MIA,2,19,15,9,31,23
2020,5,2020_05_ARI_NYJ,ARI,NYJ,14,9,24,26,30,10
2020,5,2020_05_BUF_TEN,BUF,TEN,5,14,22,6,16,42
2020,5,2020_05_CAR_ATL,CAR,ATL,13,16,11,27,23,16
2020,5,2020_05_CIN_BAL,CIN,BAL,13,13,6,5,3,27
2020,5,2020_05_IND_CLE,IND,CLE,12,1,4,24,23,32
2020,5,2020_05_JAX_HOU,JAX,HOU,16,20,22,24,14,30
2020,5,2020_05_LAC_NO,LAC,NO,20,10,5,22,27,30
2020,5,2020_05_LA_WAS,LA,WAS,11,7,23,19,30,10
2020,5,2020_05_LV_KC,LV,KC,9,21,8,3,40,32
2020,5,2020_05_MIA_SF,MIA,SF,17,11,10,4,43,17
2020,5,2020_05_MIN_SEA,MIN,SEA,11,23,2,18,26,27
2020,5,2020_05_NYG_DAL,NYG,DAL,25,11,3,28,34,37
2020,5,2020_05_PHI_PIT,PHI,PIT,19,17,22,2,29,38
2020,5,2020_05_TB_CHI,TB,CHI,7,9,18,8,19,20
2020,6,2020_06_ARI_DAL,ARI,DAL,11,9,2,28,38,10
2020,6,2020_06_ATL_MIN,ATL,MIN,14,27,10,26,40,23
2020,6,2020_06_BAL_PHI,BAL,PHI,7,1,16,22,30,28
2020,6,2020_06_CHI_CAR,CHI,CAR,19,7,14,14,23,16
2020,6,2020_06_CIN_IND,CIN,IND,20,16,12,3,27,31
2020,6,2020_06_CLE_PIT,CLE,PIT,3,24,15,2,7,38
2020,6,2020_06_DEN_NE,DEN,NE,24,6,22,5,18,12
2020,6,2020_06_DET_JAX,DET,JAX,21,17,18,23,34,16
2020,6,2020_06_GB_TB,GB,TB,5,8,8,11,10,38
2020,6,2020_06_HOU_TEN,HOU,TEN,17,20,14,4,36,42
2020,6,2020_06_KC_BUF,KC,BUF,7,10,8,21,26,17
2020,6,2020_06_LA_SF,LA,SF,9,4,13,13,16,24
2020,6,2020_06_NYJ_MIA,NYJ,MIA,26,27,9,12,0,24
2020,6,2020_06_WAS_NYG,WAS,NYG,23,21,25,18,19,20
2020,7,2020_07_BUF_NYJ,BUF,NYJ,12,22,30,27,18,10
2020,7,2020_07_CAR_NO,CAR,NO,20,16,14,18,24,27
2020,7,2020_07_CHI_LA,CHI,LA,23,8,15,6,10,24
2020,7,2020_07_CLE_CIN,CLE,CIN,8,28,22,20,37,34
2020,7,2020_07_DAL_WAS,DAL,WAS,4,30,27,21,3,25
2020,7,2020_07_DET_ATL,DET,ATL,21,17,9,26,23,22
2020,7,2020_07_GB_HOU,GB,HOU,9,15,18,25,35,20
2020,7,2020_07_JAX_LAC,JAX,LAC,24,24,25,10,29,39
2020,7,2020_07_KC_DEN,KC,DEN,3,12,29,3,43,16
2020,7,2020_07_NYG_PHI,NYG,PHI,28,19,19,23,21,22
2020,7,2020_07_PIT_TEN,PIT,TEN,12,1,7,11,27,24
2020,7,2020_07_SEA_ARI,SEA,ARI,5,14,6,4,34,37
2020,7,2020_07_SF_NE,SF,NE,17,13,26,3,33,6
2020,7,2020_07_TB_LV,TB,LV,2,9,16,19,45,20
2020,8,2020_08_ATL_CAR,ATL,CAR,7,24,17,15,25,17
2020,8,2020_08_DAL_PHI,DAL,PHI,12,28,16,21,9,23
2020,8,2020_08_IND_DET,IND,DET,19,3,20,14,41,21
2020,8,2020_08_LAC_DEN,LAC,DEN,23,12,27,11,30,31
2020,8,2020_08_LA_MIA,LA,MIA,12,5,18,2,17,28
2020,8,2020_08_LV_CLE,LV,CLE,14,22,4,27,16,6
2020,8,2020_08_MIN_GB,MIN,GB,21,19,5,13,28,22
2020,8,2020_08_NE_BUF,NE,BUF,28,9,13,18,21,24
2020,8,2020_08_NO_CHI,NO,CHI,10,17,24,7,26,23
2020,8,2020_08_NYJ_KC,NYJ,KC,29,23,2,9,9,35
2020,8,2020_08_PIT_BAL,PIT,BAL,8,4,11,1,28,24
2020,8,2020_08_SF_SEA,SF,SEA,9,6,3,16,27,37
2020,8,2020_08_TB_NYG,TB,NYG,1,8,26,17,25,23
2020,8,2020_08_TEN_CIN,TEN,CIN,6,11,16,20,20,31
2020,9,2020_09_BAL_IND,BAL,IND,9,2,10,3,24,10
2020,9,2020_09_CAR_KC,CAR,KC,18,15,1,6,31,33
2020,9,2020_09_CHI_TEN,CHI,TEN,21,8,7,12,17,24
2020,9,2020_09_DEN_ATL,DEN,ATL,23,11,6,24,27,34
2020,9,2020_09_DET_MIN,DET,MIN,19,20,17,21,20,34
2020,9,2020_09_GB_SF,GB,SF,4,14,7,10,34,17
2020,9,2020_09_HOU_JAX,HOU,JAX,20,22,22,23,27,25
2020,9,2020_09_LV_LAC,LV,LAC,14,18,18,13,31,26
2020,9,2020_09_MIA_ARI,MIA,ARI,13,1,9,5,34,31
2020,9,2020_09_NE_NYJ,NE,NYJ,25,9,27,26,30,27
2020,9,2020_09_NO_TB,NO,TB,8,16,2,7,38,3
2020,9,2020_09_NYG_WAS,NYG,WAS,24,17,26,7,23,20
2020,9,2020_09_PIT_DAL,PIT,DAL,5,4,16,27,24,19
2020,9,2020_09_SEA_BUF,SEA,BUF,3,17,10,17,34,44
2020,10,2020_10_BAL_NE,BAL,NE,11,1,29,9,17,23
2020,10,2020_10_BUF_ARI,BUF,ARI,7,22,9,5,30,32
2020,10,2020_10_CIN_PIT,CIN,PIT,22,16,8,4,10,36
2020,10,2020_10_DEN_LV,DEN,LV,27,18,14,21,12,37
2020,10,2020_10_HOU_CLE,HOU,CLE,23,26,18,24,7,10
2020,10,2020_10_IND_TEN,IND,TEN,17,3,10,11,34,17
2020,10,2020_10_JAX_GB,JAX,GB,25,28,3,13,20,24
2020,10,2020_10_LAC_MIA,LAC,MIA,19,17,13,4,21,29
2020,10,2020_10_MIN_CHI,MIN,CHI,15,23,26,8,19,13
2020,10,2020_10_PHI_NYG,PHI,NYG,24,14,28,19,17,27
2020,10,2020_10_SEA_LA,SEA,LA,2,27,23,2,16,23
2020,10,2020_10_SF_NO,SF,NO,12,15,5,10,13,27
2020,10,2020_10_TB_CAR,TB,CAR,4,12,16,20,46,23
2020,10,2020_10_WAS_DET,WAS,DET,30,7,21,25,27,30
2020,11,2020_11_ARI_SEA,ARI,SEA,7,8,2,27,21,28
2020,11,2020_11_ATL_NO,ATL,NO,12,23,6,10,9,24
2020,11,2020_11_CIN_WAS,CIN,WAS,20,22,28,11,9,20
2020,11,2020_11_DAL_MIN,DAL,MIN,20,32,15,21,31,28
2020,11,2020_11_DET_CAR,DET,CAR,17,28,16,31,0,20
2020,11,2020_11_GB_IND,GB,IND,4,12,13,4,31,34
2020,11,2020_11_KC_LV,KC,LV,3,6,8,18,35,31
2020,11,2020_11_LA_TB,LA,TB,19,2,1,13,27,24
2020,11,2020_11_MIA_DEN,MIA,DEN,9,5,27,25,13,20
2020,11,2020_11_NE_HOU,NE,HOU,26,9,22,24,20,27
2020,11,2020_11_NYJ_LAC,NYJ,LAC,29,29,18,20,28,34
2020,11,2020_11_PHI_CLE,PHI,CLE,21,14,19,19,17,22
2020,11,2020_11_PIT_JAX,PIT,JAX,6,3,23,30,27,3
2020,11,2020_11_TEN_BAL,TEN,BAL,10,16,11,1,30,24
2020,12,2020_12_ARI_NE,ARI,NE,7,12,23,12,17,20
2020,12,2020_12_BAL_PIT,BAL,PIT,12,3,5,1,14,19
2020,12,2020_12_CAR_MIN,CAR,MIN,15,21,13,25,27,28
2020,12,2020_12_CHI_GB,CHI,GB,28,6,4,15,25,41
2020,12,2020_12_CLE_JAX,CLE,JAX,18,17,25,27,27,25
2020,12,2020_12_HOU_DET,HOU,DET,20,21,20,26,41,25
2020,12,2020_12_KC_TB,KC,TB,1,7,2,13,27,24
2020,12,2020_12_LAC_BUF,LAC,BUF,14,22,11,18,17,27
2020,12,2020_12_LV_ATL,LV,ATL,8,24,16,23,6,43
2020,12,2020_12_MIA_NYJ,MIA,NYJ,13,4,29,28,20,3
2020,12,2020_12_NO_DEN,NO,DEN,6,8,24,19,31,3
2020,12,2020_12_NYG_CIN,NYG,CIN,27,11,22,20,19,17
2020,12,2020_12_SEA_PHI,SEA,PHI,3,26,21,14,23,17
2020,12,2020_12_SF_LA,SF,LA,18,10,17,2,23,20
2020,12,2020_12_TEN_IND,TEN,IND,9,16,10,5,45,26
2020,12,2020_12_WAS_DAL,WAS,DAL,26,9,19,29,41,16
2020,13,2020_13_BUF_SF,BUF,SF,10,16,20,10,34,24
2020,13,2020_13_CIN_MIA,CIN,MIA,25,20,13,2,7,19
2020,13,2020_13_CLE_TEN,CLE,TEN,18,19,6,18,41,35
2020,13,2020_13_DAL_BAL,DAL,BAL,22,30,14,3,17,34
2020,13,2020_13_DEN_KC,DEN,KC,30,22,2,6,16,22
2020,13,2020_13_DET_CHI,DET,CHI,21,29,28,8,34,30
2020,13,2020_13_IND_HOU,IND,HOU,9,9,17,21,26,20
2020,13,2020_13_JAX_MIN,JAX,MIN,27,28,12,25,24,27
2020,13,2020_13_LA_ARI,LA,ARI,19,4,8,12,38,28
2020,13,2020_13_LV_NYJ,LV,NYJ,12,26,31,27,31,28
2020,13,2020_13_NE_LAC,NE,LAC,26,11,16,23,45,0
2020,13,2020_13_NO_ATL,NO,ATL,5,5,11,15,21,16
2020,13,2020_13_NYG_SEA,NYG,SEA,29,9,4,24,17,12
2020,13,2020_13_PHI_GB,PHI,GB,24,13,1,17,16,30
2020,13,2020_13_WAS_PIT,WAS,PIT,23,7,7,1,23,17
2020,14,2020_14_ARI_NYG,ARI,NYG,9,14,30,9,26,7
2020,14,2020_14_ATL_LAC,ATL,LAC,14,17,22,26,17,20
2020,14,2020_14_BAL_CLE,BAL,CLE,13,3,15,22,47,42
2020,14,2020_14_DAL_CIN,DAL,CIN,24,31,29,20,30,7
2020,14,2020_14_DEN_CAR,DEN,CAR,31,21,21,16,32,27
2020,14,2020_14_GB_DET,GB,DET,1,15,19,30,31,24
2020,14,2020_14_HOU_CHI,HOU,CHI,18,23,28,12,7,36
2020,14,2020_14_IND_LV,IND,LV,10,10,11,27,44,27
2020,14,2020_14_KC_MIA,KC,MIA,2,6,16,2,33,27
2020,14,2020_14_MIN_TB,MIN,TB,12,25,6,11,14,26
2020,14,2020_14_NE_LA,NE,LA,23,7,17,5,3,24
2020,14,2020_14_NO_PHI,NO,PHI,5,4,26,19,21,24
2020,14,2020_14_NYJ_SEA,NYJ,SEA,32,29,4,22,3,40
2020,14,2020_14_PIT_BUF,PIT,BUF,7,1,8,18,15,26
2020,14,2020_14_TEN_JAX,TEN,JAX,3,24,27,28,31,10
2020,14,2020_14_WAS_SF,WAS,SF,25,8,20,13,23,15
2020,15,2020_15_BUF_DEN,BUF,DEN,9,14,28,22,48,19
2020,15,2020_15_CAR_GB,CAR,GB,19,19,1,16,16,24
2020,15,2020_15_CHI_MIN,CHI,MIN,25,9,14,23,33,27
2020,15,2020_15_CLE_NYG,CLE,NYG,13,26,30,9,20,6
2020,15,2020_15_DET_TEN,DET,TEN,18,28,4,20,25,46
2020,15,2020_15_HOU_IND,HOU,IND,23,24,5,11,20,27
2020,15,2020_15_JAX_BAL,JAX,BAL,27,27,8,5,14,40
2020,15,2020_15_KC_NO,KC,NO,2,8,7,4,32,29
2020,15,2020_15_LAC_LV,LAC,LV,22,25,11,29,30,27
2020,15,2020_15_NE_MIA,NE,MIA,26,7,15,2,12,22
2020,15,2020_15_NYJ_LA,NYJ,LA,31,30,17,3,23,20
2020,15,2020_15_PHI_ARI,PHI,ARI,26,18,10,12,26,33
2020,15,2020_15_PIT_CIN,PIT,CIN,12,1,29,21,17,27
2020,15,2020_15_SEA_WAS,SEA,WAS,3,17,24,6,20,15
2020,15,2020_15_SF_DAL,SF,DAL,20,13,21,31,33,41
2020,15,2020_15_TB_ATL,TB,ATL,6,10,16,15,31,27
2020,16,2020_16_ATL_KC,ATL,KC,15,17,2,8,14,17
2020,16,2020_16_BUF_NE,BUF,NE,5,15,26,7,38,9
2020,16,2020_16_CAR_WAS,CAR,WAS,22,19,25,5,20,13
2020,16,2020_16_CHI_JAX,CHI,JAX,23,10,28,28,41,17
2020,16,2020_16_CIN_HOU,CIN,HOU,29,18,23,22,37,31
2020,16,2020_16_CLE_NYJ,CLE,NYJ,12,21,31,26,16,23
2020,16,2020_16_DEN_LAC,DEN,LAC,27,25,21,24,16,19
2020,16,2020_16_IND_PIT,IND,PIT,8,11,13,2,24,28
2020,16,2020_16_LA_SEA,LA,SEA,17,3,4,14,9,20
2020,16,2020_16_MIA_LV,MIA,LV,16,1,11,27,26,25
2020,16,2020_16_MIN_NO,MIN,NO,14,23,9,6,33,52
2020,16,2020_16_NYG_BAL,NYG,BAL,30,9,6,4,13,27
2020,16,2020_16_PHI_DAL,PHI,DAL,24,20,18,29,17,37
2020,16,2020_16_SF_ARI,SF,ARI,20,16,10,13,20,12
2020,16,2020_16_TB_DET,TB,DET,7,12,19,30,47,7
2020,16,2020_16_TEN_GB,TEN,GB,1,20,3,14,14,40
2020,17,2020_17_ARI_LA,ARI,LA,10,13,19,3,7,18
2020,17,2020_17_ATL_TB,ATL,TB,17,17,5,7,27,44
2020,17,2020_17_BAL_CIN,BAL,CIN,8,4,26,18,38,3
2020,17,2020_17_DAL_NYG,DAL,NYG,16,28,29,10,19,23
2020,17,2020_17_GB_CHI,GB,CHI,1,14,18,9,35,16
2020,17,2020_17_JAX_IND,JAX,IND,28,29,9,12,14,28
2020,17,2020_17_LAC_KC,LAC,KC,21,22,2,6,38,21
2020,17,2020_17_LV_DEN,LV,DEN,11,27,28,23,32,31
2020,17,2020_17_MIA_BUF,MIA,BUF,15,1,6,13,26,56
2020,17,2020_17_MIN_DET,MIN,DET,13,26,23,30,37,35
2020,17,2020_17_NO_CAR,NO,CAR,4,8,22,16,33,7
2020,17,2020_17_NYJ_NE,NYJ,NE,30,25,27,11,14,28
2020,17,2020_17_PIT_CLE,PIT,CLE,12,2,14,19,22,24
2020,17,2020_17_SEA_SF,SEA,SF,7,12,20,15,26,23
2020,17,2020_17_TEN_HOU,TEN,HOU,3,21,21,24,41,38
2020,17,2020_17_WAS_PHI,WAS,PHI,25,5,24,20,20,14
2021,1,2021_01_ARI_TEN,ARI,TEN,1,1,1,1,38,13
2021,1,2021_01_BAL_LV,BAL,LV,1,1,1,1,27,33
2021,1,2021_01_CHI_LA,CHI,LA,1,1,1,1,14,34
2021,1,2021_01_CLE_KC,CLE,KC,1,1,1,1,29,33
2021,1,2021_01_DAL_TB,DAL,TB,1,1,1,1,29,31
2021,1,2021_01_DEN_NYG,DEN,NYG,1,1,1,1,27,13
2021,1,2021_01_GB_NO,GB,NO,1,1,1,1,3,38
2021,1,2021_01_JAX_HOU,JAX,HOU,1,1,1,1,21,37
2021,1,2021_01_LAC_WAS,LAC,WAS,1,1,1,1,20,16
2021,1,2021_01_MIA_NE,MIA,NE,1,1,1,1,17,16
2021,1,2021_01_MIN_CIN,MIN,CIN,1,1,1,1,24,27
2021,1,2021_01_NYJ_CAR,NYJ,CAR,1,1,1,1,14,19
2021,1,2021_01_PHI_ATL,PHI,ATL,1,1,1,1,32,6
2021,1,2021_01_PIT_BUF,PIT,BUF,1,1,1,1,23,16
2021,1,2021_01_SEA_IND,SEA,IND,1,1,1,1,28,16
2021,1,2021_01_SF_DET,SF,DET,1,1,1,1,41,33
2021,2,2021_02_ATL_TB,ATL,TB,20,16,7,14,25,48
2021,2,2021_02_BUF_MIA,BUF,MIA,17,10,16,5,35,0
2021,2,2021_02_CIN_CHI,CIN,CHI,10,11,18,18,17,20
2021,2,2021_02_DAL_LAC,DAL,LAC,8,15,14,5,20,17
2021,2,2021_02_DEN_JAX,DEN,JAX,10,3,13,19,23,13
2021,2,2021_02_DET_GB,DET,GB,5,21,21,20,17,35
2021,2,2021_02_HOU_CLE,HOU,CLE,3,9,8,17,21,31
2021,2,2021_02_KC_BAL,KC,BAL,5,14,10,17,35,36
2021,2,2021_02_LA_IND,LA,IND,4,4,17,13,27,24
2021,2,2021_02_LV_PIT,LV,PIT,5,12,12,5,26,17
2021,2,2021_02_MIN_ARI,MIN,ARI,11,12,2,3,33,34
2021,2,2021_02_NE_NYJ,NE,NYJ,17,6,18,7,25,6
2021,2,2021_02_NO_CAR,NO,CAR,2,1,15,4,7,26
2021,2,2021_02_NYG_WAS,NYG,WAS,19,12,17,8,29,30
2021,2,2021_02_SF_PHI,SF,PHI,1,17,6,2,17,11
2021,2,2021_02_TEN_SEA,TEN,SEA,19,20,9,5,33,30
2021,3,2021_03_ARI_JAX,ARI,JAX,2,9,22,17,31,19
2021,3,2021_03_ATL_NYG,ATL,NYG,23,22,17,16,17,14
2021,3,2021_03_BAL_DET,BAL,DET,4,20,11,21,19,17
2021,3,2021_03_CAR_HOU,CAR,HOU,14,1,8,13,24,9
2021,3,2021_03_CHI_CLE,CHI,CLE,22,12,6,14,6,26
2021,3,2021_03_CIN_PIT,CIN,PIT,15,8,19,7,24,10
2021,3,2021_03_GB_SF,GB,SF,20,15,8,8,30,28
2021,3,2021_03_IND_TEN,IND,TEN,19,15,13,20,16,25
2021,3,2021_03_LAC_KC,LAC,KC,21,5,3,19,30,24
2021,3,2021_03_MIA_LV,MIA,LV,25,12,7,8,28,31
2021,3,2021_03_NO_NE,NO,NE,14,4,18,2,28,13
2021,3,2021_03_NYJ_DEN,NYJ,DEN,24,8,11,3,0,26
2021,3,2021_03_PHI_DAL,PHI,DAL,16,2,12,10,21,41
2021,3,2021_03_SEA_MIN,SEA,MIN,8,11,9,18,17,30
2021,3,2021_03_TB_LA,TB,LA,1,14,5,6,24,34
2021,3,2021_03_WAS_BUF,WAS,BUF,13,11,10,2,21,43
2021,4,2021_04_ARI_LA,ARI,LA,1,10,2,8,37,20
2021,4,2021_04_BAL_DEN,BAL,DEN,8,24,9,1,23,7
2021,4,2021_04_CAR_DAL,CAR,DAL,13,2,5,12,28,36
2021,4,2021_04_CLE_MIN,CLE,MIN,7,7,6,18,14,7
2021,4,2021_04_DET_CHI,DET,CHI,15,29,23,17,14,24
2021,4,2021_04_HOU_BUF,HOU,BUF,15,16,3,4,0,40
2021,4,2021_04_IND_MIA,IND,MIA,17,20,22,21,27,17
2021,4,2021_04_JAX_CIN,JAX,CIN,19,26,14,6,21,24
2021,4,2021_04_KC_PHI,KC,PHI,4,29,16,9,42,30
2021,4,2021_04_LV_LAC,LV,LAC,5,14,15,7,14,28
2021,4,2021_04_NYG_NO,NYG,NO,17,15,11,3,27,21
2021,4,2021_04_PIT_GB,PIT,GB,20,11,14,22,17,27
2021,4,2021_04_SEA_SF,SEA,SF,10,19,7,15,28,21
2021,4,2021_04_TB_NE,TB,NE,1,25,18,5,19,17
2021,4,2021_04_TEN_NYJ,TEN,NYJ,12,23,24,13,24,27
2021,4,2021_04_WAS_ATL,WAS,ATL,15,27,21,28,34,30
2021,5,2021_05_BUF_KC,BUF,KC,2,1,2,27,38,20
2021,5,2021_05_CHI_LV,CHI,LV,22,10,8,17,20,9
2021,5,2021_05_CLE_LAC,CLE,LAC,11,4,13,7,42,47
2021,5,2021_05_DEN_PIT,DEN,PIT,16,2,21,12,19,27
2021,5,2021_05_DET_MIN,DET,MIN,17,25,14,11,17,19
2021,5,2021_05_GB_CIN,GB,CIN,13,17,15,8,25,22
2021,5,2021_05_IND_BAL,IND,BAL,16,15,7,11,25,31
2021,5,2021_05_LA_SEA,LA,SEA,5,16,9,17,26,17
2021,5,2021_05_MIA_TB,MIA,TB,23,21,4,19,17,45
2021,5,2021_05_NE_HOU,NE,HOU,20,6,21,24,25,22
2021,5,2021_05_NO_WAS,NO,WAS,14,5,10,26,33,22
2021,5,2021_05_NYG_DAL,NYG,DAL,16,14,3,15,20,44
2021,5,2021_05_NYJ_ATL,NYJ,ATL,24,13,18,28,20,27
2021,5,2021_05_PHI_CAR,PHI,CAR,14,20,12,3,21,18
2021,5,2021_05_SF_ARI,SF,ARI,6,18,1,9,10,17
2021,5,2021_05_TEN_JAX,TEN,JAX,13,22,19,23,37,19
2021,6,2021_06_ARI_CLE,ARI,CLE,4,6,6,10,37,14
2021,6,2021_06_BUF_TEN,BUF,TEN,1,1,9,20,31,34
2021,6,2021_06_CIN_DET,CIN,DET,15,7,21,21,34,11
2021,6,2021_06_DAL_NE,DAL,NE,2,12,22,5,35,29
2021,6,2021_06_GB_CHI,GB,CHI,12,16,26,7,24,14
2021,6,2021_06_HOU_IND,HOU,IND,25,23,17,19,3,31
2021,6,2021_06_KC_WAS,KC,WAS,5,28,11,27,31,13
2021,6,2021_06_LAC_BAL,LAC,BAL,6,11,8,12,6,34
2021,6,2021_06_LA_NYG,LA,NYG,7,11,19,22,38,11
2021,6,2021_06_LV_DEN,LV,DEN,16,14,20,2,34,24
2021,6,2021_06_MIA_JAX,MIA,JAX,27,26,24,25,20,23
2021,6,2021_06_MIN_CAR,MIN,CAR,16,8,14,3,34,28
2021,6,2021_06_SEA_PIT,SEA,PIT,12,18,23,9,20,23
2021,6,2021_06_TB_PHI,TB,PHI,3,16,14,17,28,22
2021,7,2021_07_ATL_MIA,ATL,MIA,25,17,26,25,30,28
2021,7,2021_07_CAR_NYG,CAR,NYG,13,7,23,25,3,25
2021,7,2021_07_CHI_TB,CHI,TB,27,9,3,15,3,38
2021,7,2021_07_CIN_BAL,CIN,BAL,10,5,7,8,41,17
2021,7,2021_07_DEN_CLE,DEN,CLE,19,4,9,20,14,17
2021,7,2021_07_DET_LA,DET,LA,24,23,6,10,19,28
2021,7,2021_07_HOU_ARI,HOU,ARI,28,23,4,3,5,31
2021,7,2021_07_IND_SF,IND,SF,15,11,21,6,30,18
2021,7,2021_07_KC_TEN,KC,TEN,5,24,8,22,3,27
2021,7,2021_07_NO_SEA,NO,SEA,18,1,14,18,13,10
2021,7,2021_07_NYJ_NE,NYJ,NE,29,7,20,10,13,54
2021,7,2021_07_PHI_LV,PHI,LV,16,21,11,15,22,33
2021,7,2021_07_WAS_GB,WAS,GB,17,26,12,13,10,24
2021,8,2021_08_CAR_ATL,CAR,ATL,19,9,22,19,19,13
2021,8,2021_08_CIN_NYJ,CIN,NYJ,7,5,29,18,31,34
2021,8,2021_08_DAL_MIN,DAL,MIN,4,9,18,7,20,16
2021,8,2021_08_GB_ARI,GB,ARI,14,9,2,3,24,21
2021,8,2021_08_JAX_SEA,JAX,SEA,26,17,16,13,7,31
2021,8,2021_08_LA_HOU,LA,HOU,3,9,28,23,38,22
2021,8,2021_08_MIA_BUF,MIA,BUF,24,24,5,1,11,26
2021,8,2021_08_NE_LAC,NE,LAC,11,8,17,12,27,24
2021,8,2021_08_NYG_KC,NYG,KC,21,20,8,23,17,20
2021,8,2021_08_PHI_DET,PHI,DET,15,21,23,22,44,6
2021,8,2021_08_PIT_CLE,PIT,CLE,25,6,12,15,15,10
2021,8,2021_08_SF_CHI,SF,CHI,22,11,27,13,33,22
2021,8,2021_08_TB_NO,TB,NO,1,10,20,2,27,36
2021,8,2021_08_TEN_IND,TEN,IND,6,14,13,11,34,31
2021,8,2021_08_WAS_DEN,WAS,DEN,19,25,20,4,10,17
2021,9,2021_09_ARI_SF,ARI,SF,2,4,19,14,31,17
2021,9,2021_09_ATL_NO,ATL,NO,24,19,17,2,27,25
2021,9,2021_09_BUF_JAX,BUF,JAX,4,1,28,21,6,9
2021,9,2021_09_CHI_PIT,CHI,PIT,28,19,27,5,27,29
2021,9,2021_09_CLE_CIN,CLE,CIN,14,16,7,8,41,16
2021,9,2021_09_DEN_DAL,DEN,DAL,22,3,6,8,30,16
2021,9,2021_09_GB_KC,GB,KC,12,11,8,23,7,13
2021,9,2021_09_HOU_MIA,HOU,MIA,29,26,25,25,9,17
2021,9,2021_09_LAC_PHI,LAC,PHI,18,15,10,18,27,24
2021,9,2021_09_LV_NYG,LV,NYG,16,10,23,20,16,23
2021,9,2021_09_MIN_BAL,MIN,BAL,21,6,13,9,31,34
2021,9,2021_09_NE_CAR,NE,CAR,9,9,20,7,24,6
2021,9,2021_09_NYJ_IND,NYJ,IND,30,22,11,17,30,45
2021,9,2021_09_TEN_LA,TEN,LA,5,19,3,12,28,16
2021,10,2021_10_ATL_DAL,ATL,DAL,21,21,6,10,3,43
2021,10,2021_10_BAL_MIA,BAL,MIA,12,11,25,24,10,22
2021,10,2021_10_BUF_NYJ,BUF,NYJ,8,1,27,26,45,17
2021,10,2021_10_CAR_ARI,CAR,ARI,22,7,1,3,34,10
2021,10,2021_10_CLE_NE,CLE,NE,11,12,9,5,7,45
2021,10,2021_10_DET_PIT,DET,PIT,28,25,23,4,16,16
2021,10,2021_10_JAX_IND,JAX,IND,29,16,5,18,17,23
2021,10,2021_10_KC_LV,KC,LV,12,23,15,8,41,14
2021,10,2021_10_LA_SF,LA,SF,2,12,18,14,10,31
2021,10,2021_10_MIN_LAC,MIN,LAC,16,9,14,13,27,20
2021,10,2021_10_NO_TEN,NO,TEN,13,3,4,17,21,23
2021,10,2021_10_PHI_DEN,PHI,DEN,10,20,17,2,30,13
2021,10,2021_10_SEA_GB,SEA,GB,19,4,14,6,0,17
2021,10,2021_10_TB_WAS,TB,WAS,3,7,24,23,19,29
2021,11,2021_11_ARI_SEA,ARI,SEA,1,8,21,7,23,13
2021,11,2021_11_BAL_CHI,BAL,CHI,12,15,26,16,16,13
2021,11,2021_11_CIN_LV,CIN,LV,11,11,17,19,32,13
2021,11,2021_11_DAL_KC,DAL,KC,2,10,9,22,9,19
2021,11,2021_11_DET_CLE,DET,CLE,26,26,12,22,10,13
2021,11,2021_11_GB_MIN,GB,MIN,16,4,14,12,31,34
2021,11,2021_11_HOU_TEN,HOU,TEN,28,25,5,21,22,13
2021,11,2021_11_IND_BUF,IND,BUF,8,19,3,1,41,15
2021,11,2021_11_MIA_NYJ,MIA,NYJ,24,24,25,28,24,17
2021,11,2021_11_NE_ATL,NE,ATL,6,2,23,27,25,0
2021,11,2021_11_NO_PHI,NO,PHI,13,3,10,20,29,40
2021,11,2021_11_NYG_TB,NYG,TB,22,14,4,13,10,30
2021,11,2021_11_PIT_LAC,PIT,LAC,24,6,15,18,37,41
2021,11,2021_11_SF_JAX,SF,JAX,16,13,27,21,30,10
2021,11,2021_11_WAS_CAR,WAS,CAR,20,23,18,9,27,21
2021,12,2021_12_ATL_JAX,ATL,JAX,25,28,28,22,21,14
2021,12,2021_12_BUF_NO,BUF,NO,5,1,13,8,31,6
2021,12,2021_12_CAR_MIA,CAR,MIA,17,9,21,25,10,33
2021,12,2021_12_CHI_DET,CHI,DET,26,14,27,27,16,14
2021,12,2021_12_CLE_BAL,CLE,BAL,16,19,14,13,10,16
2021,12,2021_12_LAC_DEN,LAC,DEN,11,23,22,3,13,28
2021,12,2021_12_LA_GB,LA,GB,9,12,14,6,28,36
2021,12,2021_12_LV_DAL,LV,DAL,18,22,6,6,36,33
2021,12,2021_12_MIN_SF,MIN,SF,12,15,15,10,26,34
2021,12,2021_12_NYJ_HOU,NYJ,HOU,25,29,29,26,21,14
2021,12,2021_12_PHI_NYG,PHI,NYG,4,21,24,17,7,13
2021,12,2021_12_PIT_CIN,PIT,CIN,19,11,10,7,10,41
2021,12,2021_12_SEA_WAS,SEA,WAS,23,5,20,24,15,17
2021,12,2021_12_TB_IND,TB,IND,2,10,2,16,38,31
2021,12,2021_12_TEN_NE,TEN,NE,7,20,3,2,13,36
2021,13,2021_13_ARI_CHI,ARI,CHI,5,4,25,12,33,22
2021,13,2021_13_BAL_PIT,BAL,PIT,13,6,21,14,19,20
2021,13,2021_13_DAL_NO,DAL,NO,4,10,15,9,27,17
2021,13,2021_13_DEN_KC,DEN,KC,20,3,10,10,9,22
2021,13,2021_13_IND_HOU,IND,HOU,2,19,28,22,31,0
2021,13,2021_13_JAX_LA,JAX,LA,27,19,8,13,7,37
2021,13,2021_13_LAC_CIN,LAC,CIN,12,23,6,5,41,22
2021,13,2021_13_MIN_DET,MIN,DET,10,16,26,20,27,29
2021,13,2021_13_NE_BUF,NE,BUF,3,2,4,1,14,10
2021,13,2021_13_NYG_MIA,NYG,MIA,23,11,18,17,9,20
2021,13,2021_13_PHI_NYJ,PHI,NYJ,7,15,24,26,33,18
2021,13,2021_13_SF_SEA,SF,SEA,11,8,22,5,23,30
2021,13,2021_13_TB_ATL,TB,ATL,1,11,24,25,30,17
2021,13,2021_13_WAS_LV,WAS,LV,19,18,14,24,17,15
2021,14,2021_14_ATL_CAR,ATL,CAR,23,28,21,7,29,21
2021,14,2021_14_BAL_CLE,BAL,CLE,14,9,16,10,22,24
2021,14,2021_14_BUF_TB,BUF,TB,7,1,1,11,27,33
2021,14,2021_14_CHI_GB,CHI,GB,26,17,13,5,30,45
2021,14,2021_14_DAL_WAS,DAL,WAS,3,10,17,21,27,20
2021,14,2021_14_DET_DEN,DET,DEN,25,25,20,3,10,38
2021,14,2021_14_JAX_TEN,JAX,TEN,27,26,11,19,0,20
2021,14,2021_14_LA_ARI,LA,ARI,7,11,5,4,30,23
2021,14,2021_14_LV_KC,LV,KC,15,23,12,8,9,48
2021,14,2021_14_NO_NYJ,NO,NYJ,15,13,22,29,30,9
2021,14,2021_14_NYG_LAC,NYG,LAC,24,12,9,24,21,37
2021,14,2021_14_PIT_MIN,PIT,MIN,18,16,10,22,28,36
2021,14,2021_14_SEA_HOU,SEA,HOU,19,6,28,27,33,13
2021,14,2021_14_SF_CIN,SF,CIN,12,14,8,10,26,23
2021,15,2021_15_ARI_DET,ARI,DET,4,4,26,28,12,30
2021,15,2021_15_ATL_SF,ATL,SF,22,27,11,19,13,31
2021,15,2021_15_CAR_BUF,CAR,BUF,20,8,5,3,14,31
2021,15,2021_15_CIN_DEN,CIN,DEN,6,17,17,2,15,10
2021,15,2021_15_DAL_NYG,DAL,NYG,2,12,23,20,21,6
2021,15,2021_15_GB_BAL,GB,BAL,12,7,14,10,31,30
2021,15,2021_15_HOU_JAX,HOU,JAX,28,29,27,26,30,16
2021,15,2021_15_KC_LAC,KC,LAC,7,6,7,25,34,28
2021,15,2021_15_LV_CLE,LV,CLE,15,30,16,14,16,14
2021,15,2021_15_MIN_CHI,MIN,CHI,9,24,24,23,17,9
2021,15,2021_15_NE_IND,NE,IND,8,1,3,9,17,27
2021,15,2021_15_NO_TB,NO,TB,14,11,1,18,9,0
2021,15,2021_15_NYJ_MIA,NYJ,MIA,25,31,21,13,24,31
2021,15,2021_15_SEA_LA,SEA,LA,18,5,4,17,10,20
2021,15,2021_15_TEN_PIT,TEN,PIT,13,15,18,21,13,19
2021,15,2021_15_WAS_PHI,WAS,PHI,19,22,10,16,17,27
2021,16,2021_16_BAL_CIN,BAL,CIN,16,18,9,10,21,41
2021,16,2021_16_BUF_NE,BUF,NE,4,2,10,1,33,21
2021,16,2021_16_CHI_SEA,CHI,SEA,28,22,23,3,25,24
2021,16,2021_16_CLE_GB,CLE,GB,19,11,14,9,22,24
2021,16,2021_16_DEN_LV,DEN,LV,21,2,18,27,13,17
2021,16,2021_16_DET_ATL,DET,ATL,27,24,25,28,16,20
2021,16,2021_16_IND_ARI,IND,ARI,3,8,8,4,22,16
2021,16,2021_16_JAX_NYJ,JAX,NYJ,31,25,26,29,21,26
2021,16,2021_16_LAC_HOU,LAC,HOU,7,25,30,26,29,41
2021,16,2021_16_LA_MIN,LA,MIN,5,10,12,21,30,23
2021,16,2021_16_MIA_NO,MIA,NO,21,15,17,5,20,3
2021,16,2021_16_NYG_PHI,NYG,PHI,29,19,11,13,10,34
2021,16,2021_16_PIT_KC,PIT,KC,20,20,6,7,10,36
2021,16,2021_16_SF_TEN,SF,TEN,13,17,15,14,17,20
2021,16,2021_16_TB_CAR,TB,CAR,1,12,24,16,32,6
2021,16,2021_16_WAS_DAL,WAS,DAL,22,23,2,6,14,56
2021,17,2021_17_ARI_DAL,ARI,DAL,10,4,1,5,25,22
2021,17,2021_17_ATL_BUF,ATL,BUF,24,23,3,2,15,29
2021,17,2021_17_CAR_NO,CAR,NO,25,14,17,3,10,18
2021,17,2021_17_CLE_PIT,CLE,PIT,18,12,21,17,14,26
2021,17,2021_17_DEN_LAC,DEN,LAC,22,1,8,26,13,34
2021,17,2021_17_DET_SEA,DET,SEA,28,20,19,5,29,51
2021,17,2021_17_HOU_SF,HOU,SF,29,24,14,13,7,23
2021,17,2021_17_JAX_NE,JAX,NE,30,22,11,1,10,50
2021,17,2021_17_KC_CIN,KC,CIN,4,4,7,10,31,34
2021,17,2021_17_LA_BAL,LA,BAL,6,11,16,15,20,19
2021,17,2021_17_LV_IND,LV,IND,17,21,5,8,23,20
2021,17,2021_17_MIA_TEN,MIA,TEN,20,7,15,11,3,34
2021,17,2021_17_MIN_GB,MIN,GB,12,18,13,10,10,37
2021,17,2021_17_NYG_CHI,NYG,CHI,29,16,27,19,3,29
2021,17,2021_17_PHI_WAS,PHI,WAS,9,9,23,25,20,16
2021,17,2021_17_TB_NYJ,TB,NYJ,2,6,26,27,28,24
2021,18,2021_18_CAR_TB,CAR,TB,29,16,2,9,17,41
2021,18,2021_18_CHI_MIN,CHI,MIN,26,17,14,21,17,31
2021,18,2021_18_CIN_CLE,CIN,CLE,5,15,20,15,16,21
2021,18,2021_18_DAL_PHI,DAL,PHI,1,7,12,8,51,26
2021,18,2021_18_GB_DET,GB,DET,10,8,28,25,30,37
2021,18,2021_18_IND_JAX,IND,JAX,7,10,32,26,11,26
2021,18,2021_18_KC_DEN,KC,DEN,4,11,23,3,28,24
2021,18,2021_18_LAC_LV,LAC,LV,6,22,18,20,32,35
2021,18,2021_18_NE_MIA,NE,MIA,8,1,24,14,24,33
2021,18,2021_18_NO_ATL,NO,ATL,19,4,27,24,30,20
2021,18,2021_18_NYJ_BUF,NYJ,BUF,25,27,3,2,10,27
2021,18,2021_18_PIT_BAL,PIT,BAL,21,18,16,17,16,13
2021,18,2021_18_SEA_ARI,SEA,ARI,17,9,11,5,38,30
2021,18,2021_18_SF_LA,SF,LA,13,12,9,13,27,24
2021,18,2021_18_TEN_HOU,TEN,HOU,15,6,30,22,28,25
2021,18,2021_18_WAS_NYG,WAS,NYG,22,23,31,19,22,7
2022,1,2022_01_BAL_NYJ,BAL,NYJ,1,1,1,1,24,9
2022,1,2022_01_BUF_LA,BUF,LA,1,1,1,1,31,10
2022,1,2022_01_CLE_CAR,CLE,CAR,1,1,1,1,26,24
2022,1,2022_01_DEN_SEA,DEN,SEA,1,1,1,1,16,17
2022,1,2022_01_GB_MIN,GB,MIN,1,1,1,1,7,23
2022,1,2022_01_IND_HOU,IND,HOU,1,1,1,1,20,20
2022,1,2022_01_JAX_WAS,JAX,WAS,1,1,1,1,22,28
2022,1,2022_01_KC_ARI,KC,ARI,1,1,1,1,44,21
2022,1,2022_01_LV_LAC,LV,LAC,1,1,1,1,19,24
2022,1,2022_01_NE_MIA,NE,MIA,1,1,1,1,7,20
2022,1,2022_01_NO_ATL,NO,ATL,1,1,1,1,27,26
2022,1,2022_01_NYG_TEN,NYG,TEN,1,1,1,1,21,20
2022,1,2022_01_PHI_DET,PHI,DET,1,1,1,1,38,35
2022,1,2022_01_PIT_CIN,PIT,CIN,1,1,1,1,23,20
2022,1,2022_01_SF_CHI,SF,CHI,1,1,1,1,10,19
2022,1,2022_01_TB_DAL,TB,DAL,1,1,1,1,19,3
2022,2,2022_02_ARI_LV,ARI,LV,11,19,13,12,29,23
2022,2,2022_02_ATL_LA,ATL,LA,7,14,16,16,27,31
2022,2,2022_02_CAR_NYG,CAR,NYG,8,13,11,8,16,19
2022,2,2022_02_CHI_GB,CHI,GB,13,4,18,11,10,27
2022,2,2022_02_CIN_DAL,CIN,DAL,12,11,19,7,17,20
2022,2,2022_02_HOU_DEN,HOU,DEN,12,8,15,6,9,16
2022,2,2022_02_IND_JAX,IND,JAX,12,8,10,15,0,24
2022,2,2022_02_LAC_KC,LAC,KC,8,7,1,9,24,27
2022,2,2022_02_MIA_BAL,MIA,BAL,12,2,8,3,42,38
2022,2,2022_02_MIN_PHI,MIN,PHI,9,2,2,17,7,24
2022,2,2022_02_NE_PIT,NE,PIT,18,8,9,8,17,14
2022,2,2022_02_NYJ_CLE,NYJ,CLE,17,12,7,12,31,30
2022,2,2022_02_SEA_SF,SEA,SF,14,5,16,7,7,27
2022,2,2022_02_TB_NO,TB,NO,13,1,6,13,20,10
2022,2,2022_02_TEN_BUF,TEN,BUF,12,9,4,4,7,41
2022,2,2022_02_WAS_DET,WAS,DET,5,10,3,18,27,36
2022,3,2022_03_ATL_SEA,ATL,SEA,6,19,20,11,27,23
2022,3,2022_03_BAL_NE,BAL,NE,3,15,20,7,37,26
2022,3,2022_03_BUF_MIA,BUF,MIA,1,2,3,13,19,21
2022,3,2022_03_CIN_NYJ,CIN,NYJ,14,11,12,17,27,12
2022,3,2022_03_DAL_NYG,DAL,NYG,21,8,12,8,23,16
2022,3,2022_03_DET_MIN,DET,MIN,2,21,17,5,24,28
2022,3,2022_03_GB_TB,GB,TB,15,6,13,1,14,12
2022,3,2022_03_HOU_CHI,HOU,CHI,18,8,18,9,20,23
2022,3,2022_03_JAX_LAC,JAX,LAC,9,4,8,14,38,10
2022,3,2022_03_KC_IND,KC,IND,2,13,22,12,17,20
2022,3,2022_03_LA_ARI,LA,ARI,11,19,7,22,20,12
2022,3,2022_03_LV_TEN,LV,TEN,10,16,19,20,22,24
2022,3,2022_03_NO_CAR,NO,CAR,14,14,12,13,14,22
2022,3,2022_03_PHI_WAS,PHI,WAS,3,10,5,19,24,8
2022,3,2022_03_PIT_CLE,PIT,CLE,14,9,4,18,17,29
2022,3,2022_03_SF_DEN,SF,DEN,14,3,16,3,10,11
2022,4,2022_04_ARI_CAR,ARI,CAR,12,23,12,10,26,16
2022,4,2022_04_BUF_BAL,BUF,BAL,3,4,1,19,23,20
2022,4,2022_04_CHI_NYG,CHI,NYG,17,9,15,10,12,20
2022,4,2022_04_CLE_ATL,CLE,ATL,6,18,9,20,20,23
2022,4,2022_04_DEN_LV,DEN,LV,24,2,10,19,23,32
2022,4,2022_04_JAX_PHI,JAX,PHI,7,4,5,6,21,29
2022,4,2022_04_KC_TB,KC,TB,4,13,18,1,41,31
2022,4,2022_04_LAC_HOU,LAC,HOU,14,22,20,10,34,24
2022,4,2022_04_LA_SF,LA,SF,13,16,22,3,9,24
2022,4,2022_04_MIA_CIN,MIA,CIN,8,12,10,8,15,27
2022,4,2022_04_MIN_NO,MIN,NO,14,8,18,15,28,25
2022,4,2022_04_NE_GB,NE,GB,19,17,21,5,24,27
2022,4,2022_04_NYJ_PIT,NYJ,PIT,17,20,16,14,24,20
2022,4,2022_04_SEA_DET,SEA,DET,22,16,2,24,48,45
2022,4,2022_04_TEN_IND,TEN,IND,18,22,25,11,24,17
2022,4,2022_04_WAS_DAL,WAS,DAL,11,21,23,7,10,25
2022,5,2022_05_ATL_TB,ATL,TB,7,20,15,5,15,21
2022,5,2022_05_CHI_MIN,CHI,MIN,24,9,14,10,22,29
2022,5,2022_05_CIN_BAL,CIN,BAL,12,7,3,19,17,19
2022,5,2022_05_DAL_LA,DAL,LA,21,3,22,15,22,10
2022,5,2022_05_DET_NE,DET,NE,1,25,19,18,0,29
2022,5,2022_05_HOU_JAX,HOU,JAX,20,14,6,4,13,6
2022,5,2022_05_IND_DEN,IND,DEN,25,11,23,5,12,9
2022,5,2022_05_LAC_CLE,LAC,CLE,11,23,6,16,30,28
2022,5,2022_05_LV_KC,LV,KC,9,19,2,17,29,30
2022,5,2022_05_MIA_NYJ,MIA,NYJ,8,13,17,20,17,40
2022,5,2022_05_NYG_GB,NYG,GB,17,8,18,6,27,22
2022,5,2022_05_PHI_ARI,PHI,ARI,4,8,13,21,20,17
2022,5,2022_05_PIT_BUF,PIT,BUF,19,12,5,2,3,38
2022,5,2022_05_SEA_NO,SEA,NO,10,24,17,17,32,39
2022,5,2022_05_SF_CAR,SF,CAR,21,1,16,11,37,15
2022,5,2022_05_TEN_WAS,TEN,WAS,18,20,20,22,21,17
2022,6,2022_06_ARI_SEA,ARI,SEA,15,18,7,24,9,19
2022,6,2022_06_BAL_NYG,BAL,NYG,4,15,16,7,20,24
2022,6,2022_06_BUF_KC,BUF,KC,2,1,1,19,24,20
2022,6,2022_06_CAR_LA,CAR,LA,19,17,22,14,10,24
2022,6,2022_06_CIN_NO,CIN,NO,14,6,12,20,30,26
2022,6,2022_06_DAL_PHI,DAL,PHI,19,2,5,5,17,26
2022,6,2022_06_DEN_LAC,DEN,LAC,24,3,9,23,16,19
2022,6,2022_06_JAX_IND,JAX,IND,13,3,25,8,27,34
2022,6,2022_06_MIN_MIA,MIN,MIA,12,12,12,22,24,16
2022,6,2022_06_NE_CLE,NE,CLE,16,10,6,19,38,15
2022,6,2022_06_NYJ_GB,NYJ,GB,11,16,17,9,27,10
2022,6,2022_06_SF_ATL,SF,ATL,14,1,10,17,14,28
2022,6,2022_06_TB_PIT,TB,PIT,16,4,23,20,18,20
2022,6,2022_06_WAS_CHI,WAS,CHI,20,20,21,13,12,7
2022,7,2022_07_ATL_CIN,ATL,CIN,6,17,11,9,17,35
2022,7,2022_07_CHI_NE,CHI,NE,25,10,8,7,33,14
2022,7,2022_07_CLE_BAL,CLE,BAL,5,25,4,18,20,23
2022,7,2022_07_DET_DAL,DET,DAL,9,26,18,3,6,24
2022,7,2022_07_GB_WAS,GB,WAS,19,12,22,16,21,23
2022,7,2022_07_HOU_LV,HOU,LV,27,4,14,15,20,38
2022,7,2022_07_IND_TEN,IND,TEN,21,11,24,10,10,19
2022,7,2022_07_KC_SF,KC,SF,1,21,15,2,44,23
2022,7,2022_07_NO_ARI,NO,ARI,8,24,17,19,34,42
2022,7,2022_07_NYG_JAX,NYG,JAX,13,7,11,8,23,17
2022,7,2022_07_NYJ_DEN,NYJ,DEN,7,14,26,4,16,9
2022,7,2022_07_PIT_MIA,PIT,MIA,23,20,12,23,10,16
2022,7,2022_07_SEA_LAC,SEA,LAC,6,25,8,22,37,23
2022,7,2022_07_TB_CAR,TB,CAR,16,5,21,20,3,21
2022,8,2022_08_ARI_MIN,ARI,MIN,12,23,18,5,26,34
2022,8,2022_08_BAL_TB,BAL,TB,3,18,23,6,27,22
2022,8,2022_08_CAR_ATL,CAR,ATL,23,15,9,21,34,37
2022,8,2022_08_CHI_DAL,CHI,DAL,21,10,19,2,29,49
2022,8,2022_08_CIN_CLE,CIN,CLE,6,10,7,24,13,32
2022,8,2022_08_DEN_JAX,DEN,JAX,29,4,13,12,21,17
2022,8,2022_08_GB_BUF,GB,BUF,20,14,4,1,17,27
2022,8,2022_08_LV_NO,LV,NO,9,16,5,27,0,24
2022,8,2022_08_MIA_DET,MIA,DET,15,20,16,26,31,27
2022,8,2022_08_NE_NYJ,NE,NYJ,13,14,11,12,22,17
2022,8,2022_08_NYG_SEA,NYG,SEA,14,9,2,24,13,27
2022,8,2022_08_PIT_PHI,PIT,PHI,26,19,10,3,13,35
2022,8,2022_08_SF_LA,SF,LA,17,11,28,7,31,14
2022,8,2022_08_TEN_HOU,TEN,HOU,24,8,27,12,17,10
2022,8,2022_08_WAS_IND,WAS,IND,22,17,25,13,17,16
2022,9,2022_09_BAL_NO,BAL,NO,3,19,6,25,27,13
2022,9,2022_09_BUF_NYJ,BUF,NYJ,4,1,13,12,17,20
2022,9,2022_09_CAR_CIN,CAR,CIN,18,20,8,14,21,42
2022,9,2022_09_GB_DET,GB,DET,21,16,14,28,9,15
2022,9,2022_09_IND_NE,IND,NE,24,10,12,13,3,26
2022,9,2022_09_LAC_ATL,LAC,ATL,16,21,5,26,20,17
2022,9,2022_09_LA_TB,LA,TB,27,10,20,8,13,16
2022,9,2022_09_LV_JAX,LV,JAX,17,17,15,11,20,27
2022,9,2022_09_MIA_CHI,MIA,CHI,11,22,19,18,35,32
2022,9,2022_09_MIN_WAS,MIN,WAS,14,6,22,15,20,17
2022,9,2022_09_PHI_HOU,PHI,HOU,7,2,28,9,29,17
2022,9,2022_09_SEA_ARI,SEA,ARI,2,24,10,27,31,21
2022,9,2022_09_TEN_KC,TEN,KC,23,5,1,15,17,20
2022,10,2022_10_ARI_LA,ARI,LA,10,31,28,11,27,17
2022,10,2022_10_ATL_CAR,ATL,CAR,7,27,19,29,15,25
2022,10,2022_10_CLE_MIA,CLE,MIA,11,21,8,26,17,39
2022,10,2022_10_DAL_GB,DAL,GB,18,3,24,16,28,31
2022,10,2022_10_DEN_TEN,DEN,TEN,29,2,25,7,10,17
2022,10,2022_10_DET_CHI,DET,CHI,15,30,16,24,31,30
2022,10,2022_10_HOU_NYG,HOU,NYG,26,14,21,6,16,24
2022,10,2022_10_IND_LV,IND,LV,27,14,18,22,25,20
2022,10,2022_10_JAX_KC,JAX,KC,12,13,1,17,17,27
2022,10,2022_10_LAC_SF,LAC,SF,17,23,20,5,16,22
2022,10,2022_10_MIN_BUF,MIN,BUF,14,8,6,1,33,30
2022,10,2022_10_NO_PIT,NO,PIT,9,28,30,20,10,20
2022,10,2022_10_SEA_TB,SEA,TB,2,25,22,9,16,21
2022,10,2022_10_WAS_PHI,WAS,PHI,23,18,5,4,32,21
2022,11,2022_11_CAR_BAL,CAR,BAL,16,25,6,13,3,13
2022,11,2022_11_CHI_ATL,CHI,ATL,13,26,7,27,24,27
2022,11,2022_11_CIN_PIT,CIN,PIT,9,11,29,18,37,30
2022,11,2022_11_CLE_BUF,CLE,BUF,13,23,4,2,23,31
2022,11,2022_11_DAL_MIN,DAL,MIN,15,4,10,12,40,3
2022,11,2022_11_DET_NYG,DET,NYG,12,29,22,8,31,18
2022,11,2022_11_KC_LAC,KC,LAC,1,17,18,22,30,27
2022,11,2022_11_LA_NO,LA,NO,28,14,11,26,20,27
2022,11,2022_11_LV_DEN,LV,DEN,17,21,30,1,22,16
2022,11,2022_11_NYJ_NE,NYJ,NE,20,9,17,5,3,10
2022,11,2022_11_PHI_IND,PHI,IND,5,6,26,15,17,16
2022,11,2022_11_SF_ARI,SF,ARI,19,3,8,28,38,10
2022,11,2022_11_TEN_GB,TEN,GB,25,7,23,20,27,17
2022,11,2022_11_WAS_HOU,WAS,HOU,21,19,27,18,23,10
2022,12,2022_12_ATL_WAS,ATL,WAS,5,28,19,15,13,19
2022,12,2022_12_BAL_JAX,BAL,JAX,11,10,18,12,27,28
2022,12,2022_12_BUF_DET,BUF,DET,2,5,9,29,28,25
2022,12,2022_12_CHI_NYJ,CHI,NYJ,12,28,24,9,10,31
2022,12,2022_12_CIN_TEN,CIN,TEN,3,13,25,8,20,16
2022,12,2022_12_DEN_CAR,DEN,CAR,31,3,21,24,10,23
2022,12,2022_12_GB_PHI,GB,PHI,23,22,4,7,33,40
2022,12,2022_12_HOU_MIA,HOU,MIA,30,17,7,20,15,30
2022,12,2022_12_LAC_ARI,LAC,ARI,16,25,13,30,25,24
2022,12,2022_12_LA_KC,LA,KC,29,16,1,19,10,26
2022,12,2022_12_LV_SEA,LV,SEA,17,21,6,20,40,34
2022,12,2022_12_NE_MIN,NE,MIN,20,2,15,18,26,33
2022,12,2022_12_NO_SF,NO,SF,10,26,14,4,0,13
2022,12,2022_12_NYG_DAL,NYG,DAL,22,11,8,1,20,28
2022,12,2022_12_PIT_IND,PIT,IND,28,23,27,14,24,17
2022,12,2022_12_TB_CLE,TB,CLE,26,6,13,27,17,23
2022,13,2022_13_BUF_NE,BUF,NE,2,5,18,6,24,10
2022,13,2022_13_CLE_HOU,CLE,HOU,12,27,28,19,27,14
2022,13,2022_13_DEN_BAL,DEN,BAL,29,3,8,10,9,10
2022,13,2022_13_GB_CHI,GB,CHI,19,26,15,29,28,19
2022,13,2022_13_IND_DAL,IND,DAL,26,15,7,2,19,54
2022,13,2022_13_JAX_DET,JAX,DET,17,12,8,30,14,40
2022,13,2022_13_KC_CIN,KC,CIN,1,14,5,11,24,27
2022,13,2022_13_LAC_LV,LAC,LV,14,25,10,22,20,27
2022,13,2022_13_MIA_SF,MIA,SF,6,17,16,1,17,33
2022,13,2022_13_NO_TB,NO,TB,16,23,24,7,16,17
2022,13,2022_13_NYJ_MIN,NYJ,MIN,21,4,13,18,22,27
2022,13,2022_13_PIT_ATL,PIT,ATL,25,20,9,28,19,16
2022,13,2022_13_SEA_LA,SEA,LA,4,24,27,16,27,23
2022,13,2022_13_TEN_PHI,TEN,PHI,23,8,3,9,10,35
2022,13,2022_13_WAS_NYG,WAS,NYG,20,13,22,12,20,20
2022,14,2022_14_BAL_PIT,BAL,PIT,12,8,27,16,16,14
2022,14,2022_14_CAR_SEA,CAR,SEA,24,13,4,26,30,24
2022,14,2022_14_CLE_CIN,CLE,CIN,9,24,6,11,10,23
2022,14,2022_14_HOU_DAL,HOU,DAL,30,19,3,3,23,27
2022,14,2022_14_JAX_TEN,JAX,TEN,19,15,25,9,36,22
2022,14,2022_14_KC_DEN,KC,DEN,1,14,31,2,34,28
2022,14,2022_14_LV_LA,LV,LA,8,21,29,18,16,17
2022,14,2022_14_MIA_LAC,MIA,LAC,7,20,14,27,17,23
2022,14,2022_14_MIN_DET,MIN,DET,10,17,5,30,23,34
2022,14,2022_14_NE_ARI,NE,ARI,22,7,17,29,27,13
2022,14,2022_14_NYJ_BUF,NYJ,BUF,21,6,3,4,12,20
2022,14,2022_14_PHI_NYG,PHI,NYG,2,7,23,10,48,22
2022,14,2022_14_TB_SF,TB,SF,26,5,13,1,7,35
2022,15,2022_15_ARI_DEN,ARI,DEN,17,29,32,4,15,24
2022,15,2022_15_ATL_NO,ATL,NO,16,21,21,17,18,21
2022,15,2022_15_BAL_CLE,BAL,CLE,12,8,13,24,3,13
2022,15,2022_15_CIN_TB,CIN,TB,7,11,28,9,34,23
2022,15,2022_15_DAL_JAX,DAL,JAX,3,3,15,15,34,40
2022,15,2022_15_DET_NYJ,DET,NYJ,5,28,22,6,20,17
2022,15,2022_15_IND_MIN,IND,MIN,31,18,10,22,36,39
2022,15,2022_15_KC_HOU,KC,HOU,2,18,30,23,30,24
2022,15,2022_15_LA_GB,LA,GB,29,16,23,20,12,24
2022,15,2022_15_MIA_BUF,MIA,BUF,9,21,4,2,29,32
2022,15,2022_15_NE_LV,NE,LV,18,5,11,22,24,30
2022,15,2022_15_NYG_WAS,NYG,WAS,20,19,25,10,20,12
2022,15,2022_15_PHI_CHI,PHI,CHI,1,7,19,26,25,20
2022,15,2022_15_PIT_CAR,PIT,CAR,27,14,24,13,24,16
2022,15,2022_15_SF_SEA,SF,SEA,8,1,6,27,21,13
2022,15,2022_15_TEN_LAC,TEN,LAC,26,12,14,25,14,17
2022,16,2022_16_ATL_BAL,ATL,BAL,13,18,14,4,9,17
2022,16,2022_16_BUF_CHI,BUF,CHI,4,2,17,24,35,13
2022,16,2022_16_CIN_NE,CIN,NE,5,8,15,6,22,18
2022,16,2022_16_DEN_LA,DEN,LA,29,3,28,14,14,51
2022,16,2022_16_DET_CAR,DET,CAR,5,25,21,12,23,37
2022,16,2022_16_GB_MIA,GB,MIA,18,12,8,21,26,20
2022,16,2022_16_HOU_TEN,HOU,TEN,27,21,23,9,19,14
2022,16,2022_16_JAX_NYJ,JAX,NYJ,10,17,20,4,19,3
2022,16,2022_16_LAC_IND,LAC,IND,12,20,26,19,20,3
2022,16,2022_16_LV_PIT,LV,PIT,9,19,24,10,10,13
2022,16,2022_16_NO_CLE,NO,CLE,19,13,11,16,17,10
2022,16,2022_16_NYG_MIN,NYG,MIN,18,11,7,22,24,27
2022,16,2022_16_PHI_DAL,PHI,DAL,2,5,3,6,34,40
2022,16,2022_16_SEA_KC,SEA,KC,6,23,1,15,10,24
2022,16,2022_16_TB_ARI,TB,ARI,25,8,16,26,19,16
2022,16,2022_16_WAS_SF,WAS,SF,22,7,9,1,20,37
2022,17,2022_17_ARI_ATL,ARI,ATL,19,26,16,20,19,20
2022,17,2022_17_CAR_TB,CAR,TB,17,17,25,7,24,30
2022,17,2022_17_CHI_DET,CHI,DET,20,27,5,28,10,41
2022,17,2022_17_CLE_WAS,CLE,WAS,13,19,21,11,24,10
2022,17,2022_17_DAL_TEN,DAL,TEN,3,6,24,10,27,13
2022,17,2022_17_DEN_KC,DEN,KC,29,7,2,15,24,27
2022,17,2022_17_IND_NYG,IND,NYG,28,21,18,18,10,38
2022,17,2022_17_JAX_HOU,JAX,HOU,10,14,27,22,31,3
2022,17,2022_17_LA_LAC,LA,LAC,23,16,12,19,10,31
2022,17,2022_17_MIA_NE,MIA,NE,9,23,15,5,21,23
2022,17,2022_17_MIN_GB,MIN,GB,7,24,17,16,17,41
2022,17,2022_17_NO_PHI,NO,PHI,20,13,1,9,20,10
2022,17,2022_17_NYJ_SEA,NYJ,SEA,22,4,9,25,6,23
2022,17,2022_17_PIT_BAL,PIT,BAL,26,12,14,3,16,13
2022,17,2022_17_SF_LV,SF,LV,8,1,11,20,37,34
2022,18,2022_18_ARI_SF,ARI,SF,21,27,6,2,13,38
2022,18,2022_18_BAL_CIN,BAL,CIN,20,3,8,5,16,27
2022,18,2022_18_CAR_NO,CAR,NO,18,20,22,12,10,7
2022,18,2022_18_CLE_PIT,CLE,PIT,16,17,29,10,14,28
2022,18,2022_18_DAL_WAS,DAL,WAS,2,7,25,13,6,26
2022,18,2022_18_DET_GB,DET,GB,4,27,14,16,20,16
2022,18,2022_18_HOU_IND,HOU,IND,31,24,30,26,32,31
2022,18,2022_18_KC_LV,KC,LV,1,18,12,23,31,13
2022,18,2022_18_LAC_DEN,LAC,DEN,13,17,32,9,28,31
2022,18,2022_18_LA_SEA,LA,SEA,26,19,9,22,16,19
2022,18,2022_18_MIN_CHI,MIN,CHI,7,28,23,29,29,13
2022,18,2022_18_NE_BUF,NE,BUF,17,6,5,1,23,35
2022,18,2022_18_NYG_PHI,NYG,PHI,15,15,3,8,16,22
2022,18,2022_18_NYJ_MIA,NYJ,MIA,27,4,10,25,6,11
2022,18,2022_18_TB_ATL,TB,ATL,24,8,19,21,17,30
2022,18,2022_18_TEN_JAX,TEN,JAX,28,14,11,11,16,20
2023,1,2023_01_ARI_WAS,ARI,WAS,1,1,1,1,16,20
2023,1,2023_01_BUF_NYJ,BUF,NYJ,1,1,1,1,16,22
2023,1,2023_01_CAR_ATL,CAR,ATL,1,1,1,1,10,24
2023,1,2023_01_CIN_CLE,CIN,CLE,1,1,1,1,3,24
2023,1,2023_01_DAL_NYG,DAL,NYG,1,1,1,1,40,0
2023,1,2023_01_DET_KC,DET,KC,1,1,1,1,21,20
2023,1,2023_01_GB_CHI,GB,CHI,1,1,1,1,38,20
2023,1,2023_01_HOU_BAL,HOU,BAL,1,1,1,1,9,25
2023,1,2023_01_JAX_IND,JAX,IND,1,1,1,1,31,21
2023,1,2023_01_LA_SEA,LA,SEA,1,1,1,1,30,13
2023,1,2023_01_LV_DEN,LV,DEN,1,1,1,1,17,16
2023,1,2023_01_MIA_LAC,MIA,LAC,1,1,1,1,36,34
2023,1,2023_01_PHI_NE,PHI,NE,1,1,1,1,25,20
2023,1,2023_01_SF_PIT,SF,PIT,1,1,1,1,30,7
2023,1,2023_01_TB_MIN,TB,MIN,1,1,1,1,20,17
2023,1,2023_01_TEN_NO,TEN,NO,1,1,1,1,15,16
2023,2,2023_02_BAL_CIN,BAL,CIN,7,4,19,13,27,24
2023,2,2023_02_CHI_TB,CHI,TB,11,19,11,9,17,27
2023,2,2023_02_CLE_PIT,CLE,PIT,8,2,18,15,22,26
2023,2,2023_02_GB_ATL,GB,ATL,2,10,8,5,24,25
2023,2,2023_02_IND_HOU,IND,HOU,10,16,17,14,31,20
2023,2,2023_02_KC_JAX,KC,JAX,11,11,5,11,17,9
2023,2,2023_02_LAC_TEN,LAC,TEN,4,18,14,8,24,27
2023,2,2023_02_LV_BUF,LV,BUF,12,8,13,12,10,38
2023,2,2023_02_MIA_NE,MIA,NE,3,17,11,14,24,17
2023,2,2023_02_MIN_PHI,MIN,PHI,12,10,7,10,28,34
2023,2,2023_02_NO_CAR,NO,CAR,13,7,16,13,20,17
2023,2,2023_02_NYG_ARI,NYG,ARI,20,20,13,10,31,28
2023,2,2023_02_NYJ_DAL,NYJ,DAL,9,8,1,1,10,30
2023,2,2023_02_SEA_DET,SEA,DET,15,15,10,10,37,31
2023,2,2023_02_SF_LA,SF,LA,6,3,6,6,30,23
2023,2,2023_02_WAS_DEN,WAS,DEN,11,8,13,9,35,33
2023,3,2023_03_ATL_DET,ATL,DET,11,6,9,19,6,20
2023,3,2023_03_BUF_WAS,BUF,WAS,7,4,6,14,37,3
2023,3,2023_03_CAR_SEA,CAR,SEA,24,10,10,20,27,37
2023,3,2023_03_CHI_KC,CHI,KC,18,22,18,3,10,41
2023,3,2023_03_DAL_ARI,DAL,ARI,1,1,15,15,16,28
2023,3,2023_03_DEN_MIA,DEN,MIA,11,16,3,15,20,70
2023,3,2023_03_HOU_JAX,HOU,JAX,23,18,17,7,37,17
2023,3,2023_03_IND_BAL,IND,BAL,9,15,9,5,22,19
2023,3,2023_03_LAC_MIN,LAC,MIN,5,21,14,17,28,24
2023,3,2023_03_LA_CIN,LA,CIN,8,9,24,15,16,19
2023,3,2023_03_NE_NYJ,NE,NYJ,18,14,21,12,15,10
2023,3,2023_03_NO_GB,NO,GB,19,4,2,11,17,18
2023,3,2023_03_NYG_SF,NYG,SF,22,23,3,3,12,30
2023,3,2023_03_PHI_TB,PHI,TB,4,13,12,6,25,11
2023,3,2023_03_PIT_LV,PIT,LV,20,16,24,17,23,18
2023,3,2023_03_TEN_CLE,TEN,CLE,16,8,13,2,3,27
2023,4,2023_04_ARI_SF,ARI,SF,11,13,3,5,16,35
2023,4,2023_04_ATL_JAX,ATL,JAX,18,7,16,17,7,23
2023,4,2023_04_BAL_CLE,BAL,CLE,12,8,10,1,28,3
2023,4,2023_04_CIN_TEN,CIN,TEN,23,13,24,13,3,27
2023,4,2023_04_DEN_CHI,DEN,CHI,13,26,22,25,31,28
2023,4,2023_04_DET_GB,DET,GB,11,12,7,11,34,20
2023,4,2023_04_KC_NYJ,KC,NYJ,8,4,26,10,23,20
2023,4,2023_04_LA_IND,LA,IND,13,11,9,14,29,23
2023,4,2023_04_LV_LAC,LV,LAC,24,18,5,22,17,24
2023,4,2023_04_MIA_BUF,MIA,BUF,1,15,2,2,20,48
2023,4,2023_04_MIN_CAR,MIN,CAR,13,20,19,19,21,13
2023,4,2023_04_NE_DAL,NE,DAL,21,9,5,3,3,38
2023,4,2023_04_PIT_HOU,PIT,HOU,17,14,14,16,6,30
2023,4,2023_04_SEA_NYG,SEA,NYG,4,23,25,24,24,3
2023,4,2023_04_TB_NO,TB,NO,15,9,20,6,26,9
2023,4,2023_04_WAS_PHI,WAS,PHI,15,21,6,9,31,34
2023,5,2023_05_BAL_PIT,BAL,PIT,11,3,24,21,10,17
2023,5,2023_05_CAR_DET,CAR,DET,23,23,8,11,24,42
2023,5,2023_05_CHI_WAS,CHI,WAS,21,28,16,26,40,20
2023,5,2023_05_CIN_ARI,CIN,ARI,26,16,17,23,34,20
2023,5,2023_05_DAL_SF,DAL,SF,4,1,3,3,10,42
2023,5,2023_05_GB_LV,GB,LV,10,18,24,22,13,17
2023,5,2023_05_HOU_ATL,HOU,ATL,14,9,24,8,19,21
2023,5,2023_05_JAX_BUF,JAX,BUF,19,10,2,2,25,20
2023,5,2023_05_KC_MIN,KC,MIN,9,4,15,17,27,20
2023,5,2023_05_NO_NE,NO,NE,24,7,25,19,34,0
2023,5,2023_05_NYG_MIA,NYG,MIA,27,27,1,25,16,31
2023,5,2023_05_NYJ_DEN,NYJ,DEN,24,12,10,29,31,21
2023,5,2023_05_PHI_LA,PHI,LA,5,14,12,13,23,14
2023,5,2023_05_TEN_IND,TEN,IND,22,6,13,20,16,23
2023,6,2023_06_ARI_LA,ARI,LA,16,23,12,15,9,26
2023,6,2023_06_BAL_TEN,BAL,TEN,15,3,21,8,24,16
2023,6,2023_06_CAR_MIA,CAR,MIA,20,24,1,22,21,42
2023,6,2023_06_DAL_LAC,DAL,LAC,6,6,14,12,20,17
2023,6,2023_06_DEN_KC,DEN,KC,8,28,7,5,8,19
2023,6,2023_06_DET_TB,DET,TB,4,14,22,2,20,6
2023,6,2023_06_IND_JAX,IND,JAX,9,19,17,11,20,37
2023,6,2023_06_MIN_CHI,MIN,CHI,14,20,10,26,19,13
2023,6,2023_06_NE_LV,NE,LV,27,21,24,18,17,21
2023,6,2023_06_NO_HOU,NO,HOU,18,4,10,10,13,20
2023,6,2023_06_NYG_BUF,NYG,BUF,26,25,3,5,9,14
2023,6,2023_06_PHI_NYJ,PHI,NYJ,5,12,19,13,14,20
2023,6,2023_06_SEA_CIN,SEA,CIN,13,7,23,18,13,17
2023,6,2023_06_SF_CLE,SF,CLE,2,2,25,1,17,19
2023,6,2023_06_WAS_ATL,WAS,ATL,15,27,23,9,24,16
2023,7,2023_07_ARI_SEA,ARI,SEA,17,21,16,8,10,20
2023,7,2023_07_ATL_TB,ATL,TB,23,13,25,3,16,13
2023,7,2023_07_BUF_NE,BUF,NE,3,4,27,19,25,29
2023,7,2023_07_CLE_IND,CLE,IND,24,1,9,19,39,38
2023,7,2023_07_DET_BAL,DET,BAL,4,10,12,5,6,38
2023,7,2023_07_GB_DEN,GB,DEN,18,10,13,25,17,19
2023,7,2023_07_JAX_NO,JAX,NO,8,14,20,6,31,24
2023,7,2023_07_LAC_KC,LAC,KC,15,15,7,3,17,31
2023,7,2023_07_LV_CHI,LV,CHI,22,17,14,23,12,30
2023,7,2023_07_MIA_PHI,MIA,PHI,1,20,5,15,17,31
2023,7,2023_07_PIT_LA,PIT,LA,26,9,10,11,24,17
2023,7,2023_07_SF_MIN,SF,MIN,2,2,13,18,17,22
2023,7,2023_07_WAS_NYG,WAS,NYG,12,23,28,22,7,14
2023,8,2023_08_ATL_TEN,ATL,TEN,21,13,24,8,23,28
2023,8,2023_08_BAL_ARI,BAL,ARI,8,1,20,22,31,24
2023,8,2023_08_CHI_LAC,CHI,LAC,9,25,14,18,13,30
2023,8,2023_08_CIN_SF,CIN,SF,27,11,2,5,31,17
2023,8,2023_08_CLE_SEA,CLE,SEA,17,7,14,9,20,24
2023,8,2023_08_HOU_CAR,HOU,CAR,16,6,23,23,13,15
2023,8,2023_08_JAX_PIT,JAX,PIT,7,15,25,11,20,10
2023,8,2023_08_KC_DEN,KC,DEN,5,4,13,28,9,24
2023,8,2023_08_LA_DAL,LA,DAL,10,14,11,2,20,43
2023,8,2023_08_LV_DET,LV,DET,23,19,6,16,14,26
2023,8,2023_08_MIN_GB,MIN,GB,12,17,19,12,24,10
2023,8,2023_08_NE_MIA,NE,MIA,26,21,1,24,17,31
2023,8,2023_08_NO_IND,NO,IND,18,11,5,27,38,27
2023,8,2023_08_NYJ_NYG,NYJ,NYG,22,10,28,20,13,10
2023,8,2023_08_PHI_WAS,PHI,WAS,4,14,15,26,38,31
2023,8,2023_08_TB_BUF,TB,BUF,25,3,3,9,18,24
2023,9,2023_09_ARI_CLE,ARI,CLE,17,23,16,7,0,27
2023,9,2023_09_BUF_CIN,BUF,CIN,3,5,22,9,18,24
2023,9,2023_09_CHI_NO,CHI,NO,14,24,14,11,17,24
2023,9,2023_09_DAL_PHI,DAL,PHI,8,1,2,17,23,28
2023,9,2023_09_IND_CAR,IND,CAR,5,27,23,20,27,13
2023,9,2023_09_LAC_NYJ,LAC,NYJ,12,16,24,4,27,6
2023,9,2023_09_LA_GB,LA,GB,11,18,19,12,3,20
2023,9,2023_09_MIA_KC,MIA,KC,1,21,10,4,14,21
2023,9,2023_09_MIN_ATL,MIN,ATL,11,14,20,13,31,28
2023,9,2023_09_NYG_LV,NYG,LV,28,19,24,19,6,30
2023,9,2023_09_SEA_BAL,SEA,BAL,15,6,6,2,3,37
2023,9,2023_09_TB_HOU,TB,HOU,25,3,18,3,37,39
2023,9,2023_09_TEN_PIT,TEN,PIT,21,8,27,10,16,20
2023,9,2023_09_WAS_NE,WAS,NE,14,26,26,22,20,17
2023,10,2023_10_ATL_ARI,ATL,ARI,21,17,26,25,23,25
2023,10,2023_10_CAR_CHI,CAR,CHI,28,23,15,26,13,16
2023,10,2023_10_CLE_BAL,CLE,BAL,17,2,4,1,33,31
2023,10,2023_10_DEN_BUF,DEN,BUF,19,23,3,8,24,22
2023,10,2023_10_DET_LAC,DET,LAC,11,11,10,14,41,38
2023,10,2023_10_GB_PIT,GB,PIT,22,7,30,10,19,23
2023,10,2023_10_HOU_CIN,HOU,CIN,16,11,25,9,30,27
2023,10,2023_10_IND_NE,IND,NE,5,26,29,24,10,6
2023,10,2023_10_NO_MIN,NO,MIN,12,13,9,16,19,27
2023,10,2023_10_NYG_DAL,NYG,DAL,32,21,6,5,17,49
2023,10,2023_10_NYJ_LV,NYJ,LV,31,6,24,18,12,16
2023,10,2023_10_SF_JAX,SF,JAX,7,3,13,6,34,3
2023,10,2023_10_TEN_TB,TEN,TB,27,8,23,12,6,20
2023,10,2023_10_WAS_SEA,WAS,SEA,14,27,20,15,26,29
2023,11,2023_11_ARI_HOU,ARI,HOU,20,26,10,11,16,21
2023,11,2023_11_CHI_DET,CHI,DET,13,25,7,15,26,31
2023,11,2023_11_CIN_BAL,CIN,BAL,17,11,2,2,20,34
2023,11,2023_11_DAL_CAR,DAL,CAR,3,3,24,23,33,10
2023,11,2023_11_LAC_GB,LAC,GB,8,19,18,8,20,23
2023,11,2023_11_LV_MIA,LV,MIA,21,17,1,21,13,20
2023,11,2023_11_MIN_DEN,MIN,DEN,9,18,15,24,20,21
2023,11,2023_11_NYG_WAS,NYG,WAS,27,27,10,28,31,19
2023,11,2023_11_NYJ_BUF,NYJ,BUF,25,5,4,9,6,32
2023,11,2023_11_PHI_KC,PHI,KC,5,12,12,1,21,17
2023,11,2023_11_PIT_CLE,PIT,CLE,22,8,11,4,10,13
2023,11,2023_11_SEA_LA,SEA,LA,14,14,19,16,16,17
2023,11,2023_11_TB_SF,TB,SF,19,6,5,1,14,27
2023,11,2023_11_TEN_JAX,TEN,JAX,23,7,15,10,14,34
2023,12,2023_12_BAL_LAC,BAL,LAC,2,4,8,22,20,10
2023,12,2023_12_BUF_PHI,BUF,PHI,4,6,6,13,34,37
2023,12,2023_12_CAR_TEN,CAR,TEN,26,25,24,14,10,17
2023,12,2023_12_CHI_MIN,CHI,MIN,13,28,9,21,12,10
2023,12,2023_12_CLE_DEN,CLE,DEN,14,5,16,24,12,29
2023,12,2023_12_GB_DET,GB,DET,19,10,7,20,29,22
2023,12,2023_12_JAX_HOU,JAX,HOU,13,11,11,12,24,21
2023,12,2023_12_KC_LV,KC,LV,15,2,23,18,31,17
2023,12,2023_12_LA_ARI,LA,ARI,20,17,21,26,37,14
2023,12,2023_12_MIA_NYJ,MIA,NYJ,1,22,27,11,34,13
2023,12,2023_12_NE_NYG,NE,NYG,29,22,28,27,7,10
2023,12,2023_12_NO_ATL,NO,ATL,18,8,22,15,15,24
2023,12,2023_12_PIT_CIN,PIT,CIN,25,7,19,19,16,10
2023,12,2023_12_SF_SEA,SF,SEA,5,1,17,16,31,13
2023,12,2023_12_TB_IND,TB,IND,21,9,10,23,20,27
2023,12,2023_12_WAS_DAL,WAS,DAL,12,29,3,3,10,45
2023,13,2023_13_ARI_PIT,ARI,PIT,20,25,23,5,24,10
2023,13,2023_13_ATL_NYJ,ATL,NYJ,18,11,25,13,13,8
2023,13,2023_13_CAR_TB,CAR,TB,24,23,19,10,18,21
2023,13,2023_13_CIN_JAX,CIN,JAX,19,14,11,9,34,31
2023,13,2023_13_CLE_LA,CLE,LA,14,6,15,12,19,36
2023,13,2023_13_DEN_HOU,DEN,HOU,12,22,9,11,17,22
2023,13,2023_13_DET_NO,DET,NO,6,20,17,7,33,28
2023,13,2023_13_IND_TEN,IND,TEN,7,21,22,8,31,28
2023,13,2023_13_KC_GB,KC,GB,10,2,16,8,19,27
2023,13,2023_13_LAC_NE,LAC,NE,7,20,27,16,6,0
2023,13,2023_13_MIA_WAS,MIA,WAS,2,18,12,26,45,15
2023,13,2023_13_SEA_DAL,SEA,DAL,17,17,1,3,35,41
2023,13,2023_13_SF_PHI,SF,PHI,5,1,5,15,42,19
2023,14,2023_14_BUF_KC,BUF,KC,5,5,11,3,20,17
2023,14,2023_14_CAR_NO,CAR,NO,26,27,17,15,6,28
2023,14,2023_14_DEN_LAC,DEN,LAC,14,26,11,17,24,7
2023,14,2023_14_DET_CHI,DET,CHI,6,21,19,25,13,28
2023,14,2023_14_GB_NYG,GB,NYG,16,9,28,24,22,24
2023,14,2023_14_HOU_NYJ,HOU,NYJ,10,11,27,12,6,30
2023,14,2023_14_IND_CIN,IND,CIN,8,25,18,20,14,34
2023,14,2023_14_JAX_CLE,JAX,CLE,9,18,16,10,27,31
2023,14,2023_14_LA_BAL,LA,BAL,12,13,7,1,31,37
2023,14,2023_14_MIN_LV,MIN,LV,14,8,24,16,3,0
2023,14,2023_14_NE_PIT,NE,PIT,29,14,25,6,21,18
2023,14,2023_14_PHI_DAL,PHI,DAL,4,22,1,4,13,33
2023,14,2023_14_SEA_SF,SEA,SF,13,23,3,2,16,28
2023,14,2023_14_TB_ATL,TB,ATL,20,10,22,7,29,25
2023,14,2023_14_TEN_MIA,TEN,MIA,23,15,2,19,28,27
2023,15,2023_15_ATL_CAR,ATL,CAR,21,12,27,26,7,9
2023,15,2023_15_BAL_JAX,BAL,JAX,4,2,9,18,23,7
2023,15,2023_15_CHI_CLE,CHI,CLE,17,20,12,14,17,20
2023,15,2023_15_DAL_BUF,DAL,BUF,1,4,5,6,10,31
2023,15,2023_15_DEN_DET,DEN,DET,13,20,7,21,17,42
2023,15,2023_15_HOU_TEN,HOU,TEN,13,15,22,16,19,16
2023,15,2023_15_KC_NE,KC,NE,11,3,29,14,27,17
2023,15,2023_15_LAC_LV,LAC,LV,15,16,25,9,21,63
2023,15,2023_15_MIN_CIN,MIN,CIN,18,5,16,17,24,27
2023,15,2023_15_NYG_NO,NYG,NO,28,21,14,10,6,24
2023,15,2023_15_NYJ_MIA,NYJ,MIA,26,8,2,19,0,30
2023,15,2023_15_PHI_SEA,PHI,SEA,6,23,16,22,17,20
2023,15,2023_15_PIT_IND,PIT,IND,24,7,8,24,13,30
2023,15,2023_15_SF_ARI,SF,ARI,3,1,23,25,45,29
2023,15,2023_15_TB_GB,TB,GB,19,13,16,11,34,20
2023,15,2023_15_WAS_LA,WAS,LA,20,27,10,18,20,28
2023,16,2023_16_ARI_CHI,ARI,CHI,22,29,19,20,16,27
2023,16,2023_16_BAL_SF,BAL,SF,4,1,3,2,33,19
2023,16,2023_16_BUF_LAC,BUF,LAC,6,4,15,26,24,22
2023,16,2023_16_CIN_PIT,CIN,PIT,12,18,25,9,11,34
2023,16,2023_16_CLE_HOU,CLE,HOU,11,11,13,14,36,22
2023,16,2023_16_DAL_MIA,DAL,MIA,2,5,1,13,20,22
2023,16,2023_16_DET_MIN,DET,MIN,5,21,18,7,30,24
2023,16,2023_16_GB_CAR,GB,CAR,16,16,26,27,33,30
2023,16,2023_16_IND_ATL,IND,ATL,8,25,23,8,10,29
2023,16,2023_16_JAX_TB,JAX,TB,10,19,17,12,12,30
2023,16,2023_16_LV_KC,LV,KC,21,9,10,3,20,14
2023,16,2023_16_NE_DEN,NE,DEN,29,15,14,28,26,23
2023,16,2023_16_NO_LA,NO,LA,11,6,9,17,22,30
2023,16,2023_16_NYG_PHI,NYG,PHI,28,23,7,24,25,33
2023,16,2023_16_SEA_TEN,SEA,TEN,16,22,24,16,20,17
2023,16,2023_16_WAS_NYJ,WAS,NYJ,20,30,27,10,28,30
2023,17,2023_17_ARI_PHI,ARI,PHI,23,29,7,23,35,31
2023,17,2023_17_ATL_CHI,ATL,CHI,21,6,19,20,17,37
2023,17,2023_17_CAR_JAX,CAR,JAX,26,28,12,19,0,26
2023,17,2023_17_CIN_KC,CIN,KC,18,20,11,2,17,25
2023,17,2023_17_DET_DAL,DET,DAL,5,22,2,5,19,20
2023,17,2023_17_GB_MIN,GB,MIN,11,17,19,10,33,10
2023,17,2023_17_LAC_DEN,LAC,DEN,16,24,14,27,9,16
2023,17,2023_17_LA_NYG,LA,NYG,8,18,28,25,26,25
2023,17,2023_17_LV_IND,LV,IND,22,8,9,26,20,23
2023,17,2023_17_MIA_BAL,MIA,BAL,1,13,4,1,19,56
2023,17,2023_17_NE_BUF,NE,BUF,29,16,6,4,21,27
2023,17,2023_17_NO_TB,NO,TB,12,9,15,11,23,13
2023,17,2023_17_NYJ_CLE,NYJ,CLE,27,14,10,12,20,37
2023,17,2023_17_PIT_SEA,PIT,SEA,25,7,17,21,30,23
2023,17,2023_17_SF_WAS,SF,WAS,3,3,20,30,27,10
2023,17,2023_17_TEN_HOU,TEN,HOU,24,15,13,17,3,26
2023,18,2023_18_ATL_NO,ATL,NO,23,9,13,6,17,48
2023,18,2023_18_BUF_MIA,BUF,MIA,5,4,1,20,21,14
2023,18,2023_18_CHI_GB,CHI,GB,14,19,10,13,9,17
2023,18,2023_18_CLE_CIN,CLE,CIN,8,10,17,20,14,31
2023,18,2023_18_DAL_WAS,DAL,WAS,3,5,20,30,38,10
2023,18,2023_18_DEN_LV,DEN,LV,15,24,22,8,14,27
2023,18,2023_18_HOU_IND,HOU,IND,13,12,9,25,23,19
2023,18,2023_18_JAX_TEN,JAX,TEN,12,14,25,15,20,28
2023,18,2023_18_KC_LAC,KC,LAC,11,3,18,23,13,12
2023,18,2023_18_LA_SF,LA,SF,7,18,3,2,21,20
2023,18,2023_18_MIN_DET,MIN,DET,19,11,4,21,20,30
2023,18,2023_18_NYJ_NE,NYJ,NE,26,17,29,16,17,3
2023,18,2023_18_PHI_NYG,PHI,NYG,6,27,27,26,10,27
2023,18,2023_18_PIT_BAL,PIT,BAL,24,7,2,1,17,10
2023,18,2023_18_SEA_ARI,SEA,ARI,15,22,21,29,21,20
2023,18,2023_18_TB_CAR,TB,CAR,16,9,28,28,9,0
2024,1,2024_01_ARI_BUF,ARI,BUF,1,1,1,1,28,34
2024,1,2024_01_BAL_KC,BAL,KC,1,1,1,1,20,27
2024,1,2024_01_CAR_NO,CAR,NO,1,1,1,1,10,47
2024,1,2024_01_DAL_CLE,DAL,CLE,1,1,1,1,33,17
2024,1,2024_01_DEN_SEA,DEN,SEA,1,1,1,1,20,26
2024,1,2024_01_GB_PHI,GB,PHI,1,1,1,1,29,34
2024,1,2024_01_HOU_IND,HOU,IND,1,1,1,1,29,27
2024,1,2024_01_JAX_MIA,JAX,MIA,1,1,1,1,17,20
2024,1,2024_01_LA_DET,LA,DET,1,1,1,1,20,26
2024,1,2024_01_LV_LAC,LV,LAC,1,1,1,1,10,22
2024,1,2024_01_MIN_NYG,MIN,NYG,1,1,1,1,28,6
2024,1,2024_01_NE_CIN,NE,CIN,1,1,1,1,16,10
2024,1,2024_01_NYJ_SF,NYJ,SF,1,1,1,1,19,32
2024,1,2024_01_PIT_ATL,PIT,ATL,1,1,1,1,18,10
2024,1,2024_01_TEN_CHI,TEN,CHI,1,1,1,1,17,24
2024,1,2024_01_WAS_TB,WAS,TB,1,1,1,1,20,37
2024,2,2024_02_ATL_PHI,ATL,PHI,17,5,3,13,22,21
2024,2,2024_02_BUF_MIA,BUF,MIA,3,12,12,4,31,10
2024,2,2024_02_CHI_HOU,CHI,HOU,10,4,6,11,13,19
2024,2,2024_02_CIN_KC,CIN,KC,17,3,8,7,25,26
2024,2,2024_02_CLE_JAX,CLE,JAX,15,15,15,7,18,13
2024,2,2024_02_IND_GB,IND,GB,8,13,6,16,10,16
2024,2,2024_02_LAC_CAR,LAC,CAR,11,2,17,18,26,3
2024,2,2024_02_LA_ARI,LA,ARI,12,10,7,16,10,41
2024,2,2024_02_LV_BAL,LV,BAL,17,8,12,11,26,23
2024,2,2024_02_NO_DAL,NO,DAL,1,2,4,4,44,19
2024,2,2024_02_NYG_WAS,NYG,WAS,18,12,12,17,18,21
2024,2,2024_02_NYJ_TEN,NYJ,TEN,13,14,15,9,24,17
2024,2,2024_02_PIT_DEN,PIT,DEN,14,2,12,10,13,6
2024,2,2024_02_SEA_NE,SEA,NE,9,7,16,2,23,20
2024,2,2024_02_SF_MIN,SF,MIN,5,6,7,1,17,23
2024,2,2024_02_TB_DET,TB,DET,2,7,9,7,20,16
2024,3,2024_03_BAL_DAL,BAL,DAL,12,17,7,19,28,25
2024,3,2024_03_CAR_LV,CAR,LV,24,21,16,12,36,22
2024,3,2024_03_CHI_IND,CHI,IND,15,6,15,12,16,21
2024,3,2024_03_DEN_TB,DEN,TB,22,8,4,6,26,7
2024,3,2024_03_DET_ARI,DET,ARI,13,9,2,11,20,13
2024,3,2024_03_GB_TEN,GB,TEN,11,11,18,14,30,14
2024,3,2024_03_HOU_MIN,HOU,MIN,10,9,8,3,7,34
2024,3,2024_03_JAX_BUF,JAX,BUF,21,7,3,7,10,47
2024,3,2024_03_KC_ATL,KC,ATL,6,12,19,8,22,17
2024,3,2024_03_LAC_PIT,LAC,PIT,10,1,20,2,10,20
2024,3,2024_03_MIA_SEA,MIA,SEA,21,14,9,9,3,24
2024,3,2024_03_NE_NYJ,NE,NYJ,16,5,12,15,3,24
2024,3,2024_03_NYG_CLE,NYG,CLE,23,15,17,13,21,15
2024,3,2024_03_PHI_NO,PHI,NO,5,16,1,4,15,12
2024,3,2024_03_SF_LA,SF,LA,9,10,21,20,24,27
2024,3,2024_03_WAS_CIN,WAS,CIN,14,18,17,10,38,33
2024,4,2024_04_BUF_BAL,BUF,BAL,1,7,9,20,10,35
2024,4,2024_04_CIN_CAR,CIN,CAR,11,21,22,27,34,24
2024,4,2024_04_CLE_LV,CLE,LV,21,16,15,22,16,20
2024,4,2024_04_DAL_NYG,DAL,NYG,6,25,24,15,20,15
2024,4,2024_04_DEN_NYJ,DEN,NYJ,19,6,12,8,10,9
2024,4,2024_04_JAX_HOU,JAX,HOU,25,23,17,19,20,24
2024,4,2024_04_KC_LAC,KC,LAC,7,13,15,3,17,10
2024,4,2024_04_LA_CHI,LA,CHI,16,26,18,10,18,24
2024,4,2024_04_MIN_GB,MIN,GB,3,2,7,11,31,29
2024,4,2024_04_NE_SF,NE,SF,26,10,8,17,13,30
2024,4,2024_04_NO_ATL,NO,ATL,2,5,22,12,24,26
2024,4,2024_04_PHI_TB,PHI,TB,10,14,13,13,16,33
2024,4,2024_04_PIT_IND,PIT,IND,20,1,15,12,24,27
2024,4,2024_04_SEA_DET,SEA,DET,8,4,14,9,29,42
2024,4,2024_04_TEN_MIA,TEN,MIA,23,20,27,18,31,12
2024,4,2024_04_WAS_ARI,WAS,ARI,5,24,4,15,42,14
2024,5,2024_05_ARI_SF,ARI,SF,10,24,7,10,24,23
2024,5,2024_05_BAL_CIN,BAL,CIN,5,15,8,23,41,38
2024,5,2024_05_BUF_HOU,BUF,HOU,2,11,14,18,20,23
2024,5,2024_05_CAR_CHI,CAR,CHI,19,27,16,8,10,36
2024,5,2024_05_CLE_WAS,CLE,WAS,21,14,3,21,13,34
2024,5,2024_05_DAL_PIT,DAL,PIT,9,23,18,2,20,17
2024,5,2024_05_GB_LA,GB,LA,6,16,18,26,24,19
2024,5,2024_05_IND_JAX,IND,JAX,13,13,23,25,34,37
2024,5,2024_05_LV_DEN,LV,DEN,15,20,22,3,18,34
2024,5,2024_05_MIA_NE,MIA,NE,25,22,24,14,15,10
2024,5,2024_05_NO_KC,NO,KC,1,6,11,7,13,26
2024,5,2024_05_NYG_SEA,NYG,SEA,23,12,8,13,29,20
2024,5,2024_05_NYJ_MIN,NYJ,MIN,17,5,4,4,17,23
2024,5,2024_05_TB_ATL,TB,ATL,9,9,18,13,30,36
2024,6,2024_06_ARI_GB,ARI,GB,10,18,6,11,13,34
2024,6,2024_06_ATL_CAR,ATL,CAR,15,14,25,23,38,20
2024,6,2024_06_BUF_NYJ,BUF,NYJ,3,10,21,5,23,20
2024,6,2024_06_CIN_NYG,CIN,NYG,4,22,23,9,17,7
2024,6,2024_06_CLE_PHI,CLE,PHI,26,15,24,7,16,20
2024,6,2024_06_DET_DAL,DET,DAL,16,4,13,15,47,9
2024,6,2024_06_HOU_NE,HOU,NE,17,13,28,8,41,21
2024,6,2024_06_IND_TEN,IND,TEN,11,16,26,6,20,17
2024,6,2024_06_JAX_CHI,JAX,CHI,18,21,14,5,16,35
2024,6,2024_06_LAC_DEN,LAC,DEN,27,1,19,2,23,16
2024,6,2024_06_PIT_LV,PIT,LV,22,2,19,19,32,13
2024,6,2024_06_SF_SEA,SF,SEA,8,10,9,13,36,24
2024,6,2024_06_TB_NO,TB,NO,7,13,4,7,51,27
2024,6,2024_06_WAS_BAL,WAS,BAL,1,14,2,17,23,30
2024,7,2024_07_BAL_TB,BAL,TB,2,21,1,17,41,31
2024,7,2024_07_CAR_WAS,CAR,WAS,21,27,1,19,7,40
2024,7,2024_07_CIN_CLE,CIN,CLE,6,23,23,17,21,14
2024,7,2024_07_DEN_NO,DEN,NO,18,6,3,20,33,10
2024,7,2024_07_DET_MIN,DET,MIN,7,5,12,2,31,29
2024,7,2024_07_HOU_GB,HOU,GB,11,15,5,12,22,24
2024,7,2024_07_KC_SF,KC,SF,16,3,5,14,28,18
2024,7,2024_07_LAC_ARI,LAC,ARI,25,1,13,24,15,17
2024,7,2024_07_LV_LA,LV,LA,19,24,24,16,15,20
2024,7,2024_07_MIA_IND,MIA,IND,27,11,12,16,10,16
2024,7,2024_07_NE_JAX,NE,JAX,26,18,17,26,16,32
2024,7,2024_07_NYJ_PIT,NYJ,PIT,17,8,15,4,15,37
2024,7,2024_07_PHI_NYG,PHI,NYG,20,10,22,12,28,3
2024,7,2024_07_SEA_ATL,SEA,ATL,10,22,8,15,34,14
2024,7,2024_07_TEN_BUF,TEN,BUF,22,9,4,13,10,34
2024,8,2024_08_ARI_MIA,ARI,MIA,14,24,27,8,28,27
2024,8,2024_08_ATL_TB,ATL,TB,11,22,2,26,31,26
2024,8,2024_08_BAL_CLE,BAL,CLE,1,25,24,18,24,29
2024,8,2024_08_BUF_SEA,BUF,SEA,3,9,6,19,31,10
2024,8,2024_08_CAR_DEN,CAR,DEN,23,29,17,4,14,28
2024,8,2024_08_CHI_WAS,CHI,WAS,15,2,1,14,15,18
2024,8,2024_08_DAL_SF,DAL,SF,20,21,6,16,24,30
2024,8,2024_08_GB_JAX,GB,JAX,4,10,17,28,30,27
2024,8,2024_08_IND_HOU,IND,HOU,13,13,10,17,20,23
2024,8,2024_08_KC_LV,KC,LV,16,3,21,27,27,20
2024,8,2024_08_MIN_LA,MIN,LA,9,5,22,15,20,30
2024,8,2024_08_NO_LAC,NO,LAC,8,25,25,1,8,26
2024,8,2024_08_NYG_PIT,NYG,PIT,26,13,12,2,18,26
2024,8,2024_08_NYJ_NE,NYJ,NE,19,12,26,23,22,25
2024,8,2024_08_PHI_CIN,PHI,CIN,18,6,7,20,37,17
2024,8,2024_08_TEN_DET,TEN,DET,25,11,5,7,14,52
2024,9,2024_09_CHI_ARI,CHI,ARI,19,2,14,23,9,29
2024,9,2024_09_DAL_ATL,DAL,ATL,20,21,9,18,21,27
2024,9,2024_09_DEN_BAL,DEN,BAL,16,3,1,25,10,41
2024,9,2024_09_DET_GB,DET,GB,4,6,6,11,24,14
2024,9,2024_09_HOU_NYJ,HOU,NYJ,11,15,20,11,13,21
2024,9,2024_09_IND_MIN,IND,MIN,15,12,11,7,13,21
2024,9,2024_09_JAX_PHI,JAX,PHI,17,28,18,5,23,28
2024,9,2024_09_LAC_CLE,LAC,CLE,23,1,22,17,27,10
2024,9,2024_09_LA_SEA,LA,SEA,21,13,10,18,26,20
2024,9,2024_09_LV_CIN,LV,CIN,21,26,8,22,24,41
2024,9,2024_09_MIA_BUF,MIA,BUF,27,9,5,8,27,30
2024,9,2024_09_NE_TEN,NE,TEN,24,20,25,19,17,20
2024,9,2024_09_NO_CAR,NO,CAR,13,24,24,29,22,23
2024,9,2024_09_TB_KC,TB,KC,3,27,16,4,24,30
2024,9,2024_09_WAS_NYG,WAS,NYG,2,10,26,14,27,22
2024,10,2024_10_ATL_NO,ATL,NO,8,19,11,25,17,20
2024,10,2024_10_BUF_IND,BUF,IND,3,8,16,13,30,20
2024,10,2024_10_CIN_BAL,CIN,BAL,6,24,1,21,34,35
2024,10,2024_10_DEN_KC,DEN,KC,18,7,12,3,14,16
2024,10,2024_10_DET_HOU,DET,HOU,5,4,13,15,26,23
2024,10,2024_10_MIA_LA,MIA,LA,29,11,21,14,23,15
2024,10,2024_10_MIN_JAX,MIN,JAX,10,5,15,28,12,7
2024,10,2024_10_NE_CHI,NE,CHI,26,20,19,4,19,3
2024,10,2024_10_NYG_CAR,NYG,CAR,28,16,25,29,17,20
2024,10,2024_10_NYJ_ARI,NYJ,ARI,20,10,11,18,6,31
2024,10,2024_10_PHI_DAL,PHI,DAL,14,6,20,23,34,6
2024,10,2024_10_PIT_WAS,PIT,WAS,17,2,2,12,28,27
2024,10,2024_10_SF_TB,SF,TB,9,9,4,26,23,20
2024,10,2024_10_TEN_LAC,TEN,LAC,27,17,23,1,17,27
2024,11,2024_11_ATL_DEN,ATL,DEN,6,19,17,7,6,38
2024,11,2024_11_BAL_PIT,BAL,PIT,1,23,13,2,16,18
2024,11,2024_11_CIN_LAC,CIN,LAC,5,25,18,1,27,34
2024,11,2024_11_CLE_NO,CLE,NO,27,11,9,21,14,35
2024,11,2024_11_GB_CHI,GB,CHI,8,9,21,5,20,19
2024,11,2024_11_HOU_DAL,HOU,DAL,10,18,20,24,34,10
2024,11,2024_11_IND_NYJ,IND,NYJ,15,17,20,12,28,27
2024,11,2024_11_JAX_DET,JAX,DET,16,26,3,6,6,52
2024,11,2024_11_KC_BUF,KC,BUF,12,4,2,8,21,30
2024,11,2024_11_LA_NE,LA,NE,19,13,24,14,28,22
2024,11,2024_11_LV_MIA,LV,MIA,22,22,28,10,19,34
2024,11,2024_11_MIN_TEN,MIN,TEN,11,3,25,20,23,13
2024,11,2024_11_SEA_SF,SEA,SF,14,15,7,10,20,17
2024,11,2024_11_WAS_PHI,WAS,PHI,2,13,7,4,18,26
2024,12,2024_12_ARI_SEA,ARI,SEA,13,11,17,15,6,16
2024,12,2024_12_BAL_LAC,BAL,LAC,2,24,18,1,30,23
2024,12,2024_12_DAL_WAS,DAL,WAS,23,27,4,18,34,26
2024,12,2024_12_DEN_LV,DEN,LV,15,6,23,26,29,19
2024,12,2024_12_DET_IND,DET,IND,1,4,14,20,24,6
2024,12,2024_12_KC_CAR,KC,CAR,12,8,27,29,30,27
2024,12,2024_12_MIN_CHI,MIN,CHI,11,3,22,7,30,27
2024,12,2024_12_NE_MIA,NE,MIA,24,19,25,12,15,34
2024,12,2024_12_PHI_LA,PHI,LA,8,5,19,16,37,20
2024,12,2024_12_PIT_CLE,PIT,CLE,16,2,28,19,19,24
2024,12,2024_12_SF_GB,SF,GB,10,13,10,9,10,38
2024,12,2024_12_TB_NYG,TB,NYG,6,23,29,13,30,7
2024,12,2024_12_TEN_HOU,TEN,HOU,26,22,9,14,32,27
2024,13,2024_13_ARI_MIN,ARI,MIN,17,11,10,4,22,23
2024,13,2024_13_CHI_DET,CHI,DET,21,8,2,2,20,23
2024,13,2024_13_CLE_DEN,CLE,DEN,29,16,12,6,32,41
2024,13,2024_13_HOU_JAX,HOU,JAX,9,17,23,27,23,20
2024,13,2024_13_IND_NE,IND,NE,19,19,27,22,25,24
2024,13,2024_13_LAC_ATL,LAC,ATL,18,1,17,19,17,13
2024,13,2024_13_LA_NO,LA,NO,20,20,13,15,21,14
2024,13,2024_13_LV_KC,LV,KC,24,26,11,9,17,19
2024,13,2024_13_MIA_GB,MIA,GB,22,11,8,10,17,30
2024,13,2024_13_NYG_DAL,NYG,DAL,30,14,21,28,20,27
2024,13,2024_13_PHI_BAL,PHI,BAL,7,5,1,24,24,19
2024,13,2024_13_PIT_CIN,PIT,CIN,15,3,6,25,44,38
2024,13,2024_13_SEA_NYJ,SEA,NYJ,16,13,25,12,26,21
2024,13,2024_13_SF_BUF,SF,BUF,14,15,4,7,10,35
2024,13,2024_13_TB_CAR,TB,CAR,5,18,28,29,26,23
2024,13,2024_13_TEN_WAS,TEN,WAS,26,23,3,21,19,42
2024,14,2024_14_ATL_MIN,ATL,MIN,18,17,9,4,21,42
2024,14,2024_14_BUF_LA,BUF,LA,3,5,19,16,42,44
2024,14,2024_14_CAR_PHI,CAR,PHI,28,28,5,3,16,22
2024,14,2024_14_CHI_SF,CHI,SF,21,8,14,18,13,38
2024,14,2024_14_CIN_DAL,CIN,DAL,4,27,20,26,27,20
2024,14,2024_14_CLE_PIT,CLE,PIT,27,22,10,5,14,27
2024,14,2024_14_GB_DET,GB,DET,6,8,1,2,31,34
2024,14,2024_14_JAX_TEN,JAX,TEN,23,26,26,24,10,6
2024,14,2024_14_LAC_KC,LAC,KC,17,1,11,7,17,19
2024,14,2024_14_LV_TB,LV,TB,25,25,4,19,13,28
2024,14,2024_14_NO_NYG,NO,NYG,12,14,29,13,14,11
2024,14,2024_14_NYJ_MIA,NYJ,MIA,24,12,22,11,26,32
2024,14,2024_14_SEA_ARI,SEA,ARI,13,10,16,9,30,18
2024,15,2024_15_ATL_LV,ATL,LV,17,22,25,27,15,9
2024,15,2024_15_BAL_NYG,BAL,NYG,3,20,30,13,35,14
2024,15,2024_15_BUF_DET,BUF,DET,2,6,1,2,48,42
2024,15,2024_15_CHI_MIN,CHI,MIN,22,8,9,4,12,30
2024,15,2024_15_CIN_TEN,CIN,TEN,6,26,28,24,37,27
2024,15,2024_15_DAL_CAR,DAL,CAR,19,28,26,29,30,14
2024,15,2024_15_GB_SEA,GB,SEA,7,7,13,9,30,13
2024,15,2024_15_IND_DEN,IND,DEN,20,15,12,2,13,31
2024,15,2024_15_KC_CLE,KC,CLE,11,5,27,23,21,7
2024,15,2024_15_LA_SF,LA,SF,14,21,11,18,12,6
2024,15,2024_15_MIA_HOU,MIA,HOU,21,12,11,10,12,20
2024,15,2024_15_NE_ARI,NE,ARI,29,17,16,11,17,30
2024,15,2024_15_NYJ_JAX,NYJ,JAX,23,16,24,25,32,25
2024,15,2024_15_PIT_PHI,PIT,PHI,10,3,8,2,13,27
2024,15,2024_15_TB_LAC,TB,LAC,5,19,18,1,40,17
2024,15,2024_15_WAS_NO,WAS,NO,4,14,15,12,20,19
2024,16,2024_16_ARI_CAR,ARI,CAR,13,8,25,29,30,36
2024,16,2024_16_CLE_CIN,CLE,CIN,27,23,5,28,6,24
2024,16,2024_16_DEN_LAC,DEN,LAC,9,1,17,1,27,34
2024,16,2024_16_DET_CHI,DET,CHI,1,5,22,9,34,17
2024,16,2024_16_HOU_KC,HOU,KC,11,7,10,3,19,27
2024,16,2024_16_JAX_LV,JAX,LV,23,25,26,24,14,19
2024,16,2024_16_LA_NYJ,LA,NYJ,14,21,19,15,19,9
2024,16,2024_16_MIN_SEA,MIN,SEA,8,2,12,12,27,24
2024,16,2024_16_NE_BUF,NE,BUF,28,20,2,10,21,24
2024,16,2024_16_NO_GB,NO,GB,15,11,7,6,0,34
2024,16,2024_16_NYG_ATL,NYG,ATL,29,17,18,22,7,34
2024,16,2024_16_PHI_WAS,PHI,WAS,8,1,6,13,33,36
2024,16,2024_16_PIT_BAL,PIT,BAL,9,4,3,19,17,34
2024,16,2024_16_SF_MIA,SF,MIA,13,14,21,11,17,29
2024,16,2024_16_TB_DAL,TB,DAL,4,16,16,27,24,26
2024,16,2024_16_TEN_IND,TEN,IND,24,26,20,18,30,38
2024,17,2024_17_ARI_LA,ARI,LA,14,12,17,15,9,13
2024,17,2024_17_ATL_WAS,ATL,WAS,19,17,4,16,24,30
2024,17,2024_17_BAL_HOU,BAL,HOU,3,17,13,8,31,2
2024,17,2024_17_CAR_TB,CAR,TB,26,28,5,18,14,48
2024,17,2024_17_DAL_PHI,DAL,PHI,20,26,8,5,7,41
2024,17,2024_17_DEN_CIN,DEN,CIN,10,4,6,24,24,30
2024,17,2024_17_DET_SF,DET,SF,1,7,16,17,40,34
2024,17,2024_17_GB_MIN,GB,MIN,7,6,9,2,25,27
2024,17,2024_17_IND_NYG,IND,NYG,21,19,31,21,33,45
2024,17,2024_17_KC_PIT,KC,PIT,11,3,12,7,29,10
2024,17,2024_17_LAC_NE,LAC,NE,18,1,29,20,40,7
2024,17,2024_17_LV_NO,LV,NO,28,23,22,14,25,10
2024,17,2024_17_MIA_CLE,MIA,CLE,23,9,30,22,20,3
2024,17,2024_17_NYJ_BUF,NYJ,BUF,24,13,2,10,14,40
2024,17,2024_17_SEA_CHI,SEA,CHI,15,11,26,12,6,3
2024,17,2024_17_TEN_JAX,TEN,JAX,25,27,27,25,13,20
2024,18,2024_18_BUF_NE,BUF,NE,2,11,27,25,16,23
2024,18,2024_18_CAR_ATL,CAR,ATL,24,31,16,20,44,38
2024,18,2024_18_CHI_GB,CHI,GB,26,12,8,6,24,22
2024,18,2024_18_CIN_PIT,CIN,PIT,6,28,14,7,19,17
2024,18,2024_18_CLE_BAL,CLE,BAL,29,24,3,13,10,35
2024,18,2024_18_HOU_TEN,HOU,TEN,17,16,24,29,23,14
2024,18,2024_18_JAX_IND,JAX,IND,24,27,16,26,23,26
2024,18,2024_18_KC_DEN,KC,DEN,11,2,10,5,0,38
2024,18,2024_18_LAC_LV,LAC,LV,12,1,25,24,34,20
2024,18,2024_18_MIA_NYJ,MIA,NYJ,21,8,23,21,20,32
2024,18,2024_18_MIN_DET,MIN,DET,9,4,1,9,9,31
2024,18,2024_18_NO_TB,NO,TB,22,18,4,17,19,27
2024,18,2024_18_NYG_PHI,NYG,PHI,28,23,7,3,13,20
2024,18,2024_18_SEA_LA,SEA,LA,18,10,19,15,30,25
2024,18,2024_18_SF_ARI,SF,ARI,13,22,15,14,24,47
2024,18,2024_18_WAS_DAL,WAS,DAL,5,19,20,30,23,19
2025,1,2025_01_ARI_NO,ARI,NO,1,1,1,1,20,13
2025,1,2025_01_BAL_BUF,BAL,BUF,1,1,1,1,40,41
2025,1,2025_01_CAR_JAX,CAR,JAX,1,1,1,1,10,26
2025,1,2025_01_CIN_CLE,CIN,CLE,1,1,1,1,17,16
2025,1,2025_01_DAL_PHI,DAL,PHI,1,1,1,1,20,24
2025,1,2025_01_DET_GB,DET,GB,1,1,1,1,13,27
2025,1,2025_01_HOU_LA,HOU,LA,1,1,1,1,9,14
2025,1,2025_01_KC_LAC,KC,LAC,1,1,1,1,21,27
2025,1,2025_01_LV_NE,LV,NE,1,1,1,1,20,13
2025,1,2025_01_MIA_IND,MIA,IND,1,1,1,1,8,33
2025,1,2025_01_MIN_CHI,MIN,CHI,1,1,1,1,27,24
2025,1,2025_01_NYG_WAS,NYG,WAS,1,1,1,1,6,21
2025,1,2025_01_PIT_NYJ,PIT,NYJ,1,1,1,1,34,32
2025,1,2025_01_SF_SEA,SF,SEA,1,1,1,1,17,13
2025,1,2025_01_TB_ATL,TB,ATL,1,1,1,1,23,20
2025,1,2025_01_TEN_DEN,TEN,DEN,1,1,1,1,12,20
2025,2,2025_02_ATL_MIN,ATL,MIN,11,12,6,13,22,6
2025,2,2025_02_BUF_NYJ,BUF,NYJ,1,19,5,18,30,10
2025,2,2025_02_CAR_ARI,CAR,ARI,17,14,11,6,22,27
2025,2,2025_02_CHI_DET,CHI,DET,8,15,15,15,21,52
2025,2,2025_02_CLE_BAL,CLE,BAL,13,9,2,20,17,41
2025,2,2025_02_DEN_IND,DEN,IND,11,5,4,2,28,29
2025,2,2025_02_JAX_CIN,JAX,CIN,7,4,12,8,27,31
2025,2,2025_02_LAC_LV,LAC,LV,6,11,11,6,20,9
2025,2,2025_02_LA_TEN,LA,TEN,14,3,16,10,33,19
2025,2,2025_02_NE_MIA,NE,MIA,15,10,19,17,33,27
2025,2,2025_02_NYG_DAL,NYG,DAL,20,11,11,13,37,40
2025,2,2025_02_PHI_KC,PHI,KC,8,10,10,15,20,17
2025,2,2025_02_SEA_PIT,SEA,PIT,15,9,3,16,31,17
2025,2,2025_02_SF_NO,SF,NO,12,6,15,10,26,21
2025,2,2025_02_TB_HOU,TB,HOU,9,10,18,7,20,19
2025,2,2025_02_WAS_GB,WAS,GB,10,1,6,6,18,27
2025,3,2025_03_ARI_SF,ARI,SF,10,7,14,6,15,16
2025,3,2025_03_ATL_CAR,ATL,CAR,15,2,21,17,0,30
2025,3,2025_03_CIN_MIN,CIN,MIN,9,12,20,13,10,48
2025,3,2025_03_DAL_CHI,DAL,CHI,5,19,12,23,14,31
2025,3,2025_03_DEN_LAC,DEN,LAC,9,11,10,3,20,23
2025,3,2025_03_DET_BAL,DET,BAL,3,15,1,18,38,30
2025,3,2025_03_GB_CLE,GB,CLE,6,4,20,18,10,13
2025,3,2025_03_HOU_JAX,HOU,JAX,24,6,7,11,10,17
2025,3,2025_03_IND_TEN,IND,TEN,4,8,22,17,41,20
2025,3,2025_03_KC_NYG,KC,NYG,17,14,14,19,22,9
2025,3,2025_03_LA_PHI,LA,PHI,10,1,13,9,26,33
2025,3,2025_03_LV_WAS,LV,WAS,23,5,16,5,24,41
2025,3,2025_03_MIA_BUF,MIA,BUF,18,22,2,16,21,31
2025,3,2025_03_NO_SEA,NO,SEA,19,13,13,6,13,44
2025,3,2025_03_NYJ_TB,NYJ,TB,15,21,14,10,27,29
2025,3,2025_03_PIT_NE,PIT,NE,8,20,11,14,21,14
2025,4,2025_04_BAL_KC,BAL,KC,1,25,17,7,20,37
2025,4,2025_04_CAR_NE,CAR,NE,16,6,17,14,13,42
2025,4,2025_04_CHI_LV,CHI,LV,8,23,21,16,25,24
2025,4,2025_04_CIN_DEN,CIN,DEN,19,21,14,12,3,28
2025,4,2025_04_CLE_DET,CLE,DET,25,14,2,18,10,34
2025,4,2025_04_GB_DAL,GB,DAL,15,1,9,22,40,40
2025,4,2025_04_IND_LA,IND,LA,2,7,10,10,20,27
2025,4,2025_04_JAX_SF,JAX,SF,12,5,18,3,26,21
2025,4,2025_04_LAC_NYG,LAC,NYG,12,4,22,19,18,21
2025,4,2025_04_MIN_PIT,MIN,PIT,5,7,11,17,21,24
2025,4,2025_04_NO_BUF,NO,BUF,24,20,3,15,19,31
2025,4,2025_04_NYJ_MIA,NYJ,MIA,13,23,20,26,21,27
2025,4,2025_04_PHI_TB,PHI,TB,7,11,11,13,31,25
2025,4,2025_04_SEA_ARI,SEA,ARI,4,2,16,5,23,20
2025,4,2025_04_TEN_HOU,TEN,HOU,23,24,27,5,0,26
2025,4,2025_04_WAS_ATL,WAS,ATL,6,8,26,9,27,34
2025,5,2025_05_DAL_NYJ,DAL,NYJ,5,27,15,25,37,22
2025,5,2025_05_DEN_PHI,DEN,PHI,14,2,7,13,21,17
2025,5,2025_05_DET_CIN,DET,CIN,1,13,26,24,37,24
2025,5,2025_05_HOU_BAL,HOU,BAL,25,1,3,28,44,10
2025,5,2025_05_KC_JAX,KC,JAX,13,7,14,4,28,31
2025,5,2025_05_LV_IND,LV,IND,20,19,4,10,6,40
2025,5,2025_05_MIA_CAR,MIA,CAR,17,23,22,16,24,27
2025,5,2025_05_MIN_CLE,MIN,CLE,10,8,27,21,21,17
2025,5,2025_05_NE_BUF,NE,BUF,10,9,2,14,23,20
2025,5,2025_05_NYG_NO,NYG,NO,23,20,24,26,14,26
2025,5,2025_05_SF_LA,SF,LA,19,6,12,9,26,23
2025,5,2025_05_TB_SEA,TB,SEA,13,17,6,2,38,35
2025,5,2025_05_TEN_ARI,TEN,ARI,28,25,18,5,22,21
2025,5,2025_05_WAS_LAC,WAS,LAC,8,15,16,3,27,10
2025,6,2025_06_ARI_IND,ARI,IND,18,5,2,4,27,31
2025,6,2025_06_BUF_ATL,BUF,ATL,3,14,27,3,14,24
2025,6,2025_06_CHI_WAS,CHI,WAS,20,15,8,9,25,24
2025,6,2025_06_CIN_GB,CIN,GB,25,25,17,2,18,27
2025,6,2025_06_CLE_PIT,CLE,PIT,28,17,22,7,9,23
2025,6,2025_06_DAL_CAR,DAL,CAR,4,24,19,16,27,30
2025,6,2025_06_DEN_NYJ,DEN,NYJ,12,2,13,26,13,11
2025,6,2025_06_DET_KC,DET,KC,1,13,10,11,17,30
2025,6,2025_06_LAC_MIA,LAC,MIA,21,7,15,23,29,27
2025,6,2025_06_LA_BAL,LA,BAL,11,11,6,27,17,3
2025,6,2025_06_NE_NO,NE,NO,10,9,23,20,25,19
2025,6,2025_06_PHI_NYG,PHI,NYG,10,12,24,18,17,34
2025,6,2025_06_SEA_JAX,SEA,JAX,5,10,9,8,20,12
2025,6,2025_06_SF_TB,SF,TB,16,7,7,19,19,30
2025,6,2025_06_TEN_LV,TEN,LV,28,22,26,21,10,20
2025,7,2025_07_ATL_SF,ATL,SF,27,4,20,15,10,20
2025,7,2025_07_CAR_NYJ,CAR,NYJ,15,21,21,26,13,6
2025,7,2025_07_GB_ARI,GB,ARI,16,5,17,14,27,23
2025,7,2025_07_HOU_SEA,HOU,SEA,25,1,5,9,19,27
2025,7,2025_07_IND_LAC,IND,LAC,1,8,18,12,38,24
2025,7,2025_07_LA_JAX,LA,JAX,12,7,13,10,35,7
2025,7,2025_07_LV_KC,LV,KC,26,22,8,11,0,31
2025,7,2025_07_MIA_CLE,MIA,CLE,14,27,29,21,6,31
2025,7,2025_07_NE_TEN,NE,TEN,9,10,28,25,31,13
2025,7,2025_07_NO_CHI,NO,CHI,24,24,19,17,14,26
2025,7,2025_07_NYG_DEN,NYG,DEN,22,20,17,2,32,33
2025,7,2025_07_PHI_MIN,PHI,MIN,11,19,21,3,28,22
2025,7,2025_07_PIT_CIN,PIT,CIN,23,6,26,28,31,33
2025,7,2025_07_TB_DET,TB,DET,6,23,2,18,9,24
2025,7,2025_07_WAS_DAL,WAS,DAL,7,13,3,29,22,44
2025,8,2025_08_BUF_CAR,BUF,CAR,11,9,19,13,40,9
2025,8,2025_08_CHI_BAL,CHI,BAL,15,15,20,25,16,30
2025,8,2025_08_CLE_NE,CLE,NE,26,13,6,7,13,32
2025,8,2025_08_DAL_DEN,DAL,DEN,2,27,12,6,24,44
2025,8,2025_08_GB_PIT,GB,PIT,13,5,17,11,35,25
2025,8,2025_08_MIA_ATL,MIA,ATL,21,26,27,3,34,10
2025,8,2025_08_MIN_LAC,MIN,LAC,19,5,16,16,10,37
2025,8,2025_08_NYG_PHI,NYG,PHI,14,20,10,17,20,38
2025,8,2025_08_NYJ_CIN,NYJ,CIN,23,22,22,28,39,38
2025,8,2025_08_SF_HOU,SF,HOU,19,10,24,1,15,26
2025,8,2025_08_TB_NO,TB,NO,9,19,25,23,23,3
2025,8,2025_08_TEN_IND,TEN,IND,29,24,1,11,14,38
2025,8,2025_08_WAS_KC,WAS,KC,7,18,5,4,7,28
2025,9,2025_09_ARI_DAL,ARI,DAL,19,8,2,25,27,17
2025,9,2025_09_ATL_NE,ATL,NE,23,8,5,5,23,24
2025,9,2025_09_BAL_MIA,BAL,MIA,13,21,13,22,28,6
2025,9,2025_09_CAR_GB,CAR,GB,18,18,9,6,16,13
2025,9,2025_09_CHI_CIN,CHI,CIN,15,17,13,26,47,42
2025,9,2025_09_DEN_HOU,DEN,HOU,7,7,19,1,18,15
2025,9,2025_09_IND_PIT,IND,PIT,1,8,12,13,20,27
2025,9,2025_09_JAX_LV,JAX,LV,20,9,25,15,30,29
2025,9,2025_09_KC_BUF,KC,BUF,4,3,7,5,21,28
2025,9,2025_09_LAC_TEN,LAC,TEN,10,12,24,24,27,20
2025,9,2025_09_MIN_DET,MIN,DET,17,10,3,7,27,24
2025,9,2025_09_NO_LA,NO,LA,21,20,12,2,10,34
2025,9,2025_09_SEA_WAS,SEA,WAS,9,4,11,19,38,14
2025,9,2025_09_SF_NYG,SF,NYG,16,11,14,22,34,24
2025,10,2025_10_ARI_SEA,ARI,SEA,18,8,6,3,22,44
2025,10,2025_10_ATL_IND,ATL,IND,22,9,1,10,25,31
2025,10,2025_10_BAL_MIN,BAL,MIN,13,19,17,13,27,19
2025,10,2025_10_BUF_MIA,BUF,MIA,5,6,18,23,13,30
2025,10,2025_10_CLE_NYJ,CLE,NYJ,26,11,21,20,20,27
2025,10,2025_10_DET_WAS,DET,WAS,3,9,14,22,44,22
2025,10,2025_10_JAX_HOU,JAX,HOU,19,11,21,1,29,36
2025,10,2025_10_LA_SF,LA,SF,10,2,16,14,42,26
2025,10,2025_10_LV_DEN,LV,DEN,24,18,7,5,7,10
2025,10,2025_10_NE_TB,NE,TB,4,7,15,9,28,23
2025,10,2025_10_NO_CAR,NO,CAR,23,23,20,17,17,7
2025,10,2025_10_NYG_CHI,NYG,CHI,15,24,9,21,20,24
2025,10,2025_10_PHI_GB,PHI,GB,11,12,12,5,10,7
2025,10,2025_10_PIT_LAC,PIT,LAC,13,16,9,15,10,25
2025,11,2025_11_BAL_CLE,BAL,CLE,11,19,28,13,23,16
2025,11,2025_11_CAR_ATL,CAR,ATL,25,17,26,12,30,27
2025,11,2025_11_CHI_MIN,CHI,MIN,9,21,23,14,19,17
2025,11,2025_11_CIN_PIT,CIN,PIT,16,28,18,16,12,34
2025,11,2025_11_DAL_LV,DAL,LV,5,26,29,16,33,16
2025,11,2025_11_DET_PHI,DET,PHI,2,9,14,7,9,16
2025,11,2025_11_GB_NYG,GB,NYG,17,6,15,25,27,20
2025,11,2025_11_HOU_TEN,HOU,TEN,21,1,30,24,16,13
2025,11,2025_11_KC_DEN,KC,DEN,10,3,10,5,19,22
2025,11,2025_11_LAC_JAX,LAC,JAX,8,10,20,16,6,35
2025,11,2025_11_NYJ_NE,NYJ,NE,24,20,4,7,14,27
2025,11,2025_11_SEA_LA,SEA,LA,3,4,6,2,19,21
2025,11,2025_11_SF_ARI,SF,ARI,13,18,22,15,41,22
2025,11,2025_11_TB_BUF,TB,BUF,13,11,7,8,32,44
2025,11,2025_11_WAS_MIA,WAS,MIA,12,27,19,23,13,16
2025,12,2025_12_ATL_NO,ATL,NO,23,15,25,17,24,10
2025,12,2025_12_BUF_HOU,BUF,HOU,4,11,19,1,19,23
2025,12,2025_12_CAR_SF,CAR,SF,22,16,6,19,9,20
2025,12,2025_12_CLE_LV,CLE,LV,24,13,25,20,24,10
2025,12,2025_12_IND_KC,IND,KC,1,8,9,3,20,23
2025,12,2025_12_JAX_ARI,JAX,ARI,12,10,18,21,27,24
2025,12,2025_12_MIN_GB,MIN,GB,20,12,12,6,6,23
2025,12,2025_12_NE_CIN,NE,CIN,4,8,16,29,26,20
2025,12,2025_12_NYG_DET,NYG,DET,13,28,4,9,27,34
2025,12,2025_12_NYJ_BAL,NYJ,BAL,21,23,10,18,10,23
2025,12,2025_12_PHI_DAL,PHI,DAL,15,7,2,26,21,24
2025,12,2025_12_PIT_CHI,PIT,CHI,11,12,7,22,28,31
2025,12,2025_12_SEA_TEN,SEA,TEN,3,5,26,25,30,24
2025,12,2025_12_TB_LA,TB,LA,10,17,5,2,7,34
2025,13,2025_13_ARI_TB,ARI,TB,19,22,16,23,17,20
2025,13,2025_13_ATL_NYJ,ATL,NYJ,25,13,25,24,24,27
2025,13,2025_13_BUF_PIT,BUF,PIT,6,15,12,18,26,7
2025,13,2025_13_CHI_PHI,CHI,PHI,8,25,18,7,24,15
2025,13,2025_13_CIN_BAL,CIN,BAL,19,30,11,17,32,14
2025,13,2025_13_DEN_WAS,DEN,WAS,17,3,22,26,27,26
2025,13,2025_13_GB_DET,GB,DET,15,5,2,11,31,24
2025,13,2025_13_HOU_IND,HOU,IND,21,2,1,9,20,16
2025,13,2025_13_JAX_TEN,JAX,TEN,13,14,28,27,25,3
2025,13,2025_13_KC_DAL,KC,DAL,10,4,4,28,28,31
2025,13,2025_13_LA_CAR,LA,CAR,7,1,26,19,28,31
2025,13,2025_13_LV_LAC,LV,LAC,29,21,20,10,14,31
2025,13,2025_13_MIN_SEA,MIN,SEA,24,16,3,6,0,26
2025,13,2025_13_NO_MIA,NO,MIA,29,20,23,19,17,21
2025,13,2025_13_NYG_NE,NYG,NE,14,29,5,8,15,33
2025,13,2025_13_SF_CLE,SF,CLE,9,17,27,12,26,8
2025,14,2025_14_CHI_GB,CHI,GB,6,24,9,5,21,28
2025,14,2025_14_CIN_BUF,CIN,BUF,14,31,4,11,34,39
2025,14,2025_14_DAL_DET,DAL,DET,2,29,3,14,30,44
2025,14,2025_14_DEN_LV,DEN,LV,12,4,27,25,24,17
2025,14,2025_14_HOU_KC,HOU,KC,19,1,8,6,20,10
2025,14,2025_14_IND_JAX,IND,JAX,1,8,10,10,19,36
2025,14,2025_14_LA_ARI,LA,ARI,5,2,18,23,45,17
2025,14,2025_14_MIA_NYJ,MIA,NYJ,21,17,22,26,34,10
2025,14,2025_14_NO_TB,NO,TB,26,20,15,22,24,20
2025,14,2025_14_PHI_LAC,PHI,LAC,17,8,16,9,19,22
2025,14,2025_14_PIT_BAL,PIT,BAL,13,18,11,19,27,22
2025,14,2025_14_SEA_ATL,SEA,ATL,3,3,23,15,37,9
2025,14,2025_14_TEN_CLE,TEN,CLE,28,28,25,13,31,29
2025,14,2025_14_WAS_MIN,WAS,MIN,20,27,24,16,0,31
2025,15,2025_15_ARI_HOU,ARI,HOU,18,25,17,1,20,40
2025,15,2025_15_ATL_TB,ATL,TB,24,19,15,22,29,28
2025,15,2025_15_BAL_CIN,BAL,CIN,12,21,11,31,24,0
2025,15,2025_15_BUF_NE,BUF,NE,5,13,6,5,35,31
2025,15,2025_15_CAR_NO,CAR,NO,25,15,27,20,17,20
2025,15,2025_15_CLE_CHI,CLE,CHI,26,16,7,24,3,31
2025,15,2025_15_DET_LA,DET,LA,1,17,4,3,34,41
2025,15,2025_15_GB_DEN,GB,DEN,9,6,13,4,26,34
2025,15,2025_15_IND_SEA,IND,SEA,5,12,2,2,16,18
2025,15,2025_15_LAC_KC,LAC,KC,15,9,10,7,16,13
2025,15,2025_15_LV_PHI,LV,PHI,29,23,16,9,0,31
2025,15,2025_15_MIA_PIT,MIA,PIT,19,14,13,18,15,28
2025,15,2025_15_MIN_DAL,MIN,DAL,23,11,3,30,34,26
2025,15,2025_15_NYJ_JAX,NYJ,JAX,22,26,8,10,20,48
2025,15,2025_15_TEN_SF,TEN,SF,28,28,14,8,24,37
2025,15,2025_15_WAS_NYG,WAS,NYG,21,27,20,29,29,21
2025,16,2025_16_ATL_ARI,ATL,ARI,26,19,21,24,26,19
2025,16,2025_16_BUF_CLE,BUF,CLE,3,15,29,17,23,20
2025,16,2025_16_CIN_MIA,CIN,MIA,20,29,23,15,45,21
2025,16,2025_16_GB_CHI,GB,CHI,10,7,9,18,16,22
2025,16,2025_16_JAX_DEN,JAX,DEN,8,9,12,3,34,20
2025,16,2025_16_KC_TEN,KC,TEN,15,4,30,25,9,26
2025,16,2025_16_LAC_DAL,LAC,DAL,19,8,4,28,34,17
2025,16,2025_16_LA_SEA,LA,SEA,2,3,5,2,37,38
2025,16,2025_16_LV_HOU,LV,HOU,31,22,17,1,21,23
2025,16,2025_16_MIN_NYG,MIN,NYG,25,12,22,26,16,13
2025,16,2025_16_NE_BAL,NE,BAL,7,6,14,14,28,24
2025,16,2025_16_NYJ_NO,NYJ,NO,27,27,29,17,6,29
2025,16,2025_16_PHI_WAS,PHI,WAS,18,5,24,23,29,18
2025,16,2025_16_PIT_DET,PIT,DET,13,16,1,20,29,24
2025,16,2025_16_SF_IND,SF,IND,11,10,6,11,48,27
2025,16,2025_16_TB_CAR,TB,CAR,16,21,28,13,20,23
2025,17,2025_17_ARI_CIN,ARI,CIN,18,28,13,31,14,37
2025,17,2025_17_BAL_GB,BAL,GB,13,15,11,9,41,24
2025,17,2025_17_CHI_SF,CHI,SF,9,18,8,11,38,42
2025,17,2025_17_DAL_WAS,DAL,WAS,5,30,21,26,30,23
2025,17,2025_17_DEN_KC,DEN,KC,12,5,17,4,20,13
2025,17,2025_17_DET_MIN,DET,MIN,2,22,23,11,10,23
2025,17,2025_17_HOU_LAC,HOU,LAC,16,1,14,8,20,16
2025,17,2025_17_JAX_IND,JAX,IND,7,10,6,17,23,17
2025,17,2025_17_LA_ATL,LA,ATL,1,6,22,20,24,27
2025,17,2025_17_NE_NYJ,NE,NYJ,7,7,25,29,42,10
2025,17,2025_17_NO_TEN,NO,TEN,26,13,27,25,34,26
2025,17,2025_17_NYG_LV,NYG,LV,20,27,29,24,34,10
2025,17,2025_17_PHI_BUF,PHI,BUF,14,3,4,14,13,12
2025,17,2025_17_PIT_CLE,PIT,CLE,10,16,28,19,6,13
2025,17,2025_17_SEA_CAR,SEA,CAR,3,2,24,12,27,10
2025,17,2025_17_TB_MIA,TB,MIA,15,23,19,21,17,20
2025,18,2025_18_ARI_LA,ARI,LA,23,27,1,8,20,37
2025,18,2025_18_BAL_PIT,BAL,PIT,11,17,15,15,24,26
2025,18,2025_18_CAR_TB,CAR,TB,27,16,18,22,14,16
2025,18,2025_18_CLE_CIN,CLE,CIN,31,14,12,29,20,18
2025,18,2025_18_DAL_NYG,DAL,NYG,4,30,21,24,17,34
2025,18,2025_18_DET_CHI,DET,CHI,3,22,10,21,19,16
2025,18,2025_18_GB_MIN,GB,MIN,13,11,26,10,3,16
2025,18,2025_18_IND_HOU,IND,HOU,7,18,16,1,30,38
2025,18,2025_18_KC_LV,KC,LV,20,6,32,23,12,14
2025,18,2025_18_LAC_DEN,LAC,DEN,17,7,14,4,3,19
2025,18,2025_18_MIA_NE,MIA,NE,22,20,5,5,10,38
2025,18,2025_18_NO_ATL,NO,ATL,29,16,24,19,17,19
2025,18,2025_18_NYJ_BUF,NYJ,BUF,28,28,6,12,8,35
2025,18,2025_18_SEA_SF,SEA,SF,2,2,8,13,13,3
2025,18,2025_18_TEN_JAX,TEN,JAX,30,26,9,9,7,41
2025,18,2025_18_WAS_PHI,WAS,PHI,25,25,19,3,24,17
